Order_ID,Order_Date,Ship_Date,Delivery_Date,Promised_Date,Region,City,SKU,Channel,Warehouse,Supplier,Shipment_Mode,Quantity_Cases,Unit_Price_INR,COGS_Per_Unit,Revenue_INR,COGS_INR,Gross_Margin_Pct,Freight_Cost_INR,Lead_Time_Days,OTIF,Shipment_Status,Seasonal_Factor
ORD-00001,2023-04-15,2023-04-16,2023-04-18,2023-04-20,North India,Delhi,Strong_Beer_500ml,On-Premise (Bar/Restaurant),WH-MUM-01,PackRight Solutions,Road (Truck),516,167,71.81,86172,37053.96,57.0,616.89,2,Yes,Delivered On Time,1.57
ORD-00002,2023-10-12,2023-10-14,2023-10-17,2023-10-17,North India,Amritsar,Wheat_330ml,E-Commerce,WH-MUM-01,GrainSource Ltd,Road (Truck),85,164,62.32,13940,5297.2,62.0,90.47,3,Yes,Delivered On Time,1.62
ORD-00003,2024-09-10,2024-09-11,2024-09-15,2024-09-17,North India,Delhi,IPA_330ml,Modern Trade,WH-BLR-01,GrainSource Ltd,Rail Freight,70,173,69.2,12110,4844.0,60.0,65.38,4,Yes,Delivered On Time,0.98
ORD-00004,2023-08-22,2023-08-23,2023-08-26,2023-08-28,Central India,Raipur,Premium_Lager_330ml,General Trade,WH-DEL-01,GrainSource Ltd,Road (Truck),71,217,97.65,15407,6933.15,55.0,133.53,3,Yes,Delivered On Time,0.79
ORD-00005,2024-11-30,2024-12-01,2024-12-04,2024-12-05,South India,Hyderabad,Stout_650ml,General Trade,WH-BLR-01,PackRight Solutions,Road (Mini-Truck),563,230,115.0,129490,64745.0,50.0,813.58,3,Yes,Delivered On Time,1.56
ORD-00006,2023-11-20,2023-11-22,2023-11-28,2023-11-28,South India,Hyderabad,Light_Beer_330ml,Modern Trade,WH-MUM-01,AquaPure Beverages,Rail Freight,121,136,48.96,16456,5924.16,64.0,140.54,6,Yes,Delivered On Time,1.46
ORD-00007,2024-07-28,2024-07-29,2024-08-01,2024-08-02,West India,Surat,Wheat_330ml,On-Premise (Bar/Restaurant),WH-MUM-01,HopCo Supplies,Road (Truck),315,158,60.04,49770,18912.6,62.0,786.07,3,Yes,Delivered On Time,0.73
ORD-00008,2023-06-13,2023-06-14,2023-06-18,2023-06-19,Central India,Jabalpur,Lager_500ml,Modern Trade,WH-DEL-01,PackRight Solutions,Road (Truck),303,189,79.38,57267,24052.14,58.0,514.95,4,No,Delivered On Time,1.14
ORD-00009,2024-03-21,2024-03-22,2024-03-25,2024-03-26,North India,Delhi,Strong_Beer_500ml,On-Premise (Bar/Restaurant),WH-BLR-01,PackRight Solutions,Road (Truck),69,195,83.85,13455,5785.65,57.0,144.58,3,No,Delivered On Time,1.36
ORD-00010,2023-06-15,2023-06-16,2023-06-18,2023-06-20,North India,Chandigarh,Light_Beer_330ml,General Trade,WH-MUM-01,GrainSource Ltd,Road (Truck),474,159,57.24,75366,27131.76,64.0,394.89,2,Yes,Delivered On Time,1.06
ORD-00011,2023-03-29,2023-04-01,2023-04-08,2023-04-07,East India,Bhubaneswar,Lager_500ml,General Trade,WH-HYD-01,HopCo Supplies,Rail Freight,742,172,72.24,127624,53602.08,58.0,1787.95,7,No,Delivered Late,1.59
ORD-00012,2024-12-07,2024-12-10,2024-12-17,2024-12-16,East India,Ranchi,Light_Beer_330ml,E-Commerce,WH-MUM-01,HopCo Supplies,Rail Freight,288,142,51.12,40896,14722.56,64.0,289.64,7,No,Delivered Late,1.38
ORD-00013,2023-03-14,2023-03-15,2023-03-17,2023-03-19,North India,Chandigarh,Lager_500ml,General Trade,WH-HYD-01,GrainSource Ltd,Road (Truck),126,177,74.34,22302,9366.84,58.0,210.93,2,Yes,Delivered On Time,1.58
ORD-00014,2023-09-06,2023-09-07,2023-09-08,2023-09-10,West India,Pune,Premium_Lager_330ml,General Trade,WH-HYD-01,AquaPure Beverages,Road (Mini-Truck),527,203,91.35,106981,48141.45,55.0,801.08,1,Yes,Delivered On Time,1.14
ORD-00015,2023-04-22,2023-04-23,2023-04-28,2023-04-29,North India,Delhi,Lager_500ml,E-Commerce,WH-BLR-01,BrewMalt India,Rail Freight,205,187,78.54,38335,16100.7,58.0,251.06,5,Yes,Delivered On Time,1.4
ORD-00016,2023-04-06,2023-04-07,2023-04-12,2023-04-13,West India,Nagpur,Lager_500ml,Modern Trade,WH-HYD-01,BrewMalt India,Rail Freight,808,177,74.34,143016,60066.72,58.0,1197.27,5,Yes,Delivered On Time,1.67
ORD-00017,2024-04-10,2024-04-11,2024-04-18,2024-04-18,South India,Kochi,Lager_500ml,E-Commerce,WH-BLR-01,HopCo Supplies,Rail Freight,572,200,84.0,114400,48048.0,58.0,930.84,7,Yes,Delivered On Time,1.41
ORD-00018,2024-08-21,2024-08-22,2024-08-29,2024-08-28,East India,Bhubaneswar,Lager_500ml,Modern Trade,WH-BLR-01,HopCo Supplies,Road (Truck),349,186,78.12,64914,27263.88,58.0,632.23,7,No,Delivered Late,0.72
ORD-00019,2024-09-26,2024-09-27,2024-09-29,2024-09-30,West India,Mumbai,Premium_Lager_330ml,General Trade,WH-HYD-01,GrainSource Ltd,Road (Mini-Truck),355,208,93.6,73840,33228.0,55.0,688.18,2,Yes,Delivered On Time,0.92
ORD-00020,2023-03-16,2023-03-19,2023-03-22,2023-03-22,South India,Hyderabad,IPA_330ml,General Trade,WH-BLR-01,GrainSource Ltd,Road (Truck),478,168,67.2,80304,32121.6,60.0,597.9,3,Yes,Delivered On Time,1.3
ORD-00021,2024-07-10,2024-07-11,2024-07-13,2024-07-15,North India,Lucknow,Stout_650ml,On-Premise (Bar/Restaurant),WH-MUM-01,BrewMalt India,Road (Truck),283,235,117.5,66505,33252.5,50.0,370.43,2,Yes,Delivered On Time,0.78
ORD-00022,2023-10-16,2023-10-17,2023-10-21,2023-10-22,South India,Hyderabad,Lager_500ml,Modern Trade,WH-HYD-01,BrewMalt India,Road (Truck),642,180,75.6,115560,48535.2,58.0,1046.78,4,Yes,Delivered On Time,1.54
ORD-00023,2023-05-14,2023-05-15,2023-05-18,2023-05-19,North India,Jaipur,Light_Beer_330ml,On-Premise (Bar/Restaurant),WH-DEL-01,BrewMalt India,Road (Truck),200,135,48.6,27000,9720.0,64.0,163.29,3,Yes,Delivered On Time,1.09
ORD-00024,2024-03-16,2024-03-18,2024-03-22,2024-03-21,South India,Mysuru,Lager_500ml,On-Premise (Bar/Restaurant),WH-HYD-01,HopCo Supplies,Road (Mini-Truck),279,181,76.02,50499,21209.58,58.0,322.84,4,No,In Transit,1.35
ORD-00025,2023-08-31,2023-09-01,2023-09-03,2023-09-04,North India,Chandigarh,Light_Beer_330ml,E-Commerce,WH-HYD-01,AquaPure Beverages,Road (Mini-Truck),376,155,55.8,58280,20980.8,64.0,891.73,2,Yes,Delivered On Time,0.82
ORD-00026,2024-04-26,2024-04-27,2024-05-03,2024-05-04,South India,Hyderabad,Wheat_330ml,Modern Trade,WH-KOL-01,BrewMalt India,Rail Freight,650,169,64.22,109850,41743.0,62.0,771.49,6,Yes,Delivered On Time,1.39
ORD-00027,2023-10-13,2023-10-14,2023-10-17,2023-10-17,South India,Kochi,Stout_650ml,On-Premise (Bar/Restaurant),WH-DEL-01,GrainSource Ltd,Air Freight,446,222,111.0,99012,49506.0,50.0,377.73,3,Yes,Delivered On Time,1.44
ORD-00028,2023-12-20,2023-12-21,2023-12-24,2023-12-25,South India,Mysuru,Stout_650ml,Modern Trade,WH-DEL-01,GrainSource Ltd,Road (Mini-Truck),333,223,111.5,74259,37129.5,50.0,592.81,3,Yes,Delivered On Time,1.59
ORD-00029,2024-11-11,2024-11-12,2024-11-14,2024-11-16,North India,Jaipur,Lager_500ml,General Trade,WH-BLR-01,AquaPure Beverages,Road (Truck),616,180,75.6,110880,46569.6,58.0,1023.86,2,Yes,Delivered On Time,1.67
ORD-00030,2024-03-06,2024-03-07,2024-03-11,2024-03-13,East India,Guwahati,Strong_Beer_500ml,On-Premise (Bar/Restaurant),WH-HYD-01,BrewMalt India,Road (Truck),383,186,79.98,71238,30632.34,57.0,570.8,4,Yes,Delivered On Time,1.57
ORD-00031,2023-11-26,2023-11-27,2023-12-01,2023-12-02,East India,Patna,Wheat_330ml,E-Commerce,WH-HYD-01,HopCo Supplies,Road (Mini-Truck),411,161,61.18,66171,25144.98,62.0,884.98,4,Yes,Delivered On Time,1.49
ORD-00032,2023-08-29,2023-08-30,2023-09-03,2023-09-05,North India,Chandigarh,Premium_Lager_330ml,On-Premise (Bar/Restaurant),WH-DEL-01,BrewMalt India,Rail Freight,127,215,96.75,27305,12287.25,55.0,204.18,4,Yes,Delivered On Time,0.77
ORD-00033,2023-09-07,2023-09-09,2023-09-13,2023-09-12,West India,Surat,Strong_Beer_500ml,General Trade,WH-KOL-01,PackRight Solutions,Road (Truck),377,165,70.95,62205,26748.15,57.0,441.86,4,No,Delivered Late,0.94
ORD-00034,2024-04-20,2024-04-21,2024-04-25,2024-04-25,West India,Mumbai,Premium_Lager_330ml,General Trade,WH-DEL-01,PackRight Solutions,Road (Truck),527,209,94.05,110143,49564.35,55.0,1151.76,4,Yes,Delivered On Time,1.57
ORD-00035,2023-09-11,2023-09-12,2023-09-15,2023-09-16,West India,Nagpur,IPA_330ml,General Trade,WH-KOL-01,GrainSource Ltd,Road (Truck),219,174,69.6,38106,15242.4,60.0,338.96,3,Yes,Delivered On Time,1.15
ORD-00036,2023-06-04,2023-06-05,2023-06-08,2023-06-10,South India,Hyderabad,Stout_650ml,On-Premise (Bar/Restaurant),WH-HYD-01,AquaPure Beverages,Road (Truck),392,214,107.0,83888,41944.0,50.0,675.2,3,Yes,Delivered On Time,0.97
ORD-00037,2024-08-21,2024-08-23,2024-08-28,2024-08-28,North India,Lucknow,Light_Beer_330ml,E-Commerce,WH-KOL-01,GrainSource Ltd,Rail Freight,50,157,56.52,7850,2826.0,64.0,120.13,5,Yes,Delivered On Time,0.84
ORD-00038,2024-03-22,2024-03-23,2024-03-27,2024-03-27,West India,Surat,Premium_Lager_330ml,General Trade,WH-KOL-01,HopCo Supplies,Road (Truck),371,200,90.0,74200,33390.0,55.0,826.91,4,Yes,Delivered On Time,1.49
ORD-00039,2023-01-28,2023-01-30,2023-02-01,2023-02-02,Central India,Gwalior,Lager_500ml,E-Commerce,WH-HYD-01,AquaPure Beverages,Road (Mini-Truck),250,174,73.08,43500,18270.0,58.0,339.12,2,Yes,Delivered On Time,0.93
ORD-00040,2024-03-07,2024-03-08,2024-03-12,2024-03-13,East India,Patna,Light_Beer_330ml,E-Commerce,WH-BLR-01,BrewMalt India,Road (Mini-Truck),127,145,52.2,18415,6629.4,64.0,177.16,4,No,Delivered On Time,1.4
ORD-00041,2023-09-02,2023-09-03,2023-09-05,2023-09-06,North India,Delhi,Wheat_330ml,General Trade,WH-DEL-01,HopCo Supplies,Road (Mini-Truck),368,143,54.34,52624,19997.12,62.0,774.17,2,Yes,Delivered On Time,0.94
ORD-00042,2023-04-21,2023-04-22,2023-04-26,2023-04-25,Central India,Gwalior,Strong_Beer_500ml,Modern Trade,WH-MUM-01,HopCo Supplies,Air Freight,319,183,78.69,58377,25102.11,57.0,296.41,4,No,Delivered Late,1.53
ORD-00043,2023-12-22,2023-12-23,2023-12-25,2023-12-26,North India,Chandigarh,Light_Beer_330ml,Modern Trade,WH-HYD-01,AquaPure Beverages,Road (Mini-Truck),585,141,50.76,82485,29694.6,64.0,885.75,2,Yes,Delivered On Time,1.51
ORD-00044,2024-06-18,2024-06-20,2024-06-23,2024-06-23,North India,Jaipur,Stout_650ml,E-Commerce,WH-MUM-01,PackRight Solutions,Road (Truck),223,229,114.5,51067,25533.5,50.0,343.53,3,Yes,Delivered On Time,1.19
ORD-00045,2024-04-06,2024-04-07,2024-04-12,2024-04-13,East India,Patna,Light_Beer_330ml,General Trade,WH-DEL-01,HopCo Supplies,Road (Truck),401,148,53.28,59348,21365.28,64.0,900.89,5,Yes,Delivered On Time,1.4
ORD-00046,2024-09-02,2024-09-03,2024-09-07,2024-09-07,West India,Pune,Stout_650ml,On-Premise (Bar/Restaurant),WH-BLR-01,AquaPure Beverages,Road (Truck),212,227,113.5,48124,24062.0,50.0,429.11,4,Yes,Delivered On Time,1.11
ORD-00047,2023-01-18,2023-01-19,2023-01-23,2023-01-24,Central India,Indore,Strong_Beer_500ml,E-Commerce,WH-KOL-01,PackRight Solutions,Road (Truck),151,177,76.11,26727,11492.61,57.0,242.29,4,Yes,Delivered On Time,0.93
ORD-00048,2023-10-05,2023-10-06,2023-10-10,2023-10-11,East India,Guwahati,Strong_Beer_500ml,On-Premise (Bar/Restaurant),WH-BLR-01,HopCo Supplies,Road (Mini-Truck),238,168,72.24,39984,17193.12,57.0,575.13,4,Yes,Delivered On Time,1.42
ORD-00049,2024-06-21,2024-06-22,2024-06-25,2024-06-26,South India,Chennai,Strong_Beer_500ml,E-Commerce,WH-BLR-01,PackRight Solutions,Road (Mini-Truck),109,191,82.13,20819,8952.17,57.0,89.82,3,Yes,Delivered On Time,1.08
ORD-00050,2023-05-10,2023-05-11,2023-05-14,2023-05-16,South India,Hyderabad,Lager_500ml,Modern Trade,WH-HYD-01,GrainSource Ltd,Road (Truck),474,185,77.7,87690,36829.8,58.0,764.95,3,Yes,Delivered On Time,1.09
ORD-00051,2024-02-15,2024-02-16,2024-02-21,2024-02-23,South India,Bengaluru,Stout_650ml,E-Commerce,WH-DEL-01,BrewMalt India,Rail Freight,362,230,115.0,83260,41630.0,50.0,873.69,5,Yes,Delivered On Time,1.05
ORD-00052,2024-09-25,2024-09-26,2024-09-29,2024-09-30,South India,Bengaluru,Premium_Lager_330ml,E-Commerce,WH-HYD-01,GrainSource Ltd,Road (Mini-Truck),307,202,90.9,62014,27906.3,55.0,762.3,3,Yes,Delivered On Time,0.97
ORD-00053,2023-09-28,2023-09-29,2023-10-01,2023-10-03,Central India,Gwalior,Lager_500ml,Modern Trade,WH-MUM-01,PackRight Solutions,Road (Mini-Truck),143,177,74.34,25311,10630.62,58.0,223.92,2,Yes,Delivered On Time,1.1
ORD-00054,2024-12-20,2024-12-21,2024-12-23,2024-12-24,West India,Ahmedabad,Lager_500ml,General Trade,WH-BLR-01,HopCo Supplies,Road (Mini-Truck),141,191,80.22,26931,11311.02,58.0,254.17,2,Yes,Delivered On Time,1.64
ORD-00055,2023-05-26,2023-05-27,2023-06-01,2023-06-02,West India,Mumbai,Premium_Lager_330ml,General Trade,WH-MUM-01,BrewMalt India,Rail Freight,123,215,96.75,26445,11900.25,55.0,158.75,5,Yes,Delivered On Time,0.92
ORD-00056,2024-05-20,2024-05-22,2024-05-25,2024-05-25,West India,Ahmedabad,Strong_Beer_500ml,E-Commerce,WH-BLR-01,HopCo Supplies,Road (Truck),366,166,71.38,60756,26125.08,57.0,308.89,3,Yes,Delivered On Time,1.03
ORD-00057,2023-06-29,2023-07-01,2023-07-04,2023-07-05,Central India,Gwalior,Lager_500ml,On-Premise (Bar/Restaurant),WH-HYD-01,AquaPure Beverages,Road (Truck),398,184,77.28,73232,30757.44,58.0,747.9,3,Yes,Delivered On Time,1.04
ORD-00058,2023-04-18,2023-04-19,2023-04-22,2023-04-23,North India,Jaipur,Stout_650ml,E-Commerce,WH-BLR-01,PackRight Solutions,Road (Truck),357,223,111.5,79611,39805.5,50.0,779.35,3,Yes,Delivered On Time,1.64
ORD-00059,2024-02-18,2024-02-19,2024-02-22,2024-02-23,North India,Jaipur,Lager_500ml,On-Premise (Bar/Restaurant),WH-BLR-01,GrainSource Ltd,Road (Truck),547,170,71.4,92990,39055.8,58.0,612.03,3,Yes,Delivered On Time,1.16
ORD-00060,2024-07-16,2024-07-18,2024-07-22,2024-07-22,Central India,Jabalpur,Strong_Beer_500ml,E-Commerce,WH-DEL-01,HopCo Supplies,Road (Truck),124,179,76.97,22196,9544.28,57.0,232.01,4,Yes,Delivered On Time,0.63
ORD-00061,2023-08-19,2023-08-21,2023-08-25,2023-08-25,South India,Hyderabad,Premium_Lager_330ml,Modern Trade,WH-HYD-01,GrainSource Ltd,Road (Truck),91,204,91.8,18564,8353.8,55.0,217.08,4,Yes,Delivered On Time,0.85
ORD-00062,2024-07-18,2024-07-19,2024-07-23,2024-07-24,Central India,Raipur,IPA_330ml,E-Commerce,WH-KOL-01,AquaPure Beverages,Road (Truck),94,179,71.6,16826,6730.4,60.0,86.36,4,Yes,Delivered On Time,0.64
ORD-00063,2024-08-24,2024-08-26,2024-08-30,2024-08-30,East India,Ranchi,Stout_650ml,Modern Trade,WH-BLR-01,PackRight Solutions,Road (Mini-Truck),286,225,112.5,64350,32175.0,50.0,390.43,4,Yes,Delivered On Time,0.74
ORD-00064,2023-08-28,2023-08-29,2023-08-31,2023-09-01,West India,Surat,Stout_650ml,General Trade,WH-MUM-01,HopCo Supplies,Road (Mini-Truck),210,211,105.5,44310,22155.0,50.0,304.1,2,Yes,Delivered On Time,0.81
ORD-00065,2024-03-26,2024-03-27,2024-04-01,2024-04-02,West India,Mumbai,Wheat_330ml,On-Premise (Bar/Restaurant),WH-DEL-01,AquaPure Beverages,Rail Freight,379,140,53.2,53060,20162.8,62.0,402.65,5,Yes,Delivered On Time,1.34
ORD-00066,2024-11-21,2024-11-22,2024-11-29,2024-11-30,East India,Patna,Premium_Lager_330ml,E-Commerce,WH-DEL-01,BrewMalt India,Rail Freight,400,220,99.0,88000,39600.0,55.0,913.22,7,Yes,Delivered On Time,1.64
ORD-00067,2024-03-20,2024-03-21,2024-03-23,2024-03-25,Central India,Bhopal,Wheat_330ml,On-Premise (Bar/Restaurant),WH-MUM-01,BrewMalt India,Road (Mini-Truck),741,160,60.8,118560,45052.8,62.0,970.04,2,Yes,Delivered On Time,1.69
ORD-00068,2024-03-17,2024-03-18,2024-03-22,2024-03-22,North India,Chandigarh,Light_Beer_330ml,Modern Trade,WH-BLR-01,AquaPure Beverages,Road (Truck),436,143,51.48,62348,22445.28,64.0,407.33,4,Yes,Delivered On Time,1.36
ORD-00069,2023-09-18,2023-09-20,2023-09-24,2023-09-24,Central India,Indore,IPA_330ml,General Trade,WH-MUM-01,BrewMalt India,Road (Truck),406,150,60.0,60900,24360.0,60.0,702.06,4,Yes,Delivered On Time,1.04
ORD-00070,2024-04-12,2024-04-14,2024-04-15,2024-04-16,West India,Ahmedabad,Premium_Lager_330ml,On-Premise (Bar/Restaurant),WH-KOL-01,GrainSource Ltd,Road (Mini-Truck),247,202,90.9,49894,22452.3,55.0,348.33,1,Yes,Delivered On Time,1.64
ORD-00071,2024-12-03,2024-12-04,2024-12-09,2024-12-10,East India,Kolkata,Light_Beer_330ml,E-Commerce,WH-BLR-01,HopCo Supplies,Road (Truck),120,159,57.24,19080,6868.8,64.0,154.38,5,Yes,Delivered On Time,1.61
ORD-00072,2024-11-06,2024-11-07,2024-11-11,2024-11-12,Central India,Raipur,Wheat_330ml,General Trade,WH-HYD-01,BrewMalt India,Road (Truck),188,160,60.8,30080,11430.4,62.0,402.44,4,Yes,Delivered On Time,1.57
ORD-00073,2023-12-01,2023-12-02,2023-12-08,2023-12-09,Central India,Raipur,Strong_Beer_500ml,General Trade,WH-DEL-01,GrainSource Ltd,Rail Freight,222,171,73.53,37962,16323.66,57.0,377.94,6,No,Delivered On Time,1.6
ORD-00074,2023-12-13,2023-12-14,2023-12-18,2023-12-18,South India,Hyderabad,Light_Beer_330ml,E-Commerce,WH-BLR-01,AquaPure Beverages,Road (Mini-Truck),468,160,57.6,74880,26956.8,64.0,912.48,4,Yes,Delivered On Time,1.62
ORD-00075,2023-05-07,2023-05-08,2023-05-12,2023-05-13,Central India,Raipur,Lager_500ml,E-Commerce,WH-DEL-01,BrewMalt India,Road (Truck),409,193,81.06,78937,33153.54,58.0,980.98,4,Yes,Delivered On Time,1.04
ORD-00076,2023-03-06,2023-03-07,2023-03-11,2023-03-12,South India,Kochi,Lager_500ml,On-Premise (Bar/Restaurant),WH-HYD-01,BrewMalt India,Road (Truck),444,199,83.58,88356,37109.52,58.0,389.43,4,Yes,Delivered On Time,1.55
ORD-00077,2023-05-19,2023-05-21,2023-05-28,2023-05-28,East India,Guwahati,Lager_500ml,Modern Trade,WH-MUM-01,HopCo Supplies,Rail Freight,243,191,80.22,46413,19493.46,58.0,437.03,7,Yes,Delivered On Time,1.02
ORD-00078,2023-10-14,2023-10-15,2023-10-20,2023-10-19,West India,Mumbai,Light_Beer_330ml,E-Commerce,WH-HYD-01,PackRight Solutions,Road (Truck),313,136,48.96,42568,15324.48,64.0,615.25,5,No,Delivered Late,1.31
ORD-00079,2024-04-10,2024-04-11,2024-04-16,2024-04-15,East India,Kolkata,IPA_330ml,On-Premise (Bar/Restaurant),WH-MUM-01,PackRight Solutions,Air Freight,211,170,68.0,35870,14348.0,60.0,523.49,5,No,Delivered Late,1.34
ORD-00080,2023-08-27,2023-08-29,2023-09-01,2023-09-02,South India,Bengaluru,Light_Beer_330ml,General Trade,WH-HYD-01,HopCo Supplies,Road (Truck),85,155,55.8,13175,4743.0,64.0,88.91,3,Yes,Delivered On Time,0.68
ORD-00081,2023-01-27,2023-01-28,2023-01-31,2023-02-01,Central India,Raipur,Light_Beer_330ml,General Trade,WH-DEL-01,HopCo Supplies,Road (Mini-Truck),219,155,55.8,33945,12220.2,64.0,274.0,3,Yes,Delivered On Time,0.94
ORD-00082,2024-01-06,2024-01-07,2024-01-11,2024-01-11,West India,Nagpur,Lager_500ml,Modern Trade,WH-KOL-01,PackRight Solutions,Road (Truck),110,184,77.28,20240,8500.8,58.0,234.46,4,Yes,Delivered On Time,1.05
ORD-00083,2024-02-16,2024-02-17,2024-02-20,2024-02-21,East India,Guwahati,Strong_Beer_500ml,Modern Trade,WH-DEL-01,HopCo Supplies,Air Freight,108,180,77.4,19440,8359.2,57.0,145.54,3,Yes,Delivered On Time,1.03
ORD-00084,2024-06-27,2024-06-28,2024-06-30,2024-06-30,North India,Lucknow,Stout_650ml,On-Premise (Bar/Restaurant),WH-KOL-01,PackRight Solutions,Air Freight,304,229,114.5,69616,34808.0,50.0,581.56,2,Yes,Delivered On Time,0.99
ORD-00085,2024-04-09,2024-04-10,2024-04-14,2024-04-15,South India,Kochi,IPA_330ml,General Trade,WH-KOL-01,AquaPure Beverages,Road (Truck),617,153,61.2,94401,37760.4,60.0,1493.82,4,Yes,Delivered On Time,1.46
ORD-00086,2024-01-17,2024-01-18,2024-01-21,2024-01-22,North India,Delhi,Light_Beer_330ml,Modern Trade,WH-DEL-01,GrainSource Ltd,Road (Truck),380,131,47.16,49780,17920.8,64.0,382.96,3,Yes,Delivered On Time,1.14
ORD-00087,2024-06-03,2024-06-04,2024-06-06,2024-06-08,West India,Mumbai,Stout_650ml,On-Premise (Bar/Restaurant),WH-BLR-01,GrainSource Ltd,Road (Truck),370,225,112.5,83250,41625.0,50.0,527.2,2,Yes,Delivered On Time,0.96
ORD-00088,2024-09-28,2024-09-29,2024-10-02,2024-10-02,Central India,Indore,Light_Beer_330ml,E-Commerce,WH-HYD-01,HopCo Supplies,Air Freight,409,147,52.92,60123,21644.28,64.0,513.16,3,Yes,Delivered On Time,1.08
ORD-00089,2023-05-27,2023-05-28,2023-06-02,2023-06-03,East India,Patna,Stout_650ml,On-Premise (Bar/Restaurant),WH-DEL-01,HopCo Supplies,Road (Truck),272,212,106.0,57664,28832.0,50.0,562.6,5,Yes,Delivered On Time,1.07
ORD-00090,2023-11-29,2023-11-30,2023-12-02,2023-12-04,West India,Surat,IPA_330ml,On-Premise (Bar/Restaurant),WH-MUM-01,BrewMalt India,Road (Truck),547,169,67.6,92443,36977.2,60.0,1012.13,2,Yes,Delivered On Time,1.61
ORD-00091,2024-02-29,2024-03-01,2024-03-05,2024-03-06,East India,Guwahati,Strong_Beer_500ml,E-Commerce,WH-KOL-01,AquaPure Beverages,Road (Mini-Truck),427,181,77.83,77287,33233.41,57.0,834.11,4,Yes,Delivered On Time,0.98
ORD-00092,2023-02-26,2023-02-27,2023-02-28,2023-03-02,Central India,Raipur,Lager_500ml,General Trade,WH-KOL-01,BrewMalt India,Air Freight,183,200,84.0,36600,15372.0,58.0,248.48,1,Yes,Delivered On Time,0.9
ORD-00093,2023-08-24,2023-08-26,2023-08-28,2023-08-29,West India,Surat,Wheat_330ml,General Trade,WH-KOL-01,BrewMalt India,Road (Truck),347,161,61.18,55867,21229.46,62.0,302.55,2,Yes,Delivered On Time,0.73
ORD-00094,2024-02-19,2024-02-20,2024-02-22,2024-02-24,West India,Mumbai,Light_Beer_330ml,On-Premise (Bar/Restaurant),WH-HYD-01,PackRight Solutions,Road (Truck),291,139,50.04,40449,14561.64,64.0,629.21,2,Yes,Delivered On Time,1.11
ORD-00095,2024-08-26,2024-08-28,2024-08-31,2024-08-31,West India,Ahmedabad,Lager_500ml,E-Commerce,WH-DEL-01,BrewMalt India,Road (Truck),62,182,76.44,11284,4739.28,58.0,131.72,3,Yes,Delivered On Time,0.7
ORD-00096,2024-10-22,2024-10-23,2024-10-26,2024-10-28,Central India,Bhopal,Premium_Lager_330ml,General Trade,WH-BLR-01,BrewMalt India,Road (Truck),277,193,86.85,53461,24057.45,55.0,579.59,3,Yes,Delivered On Time,1.63
ORD-00097,2024-10-01,2024-10-02,2024-10-04,2024-10-06,South India,Kochi,IPA_330ml,E-Commerce,WH-HYD-01,GrainSource Ltd,Road (Mini-Truck),530,160,64.0,84800,33920.0,60.0,696.84,2,Yes,Delivered On Time,1.43
ORD-00098,2023-02-08,2023-02-09,2023-02-14,2023-02-14,Central India,Bhopal,Stout_650ml,Modern Trade,WH-BLR-01,PackRight Solutions,Road (Truck),437,219,109.5,95703,47851.5,50.0,806.49,5,Yes,Delivered On Time,0.92
ORD-00099,2024-08-08,2024-08-09,2024-08-13,2024-08-15,West India,Surat,Premium_Lager_330ml,Modern Trade,WH-KOL-01,GrainSource Ltd,Rail Freight,162,209,94.05,33858,15236.1,55.0,158.1,4,Yes,Delivered On Time,0.76
ORD-00100,2024-03-24,2024-03-25,2024-03-28,2024-03-29,North India,Amritsar,Strong_Beer_500ml,General Trade,WH-DEL-01,GrainSource Ltd,Road (Truck),540,181,77.83,97740,42028.2,57.0,787.65,3,Yes,Delivered On Time,1.7
ORD-00101,2024-07-25,2024-07-26,2024-07-30,2024-07-31,Central India,Bhopal,Light_Beer_330ml,On-Premise (Bar/Restaurant),WH-DEL-01,GrainSource Ltd,Road (Truck),150,138,49.68,20700,7452.0,64.0,342.69,4,Yes,Delivered On Time,0.77
ORD-00102,2024-11-02,2024-11-03,2024-11-07,2024-11-07,North India,Amritsar,Strong_Beer_500ml,General Trade,WH-BLR-01,GrainSource Ltd,Road (Truck),395,169,72.67,66755,28704.65,57.0,568.94,4,Yes,Delivered On Time,1.58
ORD-00103,2024-01-07,2024-01-09,2024-01-13,2024-01-13,South India,Mysuru,Lager_500ml,E-Commerce,WH-HYD-01,BrewMalt India,Road (Truck),157,180,75.6,28260,11869.2,58.0,162.32,4,Yes,Delivered On Time,0.99
ORD-00104,2024-09-24,2024-09-25,2024-10-03,2024-10-03,East India,Kolkata,Premium_Lager_330ml,Modern Trade,WH-BLR-01,HopCo Supplies,Rail Freight,227,194,87.3,44038,19817.1,55.0,493.81,8,Yes,Delivered On Time,0.94
ORD-00105,2024-09-17,2024-09-18,2024-09-19,2024-09-20,West India,Mumbai,IPA_330ml,On-Premise (Bar/Restaurant),WH-MUM-01,AquaPure Beverages,Air Freight,428,175,70.0,74900,29960.0,60.0,930.75,1,Yes,Delivered On Time,0.99
ORD-00106,2024-01-27,2024-01-28,2024-01-30,2024-02-01,South India,Hyderabad,Strong_Beer_500ml,E-Commerce,WH-KOL-01,BrewMalt India,Road (Mini-Truck),277,195,83.85,54015,23226.45,57.0,632.7,2,Yes,Delivered On Time,1.05
ORD-00107,2023-10-19,2023-10-20,2023-10-25,2023-10-26,West India,Ahmedabad,Premium_Lager_330ml,Modern Trade,WH-HYD-01,HopCo Supplies,Rail Freight,175,198,89.1,34650,15592.5,55.0,167.28,5,Yes,Delivered On Time,1.33
ORD-00108,2024-01-18,2024-01-19,2024-01-22,2024-01-23,West India,Ahmedabad,Lager_500ml,E-Commerce,WH-DEL-01,GrainSource Ltd,Road (Truck),88,181,76.02,15928,6689.76,58.0,177.32,3,Yes,Delivered On Time,0.97
ORD-00109,2023-05-23,2023-05-24,2023-05-28,2023-05-28,South India,Chennai,Lager_500ml,On-Premise (Bar/Restaurant),WH-KOL-01,HopCo Supplies,Road (Mini-Truck),327,184,77.28,60168,25270.56,58.0,381.48,4,Yes,Delivered On Time,1.13
ORD-00110,2023-09-01,2023-09-02,2023-09-06,2023-09-06,Central India,Gwalior,Premium_Lager_330ml,E-Commerce,WH-DEL-01,AquaPure Beverages,Road (Mini-Truck),73,197,88.65,14381,6471.45,55.0,72.16,4,Yes,Delivered On Time,0.99
ORD-00111,2023-01-02,2023-01-03,2023-01-07,2023-01-08,Central India,Gwalior,Lager_500ml,General Trade,WH-MUM-01,BrewMalt India,Road (Truck),186,188,78.96,34968,14686.56,58.0,456.99,4,Yes,Delivered On Time,1.08
ORD-00112,2023-02-14,2023-02-15,2023-02-21,2023-02-22,Central India,Gwalior,Premium_Lager_330ml,Modern Trade,WH-KOL-01,BrewMalt India,Rail Freight,262,198,89.1,51876,23344.2,55.0,317.0,6,Yes,Delivered On Time,1.09
ORD-00113,2024-10-20,2024-10-21,2024-10-25,2024-10-26,Central India,Raipur,Wheat_330ml,Modern Trade,WH-BLR-01,BrewMalt India,Road (Truck),613,161,61.18,98693,37503.34,62.0,1336.06,4,Yes,Delivered On Time,1.37
ORD-00114,2023-02-12,2023-02-13,2023-02-16,2023-02-16,West India,Mumbai,Stout_650ml,General Trade,WH-DEL-01,HopCo Supplies,Road (Mini-Truck),205,226,113.0,46330,23165.0,50.0,176.76,3,Yes,Delivered On Time,0.99
ORD-00115,2024-01-12,2024-01-13,2024-01-20,2024-01-19,East India,Patna,Light_Beer_330ml,Modern Trade,WH-BLR-01,GrainSource Ltd,Road (Truck),261,153,55.08,39933,14375.88,64.0,515.87,7,No,Delivered Late,1.03
ORD-00116,2024-09-08,2024-09-09,2024-09-12,2024-09-14,Central India,Raipur,Light_Beer_330ml,Modern Trade,WH-KOL-01,AquaPure Beverages,Road (Truck),170,147,52.92,24990,8996.4,64.0,221.44,3,Yes,Delivered On Time,1.2
ORD-00117,2023-12-28,2023-12-29,2024-01-03,2024-01-03,Central India,Jabalpur,Wheat_330ml,E-Commerce,WH-BLR-01,AquaPure Beverages,Road (Truck),421,148,56.24,62308,23677.04,62.0,817.17,5,Yes,Delivered On Time,1.55
ORD-00118,2024-09-14,2024-09-15,2024-09-20,2024-09-21,East India,Ranchi,Light_Beer_330ml,General Trade,WH-DEL-01,PackRight Solutions,Road (Truck),301,131,47.16,39431,14195.16,64.0,426.11,5,Yes,Delivered On Time,1.1
ORD-00119,2023-03-20,2023-03-21,2023-03-24,2023-03-25,North India,Amritsar,Wheat_330ml,E-Commerce,WH-BLR-01,HopCo Supplies,Road (Truck),491,151,57.38,74141,28173.58,62.0,487.5,3,Yes,Delivered On Time,1.53
ORD-00120,2024-12-21,2024-12-22,2024-12-26,2024-12-25,West India,Nagpur,IPA_330ml,Modern Trade,WH-BLR-01,HopCo Supplies,Road (Mini-Truck),537,159,63.6,85383,34153.2,60.0,497.2,4,No,Delivered Late,1.48
ORD-00121,2024-07-17,2024-07-18,2024-07-20,2024-07-21,West India,Mumbai,Light_Beer_330ml,On-Premise (Bar/Restaurant),WH-BLR-01,GrainSource Ltd,Road (Mini-Truck),150,157,56.52,23550,8478.0,64.0,164.39,2,Yes,Delivered On Time,0.74
ORD-00122,2024-05-20,2024-05-21,2024-05-26,2024-05-26,Central India,Indore,Lager_500ml,General Trade,WH-MUM-01,BrewMalt India,Road (Truck),303,188,78.96,56964,23924.88,58.0,557.61,5,Yes,Delivered On Time,0.91
ORD-00123,2024-02-24,2024-02-27,2024-03-01,2024-02-29,North India,Chandigarh,IPA_330ml,E-Commerce,WH-HYD-01,PackRight Solutions,Road (Truck),100,154,61.6,15400,6160.0,60.0,138.57,3,No,Delivered Late,1.15
ORD-00124,2023-02-26,2023-02-27,2023-03-02,2023-03-04,Central India,Indore,Light_Beer_330ml,General Trade,WH-KOL-01,PackRight Solutions,Road (Truck),362,134,48.24,48508,17462.88,64.0,428.35,3,Yes,Delivered On Time,1.15
ORD-00125,2024-10-02,2024-10-03,2024-10-07,2024-10-09,East India,Kolkata,Stout_650ml,General Trade,WH-HYD-01,PackRight Solutions,Road (Truck),458,212,106.0,97096,48548.0,50.0,486.46,4,Yes,Delivered On Time,1.42
ORD-00126,2024-10-18,2024-10-19,2024-10-23,2024-10-24,Central India,Raipur,Light_Beer_330ml,Modern Trade,WH-DEL-01,PackRight Solutions,Road (Truck),297,150,54.0,44550,16038.0,64.0,252.89,4,Yes,Delivered On Time,1.61
ORD-00127,2023-03-16,2023-03-17,2023-03-22,2023-03-23,East India,Patna,IPA_330ml,General Trade,WH-KOL-01,GrainSource Ltd,Road (Truck),205,164,65.6,33620,13448.0,60.0,214.07,5,Yes,Delivered On Time,1.58
ORD-00128,2023-11-23,2023-11-24,2023-11-27,2023-11-29,East India,Guwahati,Wheat_330ml,On-Premise (Bar/Restaurant),WH-HYD-01,PackRight Solutions,Road (Mini-Truck),156,148,56.24,23088,8773.44,62.0,375.52,3,Yes,Delivered On Time,1.4
ORD-00129,2023-11-17,2023-11-20,2023-11-25,2023-11-24,West India,Pune,Light_Beer_330ml,General Trade,WH-BLR-01,AquaPure Beverages,Rail Freight,180,145,52.2,26100,9396.0,64.0,171.56,5,No,Delivered Late,1.38
ORD-00130,2023-02-21,2023-02-23,2023-02-27,2023-02-27,Central India,Jabalpur,Wheat_330ml,General Trade,WH-HYD-01,BrewMalt India,Road (Truck),347,168,63.84,58296,22152.48,62.0,282.42,4,Yes,Delivered On Time,0.98
ORD-00131,2024-02-15,2024-02-16,2024-02-19,2024-02-20,West India,Pune,Stout_650ml,On-Premise (Bar/Restaurant),WH-KOL-01,PackRight Solutions,Road (Truck),310,216,108.0,66960,33480.0,50.0,485.34,3,Yes,Delivered On Time,0.92
ORD-00132,2024-02-08,2024-02-10,2024-02-14,2024-02-13,East India,Ranchi,Strong_Beer_500ml,Modern Trade,WH-MUM-01,BrewMalt India,Air Freight,225,182,78.26,40950,17608.5,57.0,371.28,4,No,Delivered Late,1.01
ORD-00133,2023-06-02,2023-06-03,2023-06-06,2023-06-07,North India,Lucknow,Strong_Beer_500ml,On-Premise (Bar/Restaurant),WH-KOL-01,GrainSource Ltd,Road (Truck),338,169,72.67,57122,24562.46,57.0,839.61,3,Yes,Delivered On Time,1.08
ORD-00134,2023-01-18,2023-01-21,2023-01-25,2023-01-24,Central India,Raipur,Premium_Lager_330ml,E-Commerce,WH-HYD-01,BrewMalt India,Road (Truck),397,193,86.85,76621,34479.45,55.0,781.96,4,No,Delivered Late,1.01
ORD-00135,2023-06-24,2023-06-25,2023-06-28,2023-06-29,Central India,Jabalpur,Stout_650ml,General Trade,WH-DEL-01,PackRight Solutions,Road (Mini-Truck),444,229,114.5,101676,50838.0,50.0,538.01,3,Yes,Delivered On Time,1.06
ORD-00136,2024-02-27,2024-02-28,2024-03-03,2024-03-03,North India,Lucknow,Lager_500ml,E-Commerce,WH-BLR-01,BrewMalt India,Road (Truck),288,186,78.12,53568,22498.56,58.0,590.67,4,Yes,Delivered On Time,1.11
ORD-00137,2023-11-18,2023-11-19,2023-11-23,2023-11-24,South India,Mysuru,Wheat_330ml,On-Premise (Bar/Restaurant),WH-KOL-01,GrainSource Ltd,Road (Truck),478,169,64.22,80782,30697.16,62.0,1087.46,4,Yes,Delivered On Time,1.68
ORD-00138,2023-08-19,2023-08-20,2023-08-23,2023-08-24,Central India,Jabalpur,Wheat_330ml,General Trade,WH-BLR-01,GrainSource Ltd,Road (Mini-Truck),169,164,62.32,27716,10532.08,62.0,226.29,3,Yes,Delivered On Time,0.84
ORD-00139,2024-01-24,2024-01-25,2024-01-29,2024-01-29,Central India,Raipur,Stout_650ml,Modern Trade,WH-HYD-01,BrewMalt India,Road (Mini-Truck),294,236,118.0,69384,34692.0,50.0,256.22,4,Yes,Delivered On Time,1.17
ORD-00140,2024-07-05,2024-07-06,2024-07-10,2024-07-12,East India,Guwahati,Strong_Beer_500ml,On-Premise (Bar/Restaurant),WH-KOL-01,BrewMalt India,Road (Truck),225,187,80.41,42075,18092.25,57.0,271.53,4,Yes,Delivered On Time,0.67
ORD-00141,2023-12-05,2023-12-06,2023-12-09,2023-12-11,Central India,Indore,Strong_Beer_500ml,General Trade,WH-DEL-01,AquaPure Beverages,Road (Truck),160,186,79.98,29760,12796.8,57.0,380.72,3,Yes,Delivered On Time,1.59
ORD-00142,2024-10-23,2024-10-24,2024-10-27,2024-10-28,West India,Surat,Strong_Beer_500ml,General Trade,WH-BLR-01,BrewMalt India,Road (Truck),584,167,71.81,97528,41937.04,57.0,1311.41,3,Yes,Delivered On Time,1.32
ORD-00143,2024-02-11,2024-02-12,2024-02-15,2024-02-15,South India,Kochi,Light_Beer_330ml,General Trade,WH-DEL-01,GrainSource Ltd,Air Freight,165,159,57.24,26235,9444.6,64.0,142.51,3,Yes,Delivered On Time,1.14
ORD-00144,2024-10-18,2024-10-20,2024-10-25,2024-10-24,Central India,Gwalior,Lager_500ml,On-Premise (Bar/Restaurant),WH-BLR-01,HopCo Supplies,Road (Truck),459,198,83.16,90882,38170.44,58.0,455.1,5,No,Delivered Late,1.52
ORD-00145,2023-10-30,2023-10-31,2023-11-03,2023-11-03,West India,Ahmedabad,Strong_Beer_500ml,General Trade,WH-DEL-01,PackRight Solutions,Road (Mini-Truck),668,171,73.53,114228,49118.04,57.0,1473.53,3,Yes,Delivered On Time,1.53
ORD-00146,2024-05-03,2024-05-04,2024-05-07,2024-05-08,East India,Kolkata,IPA_330ml,Modern Trade,WH-MUM-01,GrainSource Ltd,Air Freight,177,150,60.0,26550,10620.0,60.0,428.67,3,Yes,Delivered On Time,1.0
ORD-00147,2023-03-05,2023-03-06,2023-03-09,2023-03-10,Central India,Gwalior,Lager_500ml,On-Premise (Bar/Restaurant),WH-BLR-01,GrainSource Ltd,Road (Mini-Truck),452,179,75.18,80908,33981.36,58.0,1043.79,3,Yes,Delivered On Time,1.57
ORD-00148,2024-05-04,2024-05-05,2024-05-06,2024-05-07,North India,Chandigarh,Stout_650ml,General Trade,WH-MUM-01,HopCo Supplies,Air Freight,410,229,114.5,93890,46945.0,50.0,855.87,1,Yes,Delivered On Time,0.95
ORD-00149,2024-12-21,2024-12-22,2024-12-26,2024-12-27,South India,Mysuru,Light_Beer_330ml,Modern Trade,WH-HYD-01,HopCo Supplies,Road (Truck),486,133,47.88,64638,23269.68,64.0,861.97,4,Yes,Delivered On Time,1.44
ORD-00150,2024-08-20,2024-08-22,2024-08-25,2024-08-25,South India,Hyderabad,Light_Beer_330ml,E-Commerce,WH-DEL-01,BrewMalt India,Road (Mini-Truck),223,144,51.84,32112,11560.32,64.0,351.57,3,Yes,Delivered On Time,0.72
ORD-00151,2023-01-04,2023-01-05,2023-01-09,2023-01-10,Central India,Jabalpur,Strong_Beer_500ml,On-Premise (Bar/Restaurant),WH-DEL-01,BrewMalt India,Road (Truck),387,167,71.81,64629,27790.47,57.0,963.63,4,Yes,Delivered On Time,1.12
ORD-00152,2024-10-18,2024-10-19,2024-10-23,2024-10-22,West India,Mumbai,Stout_650ml,E-Commerce,WH-MUM-01,AquaPure Beverages,Road (Mini-Truck),642,240,120.0,154080,77040.0,50.0,1503.25,4,No,In Transit,1.69
ORD-00153,2024-07-04,2024-07-07,2024-07-11,2024-07-09,North India,Amritsar,Wheat_330ml,On-Premise (Bar/Restaurant),WH-DEL-01,PackRight Solutions,Road (Truck),80,163,61.94,13040,4955.2,62.0,126.97,4,No,In Transit,0.7
ORD-00154,2023-06-08,2023-06-09,2023-06-11,2023-06-13,West India,Nagpur,IPA_330ml,General Trade,WH-MUM-01,BrewMalt India,Road (Truck),488,173,69.2,84424,33769.6,60.0,900.54,2,Yes,Delivered On Time,0.98
ORD-00155,2024-09-04,2024-09-05,2024-09-08,2024-09-10,South India,Chennai,Lager_500ml,Modern Trade,WH-HYD-01,BrewMalt India,Road (Truck),545,171,71.82,93195,39141.9,58.0,936.09,3,Yes,Delivered On Time,1.1
ORD-00156,2024-09-04,2024-09-05,2024-09-10,2024-09-10,South India,Mysuru,Stout_650ml,General Trade,WH-HYD-01,AquaPure Beverages,Road (Truck),529,220,110.0,116380,58190.0,50.0,891.96,5,No,Delivered On Time,1.13
ORD-00157,2023-02-18,2023-02-19,2023-02-23,2023-02-24,East India,Patna,Lager_500ml,General Trade,WH-KOL-01,GrainSource Ltd,Road (Mini-Truck),451,191,80.22,86141,36179.22,58.0,673.81,4,Yes,Delivered On Time,1.19
ORD-00158,2023-11-04,2023-11-05,2023-11-09,2023-11-11,West India,Pune,Light_Beer_330ml,E-Commerce,WH-MUM-01,PackRight Solutions,Rail Freight,201,155,55.8,31155,11215.8,64.0,303.12,4,Yes,Delivered On Time,1.64
ORD-00159,2023-03-22,2023-03-23,2023-03-27,2023-03-28,South India,Kochi,Wheat_330ml,On-Premise (Bar/Restaurant),WH-MUM-01,PackRight Solutions,Road (Truck),806,151,57.38,121706,46248.28,62.0,1012.65,4,Yes,Delivered On Time,1.67
ORD-00160,2024-08-24,2024-08-25,2024-09-01,2024-09-01,Central India,Bhopal,Light_Beer_330ml,Modern Trade,WH-MUM-01,BrewMalt India,Rail Freight,262,136,48.96,35632,12827.52,64.0,635.86,7,Yes,Delivered On Time,0.78
ORD-00161,2024-12-13,2024-12-15,2024-12-21,2024-12-21,South India,Chennai,Strong_Beer_500ml,Modern Trade,WH-KOL-01,PackRight Solutions,Rail Freight,237,177,76.11,41949,18038.07,57.0,342.97,6,Yes,Delivered On Time,1.54
ORD-00162,2024-04-22,2024-04-23,2024-04-30,2024-05-01,East India,Patna,Stout_650ml,On-Premise (Bar/Restaurant),WH-HYD-01,BrewMalt India,Rail Freight,561,225,112.5,126225,63112.5,50.0,747.23,7,Yes,Delivered On Time,1.34
ORD-00163,2024-08-21,2024-08-22,2024-08-26,2024-08-27,Central India,Indore,Strong_Beer_500ml,General Trade,WH-DEL-01,AquaPure Beverages,Road (Truck),194,174,74.82,33756,14515.08,57.0,430.04,4,Yes,Delivered On Time,0.74
ORD-00164,2023-12-27,2023-12-28,2024-01-02,2024-01-02,Central India,Raipur,Stout_650ml,E-Commerce,WH-KOL-01,BrewMalt India,Road (Truck),572,227,113.5,129844,64922.0,50.0,1081.7,5,Yes,Delivered On Time,1.37
ORD-00165,2024-02-27,2024-02-28,2024-03-01,2024-03-03,Central India,Bhopal,Light_Beer_330ml,Modern Trade,WH-DEL-01,BrewMalt India,Road (Mini-Truck),349,137,49.32,47813,17212.68,64.0,549.75,2,Yes,Delivered On Time,0.94
ORD-00166,2024-07-18,2024-07-19,2024-07-23,2024-07-24,Central India,Gwalior,IPA_330ml,E-Commerce,WH-DEL-01,AquaPure Beverages,Road (Truck),40,166,66.4,6640,2656.0,60.0,66.15,4,Yes,Delivered On Time,0.7
ORD-00167,2024-06-23,2024-06-24,2024-06-27,2024-06-29,South India,Bengaluru,Lager_500ml,General Trade,WH-MUM-01,HopCo Supplies,Road (Truck),226,178,74.76,40228,16895.76,58.0,357.15,3,No,Delivered On Time,0.98
ORD-00168,2024-01-24,2024-01-25,2024-01-29,2024-01-30,South India,Hyderabad,Strong_Beer_500ml,Modern Trade,WH-DEL-01,GrainSource Ltd,Road (Truck),295,166,71.38,48970,21057.1,57.0,659.93,4,Yes,Delivered On Time,1.01
ORD-00169,2024-12-09,2024-12-10,2024-12-13,2024-12-15,Central India,Bhopal,Premium_Lager_330ml,Modern Trade,WH-MUM-01,PackRight Solutions,Road (Truck),486,198,89.1,96228,43302.6,55.0,1131.81,3,Yes,Delivered On Time,1.66
ORD-00170,2024-08-24,2024-08-26,2024-08-28,2024-08-27,North India,Lucknow,Light_Beer_330ml,On-Premise (Bar/Restaurant),WH-DEL-01,AquaPure Beverages,Air Freight,300,152,54.72,45600,16416.0,64.0,529.01,2,No,Delivered Late,0.64
ORD-00171,2023-12-21,2023-12-23,2023-12-27,2023-12-27,Central India,Raipur,IPA_330ml,General Trade,WH-DEL-01,AquaPure Beverages,Road (Truck),360,157,62.8,56520,22608.0,60.0,872.37,4,Yes,Delivered On Time,1.32
ORD-00172,2023-12-31,2024-01-01,2024-01-06,2024-01-07,East India,Kolkata,Strong_Beer_500ml,On-Premise (Bar/Restaurant),WH-KOL-01,GrainSource Ltd,Road (Truck),367,178,76.54,65326,28090.18,57.0,775.36,5,Yes,Delivered On Time,1.52
ORD-00173,2024-10-11,2024-10-12,2024-10-15,2024-10-17,South India,Bengaluru,Lager_500ml,On-Premise (Bar/Restaurant),WH-MUM-01,GrainSource Ltd,Road (Truck),338,180,75.6,60840,25552.8,58.0,525.95,3,Yes,Delivered On Time,1.36
ORD-00174,2024-07-22,2024-07-23,2024-07-26,2024-07-27,North India,Lucknow,Lager_500ml,General Trade,WH-KOL-01,AquaPure Beverages,Road (Truck),74,170,71.4,12580,5283.6,58.0,157.88,3,Yes,Delivered On Time,0.73
ORD-00175,2024-07-26,2024-07-27,2024-07-29,2024-07-30,North India,Chandigarh,IPA_330ml,E-Commerce,WH-DEL-01,GrainSource Ltd,Road (Mini-Truck),144,168,67.2,24192,9676.8,60.0,181.03,2,Yes,Delivered On Time,0.83
ORD-00176,2023-11-03,2023-11-04,2023-11-07,2023-11-08,West India,Pune,Lager_500ml,General Trade,WH-KOL-01,HopCo Supplies,Road (Truck),132,181,76.02,23892,10034.64,58.0,238.85,3,Yes,Delivered On Time,1.49
ORD-00177,2023-12-07,2023-12-09,2023-12-14,2023-12-14,West India,Mumbai,Wheat_330ml,On-Premise (Bar/Restaurant),WH-DEL-01,PackRight Solutions,Rail Freight,400,165,62.7,66000,25080.0,62.0,880.0,5,Yes,Delivered On Time,1.64
ORD-00178,2024-02-12,2024-02-13,2024-02-17,2024-02-18,South India,Hyderabad,Stout_650ml,General Trade,WH-KOL-01,AquaPure Beverages,Road (Truck),236,233,116.5,54988,27494.0,50.0,286.06,4,Yes,Delivered On Time,1.19
ORD-00179,2024-07-12,2024-07-13,2024-07-18,2024-07-19,East India,Guwahati,Stout_650ml,Modern Trade,WH-HYD-01,GrainSource Ltd,Road (Truck),283,227,113.5,64241,32120.5,50.0,327.26,5,Yes,Delivered On Time,0.64
ORD-00180,2023-09-05,2023-09-06,2023-09-08,2023-09-09,North India,Jaipur,Strong_Beer_500ml,E-Commerce,WH-MUM-01,PackRight Solutions,Road (Mini-Truck),125,187,80.41,23375,10051.25,57.0,227.06,2,Yes,Delivered On Time,0.98
ORD-00181,2024-01-04,2024-01-05,2024-01-09,2024-01-09,West India,Nagpur,Premium_Lager_330ml,E-Commerce,WH-HYD-01,GrainSource Ltd,Road (Truck),516,207,93.15,106812,48065.4,55.0,630.55,4,Yes,Delivered On Time,1.11
ORD-00182,2024-03-16,2024-03-17,2024-03-19,2024-03-20,South India,Mysuru,Lager_500ml,E-Commerce,WH-BLR-01,HopCo Supplies,Air Freight,134,178,74.76,23852,10017.84,58.0,263.85,2,Yes,Delivered On Time,1.34
ORD-00183,2023-06-04,2023-06-05,2023-06-07,2023-06-08,West India,Ahmedabad,IPA_330ml,E-Commerce,WH-HYD-01,HopCo Supplies,Road (Mini-Truck),62,165,66.0,10230,4092.0,60.0,61.83,2,No,Delivered On Time,1.0
ORD-00184,2023-12-23,2023-12-24,2023-12-29,2023-12-30,East India,Patna,Stout_650ml,E-Commerce,WH-MUM-01,BrewMalt India,Road (Truck),408,233,116.5,95064,47532.0,50.0,888.34,5,Yes,Delivered On Time,1.49
ORD-00185,2023-09-07,2023-09-08,2023-09-13,2023-09-14,North India,Chandigarh,Strong_Beer_500ml,Modern Trade,WH-MUM-01,HopCo Supplies,Rail Freight,348,170,73.1,59160,25438.8,57.0,750.35,5,Yes,Delivered On Time,1.05
ORD-00186,2024-04-05,2024-04-06,2024-04-12,2024-04-13,South India,Kochi,IPA_330ml,Modern Trade,WH-HYD-01,BrewMalt India,Rail Freight,383,150,60.0,57450,22980.0,60.0,832.96,6,Yes,Delivered On Time,1.54
ORD-00187,2024-04-13,2024-04-14,2024-04-20,2024-04-19,Central India,Bhopal,Light_Beer_330ml,General Trade,WH-BLR-01,BrewMalt India,Road (Truck),530,157,56.52,83210,29955.6,64.0,777.68,6,No,Delivered Late,1.35
ORD-00188,2024-11-20,2024-11-21,2024-11-25,2024-11-27,East India,Patna,Light_Beer_330ml,E-Commerce,WH-HYD-01,GrainSource Ltd,Road (Truck),319,159,57.24,50721,18259.56,64.0,319.12,4,Yes,Delivered On Time,1.58
ORD-00189,2024-09-02,2024-09-03,2024-09-06,2024-09-07,North India,Lucknow,Stout_650ml,General Trade,WH-HYD-01,HopCo Supplies,Road (Truck),231,223,111.5,51513,25756.5,50.0,438.19,3,Yes,Delivered On Time,0.94
ORD-00190,2024-04-06,2024-04-09,2024-04-13,2024-04-12,Central India,Indore,IPA_330ml,On-Premise (Bar/Restaurant),WH-MUM-01,AquaPure Beverages,Road (Truck),764,161,64.4,123004,49201.6,60.0,1340.58,4,No,Delivered Late,1.55
ORD-00191,2024-08-01,2024-08-02,2024-08-05,2024-08-06,West India,Surat,IPA_330ml,E-Commerce,WH-KOL-01,AquaPure Beverages,Road (Truck),267,157,62.8,41919,16767.6,60.0,289.95,3,Yes,Delivered On Time,0.61
ORD-00192,2024-07-10,2024-07-12,2024-07-15,2024-07-16,Central India,Jabalpur,Premium_Lager_330ml,Modern Trade,WH-HYD-01,AquaPure Beverages,Road (Truck),191,207,93.15,39537,17791.65,55.0,330.2,3,Yes,Delivered On Time,0.81
ORD-00193,2023-03-31,2023-04-02,2023-04-05,2023-04-05,North India,Lucknow,Stout_650ml,Modern Trade,WH-KOL-01,PackRight Solutions,Road (Truck),162,234,117.0,37908,18954.0,50.0,319.39,3,Yes,Delivered On Time,1.48
ORD-00194,2023-03-02,2023-03-03,2023-03-07,2023-03-09,West India,Pune,Premium_Lager_330ml,General Trade,WH-MUM-01,PackRight Solutions,Rail Freight,492,198,89.1,97416,43837.2,55.0,638.36,4,No,Delivered On Time,1.53
ORD-00195,2024-02-26,2024-02-27,2024-03-01,2024-03-02,East India,Ranchi,Strong_Beer_500ml,Modern Trade,WH-MUM-01,GrainSource Ltd,Air Freight,225,192,82.56,43200,18576.0,57.0,235.94,3,Yes,Delivered On Time,1.18
ORD-00196,2024-10-04,2024-10-05,2024-10-09,2024-10-09,South India,Kochi,IPA_330ml,General Trade,WH-HYD-01,GrainSource Ltd,Road (Mini-Truck),413,152,60.8,62776,25110.4,60.0,692.41,4,Yes,Delivered On Time,1.47
ORD-00197,2023-04-06,2023-04-07,2023-04-12,2023-04-13,East India,Guwahati,IPA_330ml,On-Premise (Bar/Restaurant),WH-HYD-01,HopCo Supplies,Road (Truck),451,170,68.0,76670,30668.0,60.0,770.54,5,Yes,Delivered On Time,1.59
ORD-00198,2023-12-12,2023-12-14,2023-12-20,2023-12-19,West India,Pune,IPA_330ml,On-Premise (Bar/Restaurant),WH-BLR-01,AquaPure Beverages,Rail Freight,176,168,67.2,29568,11827.2,60.0,154.55,6,No,Delivered Late,1.52
ORD-00199,2024-03-14,2024-03-15,2024-03-18,2024-03-19,North India,Delhi,Light_Beer_330ml,General Trade,WH-KOL-01,GrainSource Ltd,Road (Truck),554,159,57.24,88086,31710.96,64.0,1321.64,3,Yes,Delivered On Time,1.38
ORD-00200,2024-10-26,2024-10-27,2024-10-29,2024-10-30,North India,Chandigarh,Stout_650ml,Modern Trade,WH-BLR-01,BrewMalt India,Road (Mini-Truck),345,230,115.0,79350,39675.0,50.0,660.44,2,Yes,Delivered On Time,1.37
ORD-00201,2024-06-15,2024-06-16,2024-06-19,2024-06-19,North India,Lucknow,IPA_330ml,Modern Trade,WH-MUM-01,HopCo Supplies,Road (Mini-Truck),59,150,60.0,8850,3540.0,60.0,89.56,3,No,Delivered On Time,1.1
ORD-00202,2023-04-15,2023-04-16,2023-04-18,2023-04-19,West India,Mumbai,Wheat_330ml,E-Commerce,WH-DEL-01,HopCo Supplies,Road (Mini-Truck),318,168,63.84,53424,20301.12,62.0,727.15,2,Yes,Delivered On Time,1.34
ORD-00203,2024-03-26,2024-03-27,2024-03-30,2024-03-30,North India,Amritsar,Premium_Lager_330ml,Modern Trade,WH-HYD-01,HopCo Supplies,Road (Mini-Truck),228,210,94.5,47880,21546.0,55.0,353.87,3,Yes,Delivered On Time,1.44
ORD-00204,2023-12-26,2023-12-27,2023-12-29,2023-12-30,North India,Delhi,Wheat_330ml,Modern Trade,WH-HYD-01,PackRight Solutions,Road (Mini-Truck),356,165,62.7,58740,22321.2,62.0,619.72,2,Yes,Delivered On Time,1.69
ORD-00205,2024-09-13,2024-09-14,2024-09-17,2024-09-19,Central India,Raipur,Light_Beer_330ml,Modern Trade,WH-BLR-01,AquaPure Beverages,Road (Truck),453,142,51.12,64326,23157.36,64.0,1097.59,3,Yes,Delivered On Time,1.05
ORD-00206,2023-01-13,2023-01-14,2023-01-18,2023-01-18,West India,Mumbai,Wheat_330ml,E-Commerce,WH-HYD-01,HopCo Supplies,Road (Truck),254,144,54.72,36576,13898.88,62.0,439.12,4,Yes,Delivered On Time,1.2
ORD-00207,2023-02-10,2023-02-11,2023-02-14,2023-02-15,West India,Mumbai,Lager_500ml,Modern Trade,WH-DEL-01,AquaPure Beverages,Road (Truck),535,182,76.44,97370,40895.4,58.0,805.84,3,Yes,Delivered On Time,1.18
ORD-00208,2023-03-22,2023-03-23,2023-03-26,2023-03-27,North India,Amritsar,Premium_Lager_330ml,General Trade,WH-BLR-01,BrewMalt India,Road (Truck),231,215,96.75,49665,22349.25,55.0,484.52,3,Yes,Delivered On Time,1.5
ORD-00209,2024-03-20,2024-03-21,2024-03-26,2024-03-27,East India,Guwahati,Strong_Beer_500ml,General Trade,WH-DEL-01,BrewMalt India,Road (Truck),490,184,79.12,90160,38768.8,57.0,538.31,5,Yes,Delivered On Time,1.35
ORD-00210,2023-09-23,2023-09-24,2023-09-28,2023-09-29,South India,Bengaluru,Wheat_330ml,E-Commerce,WH-BLR-01,BrewMalt India,Road (Truck),108,163,61.94,17604,6689.52,62.0,228.03,4,Yes,Delivered On Time,0.95
ORD-00211,2024-08-13,2024-08-14,2024-08-17,2024-08-19,East India,Guwahati,Stout_650ml,Modern Trade,WH-BLR-01,HopCo Supplies,Road (Mini-Truck),231,224,112.0,51744,25872.0,50.0,250.33,3,Yes,Delivered On Time,0.76
ORD-00212,2023-01-03,2023-01-04,2023-01-08,2023-01-09,East India,Kolkata,Premium_Lager_330ml,Modern Trade,WH-MUM-01,BrewMalt India,Road (Mini-Truck),446,190,85.5,84740,38133.0,55.0,470.59,4,Yes,Delivered On Time,0.91
ORD-00213,2023-11-24,2023-11-25,2023-11-29,2023-11-30,Central India,Jabalpur,Wheat_330ml,On-Premise (Bar/Restaurant),WH-MUM-01,PackRight Solutions,Road (Truck),125,158,60.04,19750,7505.0,62.0,138.11,4,Yes,Delivered On Time,1.41
ORD-00214,2023-11-15,2023-11-16,2023-11-18,2023-11-19,North India,Jaipur,Lager_500ml,E-Commerce,WH-BLR-01,PackRight Solutions,Road (Mini-Truck),476,184,77.28,87584,36785.28,58.0,626.72,2,Yes,Delivered On Time,1.43
ORD-00215,2024-07-13,2024-07-14,2024-07-17,2024-07-18,South India,Kochi,Stout_650ml,E-Commerce,WH-MUM-01,BrewMalt India,Road (Mini-Truck),138,214,107.0,29532,14766.0,50.0,191.67,3,Yes,Delivered On Time,0.79
ORD-00216,2024-06-26,2024-06-29,2024-07-06,2024-07-03,East India,Kolkata,Light_Beer_330ml,E-Commerce,WH-BLR-01,HopCo Supplies,Road (Truck),314,145,52.2,45530,16390.8,64.0,274.63,7,No,Delivered Late,1.19
ORD-00217,2023-03-28,2023-03-29,2023-03-31,2023-04-01,Central India,Jabalpur,Strong_Beer_500ml,On-Premise (Bar/Restaurant),WH-KOL-01,HopCo Supplies,Air Freight,471,169,72.67,79599,34227.57,57.0,426.67,2,Yes,Delivered On Time,1.53
ORD-00218,2023-12-01,2023-12-02,2023-12-05,2023-12-06,South India,Hyderabad,Stout_650ml,On-Premise (Bar/Restaurant),WH-KOL-01,HopCo Supplies,Road (Mini-Truck),270,217,108.5,58590,29295.0,50.0,484.38,3,Yes,Delivered On Time,1.43
ORD-00219,2024-07-02,2024-07-03,2024-07-06,2024-07-07,North India,Lucknow,IPA_330ml,E-Commerce,WH-BLR-01,GrainSource Ltd,Road (Truck),306,156,62.4,47736,19094.4,60.0,291.84,3,Yes,Delivered On Time,0.69
ORD-00220,2023-09-12,2023-09-13,2023-09-17,2023-09-18,Central India,Bhopal,Wheat_330ml,On-Premise (Bar/Restaurant),WH-MUM-01,AquaPure Beverages,Road (Truck),299,156,59.28,46644,17724.72,62.0,327.58,4,Yes,Delivered On Time,1.19
ORD-00221,2023-05-24,2023-05-25,2023-05-28,2023-05-29,West India,Nagpur,Strong_Beer_500ml,General Trade,WH-DEL-01,BrewMalt India,Road (Truck),76,191,82.13,14516,6241.88,57.0,112.56,3,Yes,Delivered On Time,0.94
ORD-00222,2023-07-22,2023-07-23,2023-07-26,2023-07-26,Central India,Gwalior,Stout_650ml,Modern Trade,WH-DEL-01,BrewMalt India,Air Freight,229,235,117.5,53815,26907.5,50.0,312.27,3,Yes,Delivered On Time,0.83
ORD-00223,2024-01-27,2024-01-28,2024-01-30,2024-02-01,West India,Mumbai,Wheat_330ml,E-Commerce,WH-KOL-01,BrewMalt India,Road (Truck),151,151,57.38,22801,8664.38,62.0,347.57,2,Yes,Delivered On Time,1.1
ORD-00224,2024-07-17,2024-07-18,2024-07-22,2024-07-23,Central India,Gwalior,Premium_Lager_330ml,General Trade,WH-BLR-01,HopCo Supplies,Road (Truck),67,198,89.1,13266,5969.7,55.0,144.4,4,Yes,Delivered On Time,0.72
ORD-00225,2024-05-11,2024-05-12,2024-05-16,2024-05-17,Central India,Bhopal,IPA_330ml,On-Premise (Bar/Restaurant),WH-KOL-01,BrewMalt India,Road (Truck),339,166,66.4,56274,22509.6,60.0,615.32,4,Yes,Delivered On Time,1.0
ORD-00226,2024-08-21,2024-08-22,2024-08-27,2024-08-28,East India,Kolkata,Light_Beer_330ml,E-Commerce,WH-HYD-01,BrewMalt India,Road (Truck),111,133,47.88,14763,5314.68,64.0,238.11,5,Yes,Delivered On Time,0.85
ORD-00227,2023-06-27,2023-06-29,2023-07-05,2023-07-05,South India,Mysuru,Light_Beer_330ml,E-Commerce,WH-BLR-01,GrainSource Ltd,Rail Freight,335,140,50.4,46900,16884.0,64.0,284.06,6,Yes,Delivered On Time,0.95
ORD-00228,2023-06-29,2023-06-30,2023-07-04,2023-07-05,Central India,Gwalior,Wheat_330ml,General Trade,WH-KOL-01,PackRight Solutions,Road (Truck),100,141,53.58,14100,5358.0,62.0,80.12,4,Yes,Delivered On Time,1.05
ORD-00229,2023-06-01,2023-06-02,2023-06-06,2023-06-07,South India,Chennai,Stout_650ml,General Trade,WH-BLR-01,AquaPure Beverages,Road (Truck),131,234,117.0,30654,15327.0,50.0,120.95,4,Yes,Delivered On Time,1.08
ORD-00230,2023-06-11,2023-06-12,2023-06-16,2023-06-17,Central India,Bhopal,Stout_650ml,On-Premise (Bar/Restaurant),WH-BLR-01,PackRight Solutions,Road (Truck),305,235,117.5,71675,35837.5,50.0,610.67,4,Yes,Delivered On Time,1.12
ORD-00231,2024-12-06,2024-12-07,2024-12-11,2024-12-12,Central India,Raipur,Wheat_330ml,General Trade,WH-KOL-01,PackRight Solutions,Road (Truck),198,163,61.94,32274,12264.12,62.0,444.76,4,Yes,Delivered On Time,1.42
ORD-00232,2024-08-02,2024-08-03,2024-08-05,2024-08-07,North India,Lucknow,Premium_Lager_330ml,On-Premise (Bar/Restaurant),WH-HYD-01,BrewMalt India,Road (Truck),191,194,87.3,37054,16674.3,55.0,256.55,2,Yes,Delivered On Time,0.63
ORD-00233,2023-03-11,2023-03-12,2023-03-16,2023-03-18,East India,Guwahati,Lager_500ml,On-Premise (Bar/Restaurant),WH-MUM-01,HopCo Supplies,Road (Truck),650,173,72.66,112450,47229.0,58.0,983.72,4,Yes,Delivered On Time,1.44
ORD-00234,2024-05-05,2024-05-06,2024-05-09,2024-05-10,West India,Surat,IPA_330ml,On-Premise (Bar/Restaurant),WH-HYD-01,BrewMalt India,Road (Truck),393,170,68.0,66810,26724.0,60.0,848.34,3,Yes,Delivered On Time,1.14
ORD-00235,2023-06-24,2023-06-25,2023-07-01,2023-07-01,East India,Kolkata,Stout_650ml,On-Premise (Bar/Restaurant),WH-DEL-01,PackRight Solutions,Road (Truck),154,233,116.5,35882,17941.0,50.0,211.68,6,No,Delivered On Time,1.17
ORD-00236,2023-06-10,2023-06-13,2023-06-18,2023-06-17,West India,Mumbai,IPA_330ml,General Trade,WH-HYD-01,GrainSource Ltd,Rail Freight,201,156,62.4,31356,12542.4,60.0,345.36,5,No,In Transit,0.92
ORD-00237,2024-05-17,2024-05-18,2024-05-22,2024-05-23,East India,Bhubaneswar,Lager_500ml,Modern Trade,WH-KOL-01,HopCo Supplies,Road (Mini-Truck),222,170,71.4,37740,15850.8,58.0,404.12,4,Yes,Delivered On Time,0.95
ORD-00238,2024-04-29,2024-04-30,2024-05-01,2024-05-02,North India,Delhi,Wheat_330ml,General Trade,WH-BLR-01,PackRight Solutions,Air Freight,339,165,62.7,55935,21255.3,62.0,323.72,1,Yes,Delivered On Time,1.64
ORD-00239,2023-02-15,2023-02-16,2023-02-19,2023-02-20,West India,Pune,Stout_650ml,E-Commerce,WH-BLR-01,BrewMalt India,Road (Truck),282,218,109.0,61476,30738.0,50.0,586.22,3,Yes,Delivered On Time,0.98
ORD-00240,2023-03-04,2023-03-05,2023-03-08,2023-03-09,North India,Chandigarh,Light_Beer_330ml,E-Commerce,WH-HYD-01,HopCo Supplies,Road (Truck),769,146,52.56,112274,40418.64,64.0,1235.94,3,Yes,Delivered On Time,1.64
ORD-00241,2024-06-13,2024-06-14,2024-06-18,2024-06-18,West India,Ahmedabad,Lager_500ml,E-Commerce,WH-DEL-01,HopCo Supplies,Road (Truck),451,189,79.38,85239,35800.38,58.0,1088.45,4,Yes,Delivered On Time,1.14
ORD-00242,2024-11-30,2024-12-01,2024-12-05,2024-12-06,South India,Chennai,Wheat_330ml,Modern Trade,WH-KOL-01,BrewMalt India,Road (Truck),692,160,60.8,110720,42073.6,62.0,1408.96,4,Yes,Delivered On Time,1.47
ORD-00243,2023-10-10,2023-10-11,2023-10-14,2023-10-15,North India,Jaipur,Premium_Lager_330ml,E-Commerce,WH-HYD-01,AquaPure Beverages,Road (Truck),750,190,85.5,142500,64125.0,55.0,1134.98,3,Yes,Delivered On Time,1.51
ORD-00244,2023-04-14,2023-04-16,2023-04-20,2023-04-19,South India,Chennai,Premium_Lager_330ml,Modern Trade,WH-DEL-01,AquaPure Beverages,Road (Mini-Truck),795,207,93.15,164565,74054.25,55.0,1409.09,4,No,Delivered Late,1.61
ORD-00245,2024-11-28,2024-11-30,2024-12-02,2024-12-02,North India,Lucknow,Stout_650ml,E-Commerce,WH-MUM-01,GrainSource Ltd,Road (Mini-Truck),109,222,111.0,24198,12099.0,50.0,225.39,2,Yes,Delivered On Time,1.58
ORD-00246,2024-05-18,2024-05-21,2024-05-26,2024-05-25,East India,Kolkata,Stout_650ml,On-Premise (Bar/Restaurant),WH-BLR-01,GrainSource Ltd,Road (Truck),463,213,106.5,98619,49309.5,50.0,979.64,5,No,Delivered Late,1.16
ORD-00247,2024-02-21,2024-02-23,2024-02-29,2024-02-28,East India,Guwahati,Premium_Lager_330ml,Modern Trade,WH-MUM-01,PackRight Solutions,Road (Truck),490,206,92.7,100940,45423.0,55.0,651.17,6,No,Delivered Late,1.12
ORD-00248,2023-07-25,2023-07-26,2023-07-30,2023-07-30,West India,Pune,Light_Beer_330ml,Modern Trade,WH-MUM-01,AquaPure Beverages,Road (Truck),143,131,47.16,18733,6743.88,64.0,181.0,4,Yes,Delivered On Time,0.81
ORD-00249,2024-05-15,2024-05-17,2024-05-21,2024-05-21,Central India,Jabalpur,Strong_Beer_500ml,Modern Trade,WH-DEL-01,GrainSource Ltd,Road (Truck),151,195,83.85,29445,12661.35,57.0,162.77,4,Yes,Delivered On Time,1.08
ORD-00250,2024-08-08,2024-08-09,2024-08-12,2024-08-13,North India,Chandigarh,Lager_500ml,E-Commerce,WH-DEL-01,PackRight Solutions,Road (Truck),125,197,82.74,24625,10342.5,58.0,238.46,3,Yes,Delivered On Time,0.79
ORD-00251,2023-01-09,2023-01-11,2023-01-13,2023-01-13,North India,Delhi,IPA_330ml,General Trade,WH-MUM-01,AquaPure Beverages,Road (Mini-Truck),350,175,70.0,61250,24500.0,60.0,443.85,2,Yes,Delivered On Time,0.97
ORD-00252,2024-06-17,2024-06-18,2024-06-23,2024-06-24,East India,Guwahati,Stout_650ml,General Trade,WH-KOL-01,GrainSource Ltd,Road (Truck),290,228,114.0,66120,33060.0,50.0,647.74,5,Yes,Delivered On Time,1.15
ORD-00253,2024-05-08,2024-05-09,2024-05-12,2024-05-13,Central India,Gwalior,Premium_Lager_330ml,On-Premise (Bar/Restaurant),WH-BLR-01,GrainSource Ltd,Road (Mini-Truck),175,210,94.5,36750,16537.5,55.0,423.28,3,Yes,Delivered On Time,0.92
ORD-00254,2024-09-06,2024-09-07,2024-09-12,2024-09-14,South India,Chennai,Premium_Lager_330ml,General Trade,WH-DEL-01,AquaPure Beverages,Rail Freight,217,211,94.95,45787,20604.15,55.0,282.65,5,Yes,Delivered On Time,1.02
ORD-00255,2024-08-08,2024-08-09,2024-08-11,2024-08-12,West India,Surat,Strong_Beer_500ml,Modern Trade,WH-HYD-01,GrainSource Ltd,Road (Mini-Truck),180,188,80.84,33840,14551.2,57.0,289.57,2,Yes,Delivered On Time,0.8
ORD-00256,2023-04-10,2023-04-11,2023-04-15,2023-04-16,Central India,Raipur,Light_Beer_330ml,General Trade,WH-HYD-01,GrainSource Ltd,Road (Truck),639,138,49.68,88182,31745.52,64.0,1539.84,4,Yes,Delivered On Time,1.49
ORD-00257,2023-12-06,2023-12-07,2023-12-09,2023-12-11,North India,Lucknow,Stout_650ml,General Trade,WH-BLR-01,PackRight Solutions,Road (Truck),506,219,109.5,110814,55407.0,50.0,950.51,2,Yes,Delivered On Time,1.45
ORD-00258,2024-11-28,2024-11-29,2024-12-04,2024-12-04,Central India,Bhopal,IPA_330ml,General Trade,WH-HYD-01,AquaPure Beverages,Road (Truck),292,163,65.2,47596,19038.4,60.0,333.03,5,Yes,Delivered On Time,1.45
ORD-00259,2024-05-14,2024-05-15,2024-05-17,2024-05-19,Central India,Jabalpur,Wheat_330ml,On-Premise (Bar/Restaurant),WH-MUM-01,HopCo Supplies,Road (Mini-Truck),140,150,57.0,21000,7980.0,62.0,293.16,2,Yes,Delivered On Time,1.0
ORD-00260,2024-10-10,2024-10-11,2024-10-13,2024-10-15,Central India,Indore,IPA_330ml,Modern Trade,WH-MUM-01,BrewMalt India,Road (Mini-Truck),395,180,72.0,71100,28440.0,60.0,806.64,2,Yes,Delivered On Time,1.47
ORD-00261,2023-09-12,2023-09-13,2023-09-16,2023-09-18,East India,Ranchi,Wheat_330ml,Modern Trade,WH-DEL-01,BrewMalt India,Road (Mini-Truck),484,151,57.38,73084,27771.92,62.0,639.07,3,Yes,Delivered On Time,0.97
ORD-00262,2023-12-12,2023-12-13,2023-12-16,2023-12-16,North India,Chandigarh,Stout_650ml,E-Commerce,WH-HYD-01,AquaPure Beverages,Road (Mini-Truck),589,214,107.0,126046,63023.0,50.0,659.87,3,Yes,Delivered On Time,1.47
ORD-00263,2024-08-26,2024-08-27,2024-08-30,2024-08-30,North India,Lucknow,Wheat_330ml,General Trade,WH-MUM-01,PackRight Solutions,Road (Mini-Truck),82,151,57.38,12382,4705.16,62.0,154.86,3,Yes,Delivered On Time,0.73
ORD-00264,2023-01-21,2023-01-22,2023-01-24,2023-01-26,Central India,Bhopal,Premium_Lager_330ml,Modern Trade,WH-DEL-01,HopCo Supplies,Road (Mini-Truck),99,203,91.35,20097,9043.65,55.0,197.32,2,Yes,Delivered On Time,0.91
ORD-00265,2024-09-12,2024-09-14,2024-09-17,2024-09-17,North India,Chandigarh,IPA_330ml,Modern Trade,WH-HYD-01,BrewMalt India,Road (Truck),293,176,70.4,51568,20627.2,60.0,375.22,3,Yes,Delivered On Time,1.11
ORD-00266,2023-07-26,2023-07-27,2023-08-01,2023-08-02,West India,Pune,Premium_Lager_330ml,General Trade,WH-BLR-01,AquaPure Beverages,Rail Freight,178,199,89.55,35422,15939.9,55.0,350.65,5,Yes,Delivered On Time,0.69
ORD-00267,2024-08-10,2024-08-11,2024-08-18,2024-08-19,East India,Bhubaneswar,Lager_500ml,Modern Trade,WH-DEL-01,GrainSource Ltd,Rail Freight,97,200,84.0,19400,8148.0,58.0,94.3,7,Yes,Delivered On Time,0.77
ORD-00268,2023-06-28,2023-06-29,2023-07-03,2023-07-04,South India,Kochi,Stout_650ml,On-Premise (Bar/Restaurant),WH-KOL-01,BrewMalt India,Road (Truck),563,219,109.5,123297,61648.5,50.0,561.33,4,Yes,Delivered On Time,1.16
ORD-00269,2024-03-24,2024-03-25,2024-03-28,2024-03-29,North India,Lucknow,Strong_Beer_500ml,General Trade,WH-BLR-01,AquaPure Beverages,Road (Truck),314,193,82.99,60602,26058.86,57.0,311.96,3,Yes,Delivered On Time,1.68
ORD-00270,2024-10-26,2024-10-27,2024-10-29,2024-10-30,West India,Ahmedabad,Light_Beer_330ml,E-Commerce,WH-KOL-01,BrewMalt India,Road (Mini-Truck),222,133,47.88,29526,10629.36,64.0,496.26,2,No,Delivered On Time,1.65
ORD-00271,2024-01-03,2024-01-05,2024-01-07,2024-01-07,West India,Nagpur,IPA_330ml,E-Commerce,WH-MUM-01,AquaPure Beverages,Road (Mini-Truck),530,171,68.4,90630,36252.0,60.0,859.25,2,Yes,Delivered On Time,1.08
ORD-00272,2023-11-18,2023-11-19,2023-11-22,2023-11-23,North India,Jaipur,IPA_330ml,Modern Trade,WH-DEL-01,GrainSource Ltd,Road (Truck),642,171,68.4,109782,43912.8,60.0,758.06,3,Yes,Delivered On Time,1.3
ORD-00273,2023-09-12,2023-09-13,2023-09-15,2023-09-17,Central India,Gwalior,Strong_Beer_500ml,Modern Trade,WH-KOL-01,PackRight Solutions,Road (Mini-Truck),404,186,79.98,75144,32311.92,57.0,935.87,2,Yes,Delivered On Time,1.04
ORD-00274,2024-05-22,2024-05-23,2024-05-28,2024-05-29,North India,Delhi,Strong_Beer_500ml,General Trade,WH-HYD-01,HopCo Supplies,Rail Freight,102,189,81.27,19278,8289.54,57.0,90.33,5,No,Delivered On Time,1.16
ORD-00275,2024-08-09,2024-08-10,2024-08-13,2024-08-15,Central India,Jabalpur,IPA_330ml,General Trade,WH-DEL-01,BrewMalt India,Road (Truck),346,165,66.0,57090,22836.0,60.0,661.11,3,Yes,Delivered On Time,0.71
ORD-00276,2024-09-25,2024-09-26,2024-09-28,2024-09-29,West India,Surat,Lager_500ml,Modern Trade,WH-DEL-01,BrewMalt India,Road (Mini-Truck),337,187,78.54,63019,26467.98,58.0,477.76,2,No,Delivered On Time,1.09
ORD-00277,2023-04-27,2023-04-28,2023-05-01,2023-05-02,South India,Kochi,Stout_650ml,E-Commerce,WH-BLR-01,PackRight Solutions,Road (Mini-Truck),518,217,108.5,112406,56203.0,50.0,1118.8,3,Yes,Delivered On Time,1.34
ORD-00278,2024-05-19,2024-05-20,2024-05-25,2024-05-27,Central India,Raipur,Strong_Beer_500ml,Modern Trade,WH-DEL-01,AquaPure Beverages,Rail Freight,391,188,80.84,73508,31608.44,57.0,437.46,5,Yes,Delivered On Time,0.94
ORD-00279,2024-02-29,2024-03-01,2024-03-04,2024-03-06,South India,Kochi,Light_Beer_330ml,General Trade,WH-BLR-01,PackRight Solutions,Road (Truck),340,156,56.16,53040,19094.4,64.0,536.37,3,Yes,Delivered On Time,0.91
ORD-00280,2024-07-20,2024-07-21,2024-07-24,2024-07-25,Central India,Indore,IPA_330ml,Modern Trade,WH-HYD-01,PackRight Solutions,Road (Mini-Truck),397,168,67.2,66696,26678.4,60.0,437.19,3,Yes,Delivered On Time,0.83
ORD-00281,2023-11-26,2023-11-29,2023-12-03,2023-12-01,South India,Chennai,Lager_500ml,E-Commerce,WH-HYD-01,GrainSource Ltd,Road (Mini-Truck),369,183,76.86,67527,28361.34,58.0,899.66,4,No,Delivered Late,1.5
ORD-00282,2024-06-08,2024-06-10,2024-06-12,2024-06-12,West India,Pune,Wheat_330ml,E-Commerce,WH-HYD-01,HopCo Supplies,Road (Mini-Truck),404,157,59.66,63428,24102.64,62.0,757.66,2,Yes,Delivered On Time,0.99
ORD-00283,2023-05-16,2023-05-17,2023-05-23,2023-05-24,South India,Mysuru,Strong_Beer_500ml,On-Premise (Bar/Restaurant),WH-BLR-01,GrainSource Ltd,Rail Freight,454,195,83.85,88530,38067.9,57.0,911.45,6,Yes,Delivered On Time,1.19
ORD-00284,2024-03-08,2024-03-09,2024-03-12,2024-03-14,Central India,Jabalpur,Premium_Lager_330ml,E-Commerce,WH-HYD-01,HopCo Supplies,Road (Truck),513,193,86.85,99009,44554.05,55.0,584.73,3,Yes,Delivered On Time,1.62
ORD-00285,2024-07-08,2024-07-09,2024-07-15,2024-07-15,East India,Patna,Wheat_330ml,Modern Trade,WH-BLR-01,PackRight Solutions,Road (Truck),284,154,58.52,43736,16619.68,62.0,644.75,6,Yes,Delivered On Time,0.61
ORD-00286,2024-02-01,2024-02-02,2024-02-07,2024-02-08,West India,Pune,Premium_Lager_330ml,On-Premise (Bar/Restaurant),WH-DEL-01,PackRight Solutions,Rail Freight,462,211,94.95,97482,43866.9,55.0,567.0,5,Yes,Delivered On Time,1.02
ORD-00287,2024-09-09,2024-09-10,2024-09-13,2024-09-14,West India,Pune,Strong_Beer_500ml,On-Premise (Bar/Restaurant),WH-HYD-01,HopCo Supplies,Road (Truck),404,195,83.85,78780,33875.4,57.0,374.35,3,No,Delivered On Time,0.96
ORD-00288,2023-09-28,2023-09-29,2023-10-03,2023-10-04,Central India,Bhopal,IPA_330ml,Modern Trade,WH-KOL-01,HopCo Supplies,Road (Truck),328,177,70.8,58056,23222.4,60.0,348.72,4,Yes,Delivered On Time,0.94
ORD-00289,2024-07-17,2024-07-18,2024-07-22,2024-07-23,East India,Ranchi,Lager_500ml,On-Premise (Bar/Restaurant),WH-KOL-01,PackRight Solutions,Road (Mini-Truck),311,192,80.64,59712,25079.04,58.0,284.84,4,Yes,Delivered On Time,0.69
ORD-00290,2023-08-07,2023-08-08,2023-08-14,2023-08-13,South India,Kochi,Premium_Lager_330ml,E-Commerce,WH-DEL-01,BrewMalt India,Road (Truck),168,201,90.45,33768,15195.6,55.0,294.72,6,No,Delivered Late,0.77
ORD-00291,2023-09-07,2023-09-08,2023-09-14,2023-09-14,North India,Chandigarh,IPA_330ml,General Trade,WH-HYD-01,PackRight Solutions,Rail Freight,474,178,71.2,84372,33748.8,60.0,690.14,6,Yes,Delivered On Time,1.19
ORD-00292,2024-04-01,2024-04-02,2024-04-09,2024-04-10,East India,Kolkata,Premium_Lager_330ml,On-Premise (Bar/Restaurant),WH-HYD-01,PackRight Solutions,Rail Freight,299,218,98.1,65182,29331.9,55.0,287.97,7,Yes,Delivered On Time,1.49
ORD-00293,2023-08-07,2023-08-08,2023-08-11,2023-08-12,Central India,Bhopal,Strong_Beer_500ml,Modern Trade,WH-MUM-01,AquaPure Beverages,Road (Mini-Truck),218,191,82.13,41638,17904.34,57.0,536.19,3,Yes,Delivered On Time,0.82
ORD-00294,2023-03-17,2023-03-18,2023-03-21,2023-03-22,North India,Lucknow,Lager_500ml,E-Commerce,WH-BLR-01,AquaPure Beverages,Road (Truck),601,178,74.76,106978,44930.76,58.0,745.06,3,Yes,Delivered On Time,1.32
ORD-00295,2023-05-02,2023-05-03,2023-05-07,2023-05-07,West India,Surat,IPA_330ml,On-Premise (Bar/Restaurant),WH-DEL-01,BrewMalt India,Road (Truck),400,173,69.2,69200,27680.0,60.0,796.6,4,Yes,Delivered On Time,1.06
ORD-00296,2023-10-16,2023-10-17,2023-10-21,2023-10-22,East India,Ranchi,Lager_500ml,On-Premise (Bar/Restaurant),WH-BLR-01,HopCo Supplies,Road (Mini-Truck),441,182,76.44,80262,33710.04,58.0,752.74,4,Yes,Delivered On Time,1.61
ORD-00297,2024-10-25,2024-10-27,2024-10-28,2024-10-29,West India,Nagpur,Stout_650ml,General Trade,WH-BLR-01,AquaPure Beverages,Road (Mini-Truck),79,227,113.5,17933,8966.5,50.0,140.12,1,Yes,Delivered On Time,1.45
ORD-00298,2023-12-19,2023-12-20,2023-12-22,2023-12-24,Central India,Gwalior,Lager_500ml,On-Premise (Bar/Restaurant),WH-MUM-01,HopCo Supplies,Road (Mini-Truck),524,197,82.74,103228,43355.76,58.0,1162.79,2,Yes,Delivered On Time,1.38
ORD-00299,2024-07-16,2024-07-17,2024-07-19,2024-07-21,North India,Lucknow,Strong_Beer_500ml,Modern Trade,WH-HYD-01,GrainSource Ltd,Road (Truck),243,167,71.81,40581,17449.83,57.0,587.48,2,Yes,Delivered On Time,0.62
ORD-00300,2023-07-18,2023-07-19,2023-07-23,2023-07-24,South India,Chennai,Lager_500ml,On-Premise (Bar/Restaurant),WH-HYD-01,GrainSource Ltd,Road (Truck),190,180,75.6,34200,14364.0,58.0,334.67,4,Yes,Delivered On Time,0.68
ORD-00301,2023-08-15,2023-08-16,2023-08-21,2023-08-22,East India,Guwahati,Wheat_330ml,Modern Trade,WH-BLR-01,AquaPure Beverages,Road (Truck),294,153,58.14,44982,17093.16,62.0,400.92,5,Yes,Delivered On Time,0.78
ORD-00302,2023-06-29,2023-06-30,2023-07-03,2023-07-03,West India,Surat,Stout_650ml,On-Premise (Bar/Restaurant),WH-KOL-01,BrewMalt India,Road (Mini-Truck),99,236,118.0,23364,11682.0,50.0,112.26,3,Yes,Delivered On Time,1.09
ORD-00303,2024-08-27,2024-08-28,2024-08-31,2024-08-31,North India,Delhi,Light_Beer_330ml,Modern Trade,WH-HYD-01,HopCo Supplies,Road (Mini-Truck),44,147,52.92,6468,2328.48,64.0,84.11,3,Yes,Delivered On Time,0.65
ORD-00304,2024-06-06,2024-06-07,2024-06-12,2024-06-13,East India,Guwahati,Wheat_330ml,On-Premise (Bar/Restaurant),WH-MUM-01,HopCo Supplies,Road (Truck),219,156,59.28,34164,12982.32,62.0,540.74,5,No,Delivered On Time,0.93
ORD-00305,2024-08-02,2024-08-03,2024-08-07,2024-08-07,Central India,Indore,IPA_330ml,General Trade,WH-MUM-01,HopCo Supplies,Road (Mini-Truck),94,173,69.2,16262,6504.8,60.0,196.88,4,Yes,Delivered On Time,0.76
ORD-00306,2024-06-14,2024-06-15,2024-06-17,2024-06-18,North India,Chandigarh,Stout_650ml,General Trade,WH-DEL-01,GrainSource Ltd,Road (Mini-Truck),273,222,111.0,60606,30303.0,50.0,673.49,2,Yes,Delivered On Time,1.17
ORD-00307,2024-08-06,2024-08-07,2024-08-09,2024-08-10,North India,Amritsar,Strong_Beer_500ml,On-Premise (Bar/Restaurant),WH-BLR-01,AquaPure Beverages,Road (Mini-Truck),245,177,76.11,43365,18646.95,57.0,411.19,2,Yes,Delivered On Time,0.64
ORD-00308,2024-05-08,2024-05-10,2024-05-14,2024-05-14,South India,Mysuru,IPA_330ml,On-Premise (Bar/Restaurant),WH-BLR-01,GrainSource Ltd,Road (Truck),62,166,66.4,10292,4116.8,60.0,103.83,4,Yes,Delivered On Time,1.17
ORD-00309,2023-05-02,2023-05-03,2023-05-05,2023-05-07,South India,Chennai,Wheat_330ml,General Trade,WH-BLR-01,PackRight Solutions,Road (Mini-Truck),288,165,62.7,47520,18057.6,62.0,464.93,2,Yes,Delivered On Time,1.1
ORD-00310,2024-08-29,2024-08-30,2024-09-03,2024-09-04,South India,Kochi,Lager_500ml,General Trade,WH-DEL-01,HopCo Supplies,Road (Truck),238,186,78.12,44268,18592.56,58.0,294.89,4,Yes,Delivered On Time,0.64
ORD-00311,2023-08-10,2023-08-11,2023-08-17,2023-08-18,Central India,Jabalpur,Premium_Lager_330ml,Modern Trade,WH-BLR-01,PackRight Solutions,Rail Freight,206,217,97.65,44702,20115.9,55.0,214.78,6,Yes,Delivered On Time,0.71
ORD-00312,2023-12-17,2023-12-18,2023-12-21,2023-12-22,South India,Mysuru,Strong_Beer_500ml,On-Premise (Bar/Restaurant),WH-MUM-01,PackRight Solutions,Road (Mini-Truck),592,183,78.69,108336,46584.48,57.0,490.27,3,Yes,Delivered On Time,1.67
ORD-00313,2024-05-02,2024-05-04,2024-05-08,2024-05-08,Central India,Jabalpur,Light_Beer_330ml,General Trade,WH-HYD-01,HopCo Supplies,Road (Truck),417,131,47.16,54627,19665.72,64.0,399.66,4,Yes,Delivered On Time,1.17
ORD-00314,2024-01-15,2024-01-16,2024-01-21,2024-01-21,Central India,Gwalior,Light_Beer_330ml,Modern Trade,WH-KOL-01,GrainSource Ltd,Road (Truck),472,146,52.56,68912,24808.32,64.0,994.38,5,Yes,Delivered On Time,1.16
ORD-00315,2023-08-27,2023-08-28,2023-09-01,2023-09-02,Central India,Gwalior,Lager_500ml,E-Commerce,WH-MUM-01,BrewMalt India,Road (Truck),76,179,75.18,13604,5713.68,58.0,61.51,4,Yes,Delivered On Time,0.83
ORD-00316,2024-12-05,2024-12-06,2024-12-09,2024-12-10,Central India,Gwalior,Lager_500ml,Modern Trade,WH-KOL-01,PackRight Solutions,Road (Mini-Truck),419,181,76.02,75839,31852.38,58.0,521.33,3,Yes,Delivered On Time,1.62
ORD-00317,2024-02-28,2024-02-29,2024-03-02,2024-03-03,West India,Nagpur,Stout_650ml,On-Premise (Bar/Restaurant),WH-KOL-01,PackRight Solutions,Road (Mini-Truck),358,225,112.5,80550,40275.0,50.0,888.01,2,Yes,Delivered On Time,1.07
ORD-00318,2024-04-02,2024-04-03,2024-04-07,2024-04-08,East India,Guwahati,Strong_Beer_500ml,General Trade,WH-DEL-01,BrewMalt India,Road (Mini-Truck),212,168,72.24,35616,15314.88,57.0,368.03,4,Yes,Delivered On Time,1.61
ORD-00319,2024-04-27,2024-04-28,2024-05-04,2024-05-05,South India,Kochi,Strong_Beer_500ml,Modern Trade,WH-DEL-01,AquaPure Beverages,Rail Freight,454,167,71.81,75818,32601.74,57.0,392.34,6,Yes,Delivered On Time,1.67
ORD-00320,2023-06-29,2023-06-30,2023-07-03,2023-07-04,West India,Nagpur,Strong_Beer_500ml,On-Premise (Bar/Restaurant),WH-HYD-01,BrewMalt India,Road (Truck),298,165,70.95,49170,21143.1,57.0,383.29,3,Yes,Delivered On Time,1.09
ORD-00321,2023-02-06,2023-02-09,2023-02-12,2023-02-12,Central India,Gwalior,Premium_Lager_330ml,General Trade,WH-HYD-01,AquaPure Beverages,Road (Truck),388,190,85.5,73720,33174.0,55.0,573.87,3,Yes,Delivered On Time,1.01
ORD-00322,2024-07-16,2024-07-18,2024-07-23,2024-07-23,West India,Nagpur,Wheat_330ml,Modern Trade,WH-DEL-01,PackRight Solutions,Rail Freight,317,157,59.66,49769,18912.22,62.0,402.61,5,No,Delivered On Time,0.67
ORD-00323,2024-06-02,2024-06-03,2024-06-08,2024-06-08,South India,Kochi,IPA_330ml,Modern Trade,WH-BLR-01,PackRight Solutions,Road (Truck),80,166,66.4,13280,5312.0,60.0,194.11,5,Yes,Delivered On Time,0.93
ORD-00324,2023-09-07,2023-09-08,2023-09-12,2023-09-12,Central India,Raipur,Strong_Beer_500ml,E-Commerce,WH-KOL-01,GrainSource Ltd,Road (Mini-Truck),505,179,76.97,90395,38869.85,57.0,817.77,4,Yes,Delivered On Time,1.13
ORD-00325,2024-02-27,2024-02-28,2024-03-05,2024-03-05,North India,Jaipur,Strong_Beer_500ml,General Trade,WH-MUM-01,GrainSource Ltd,Rail Freight,373,182,78.26,67886,29190.98,57.0,357.38,6,Yes,Delivered On Time,1.19
ORD-00326,2024-08-10,2024-08-12,2024-08-14,2024-08-15,North India,Amritsar,Wheat_330ml,E-Commerce,WH-BLR-01,HopCo Supplies,Road (Truck),289,161,61.18,46529,17681.02,62.0,346.59,2,Yes,Delivered On Time,0.67
ORD-00327,2023-12-31,2024-01-02,2024-01-09,2024-01-09,East India,Bhubaneswar,Wheat_330ml,General Trade,WH-MUM-01,PackRight Solutions,Rail Freight,141,143,54.34,20163,7661.94,62.0,259.93,7,Yes,Delivered On Time,1.36
ORD-00328,2024-08-11,2024-08-14,2024-08-20,2024-08-18,North India,Jaipur,Stout_650ml,On-Premise (Bar/Restaurant),WH-KOL-01,BrewMalt India,Rail Freight,246,215,107.5,52890,26445.0,50.0,437.96,6,No,Delivered Late,0.82
ORD-00329,2024-12-03,2024-12-04,2024-12-08,2024-12-09,Central India,Jabalpur,IPA_330ml,Modern Trade,WH-HYD-01,HopCo Supplies,Road (Truck),457,153,61.2,69921,27968.4,60.0,374.78,4,Yes,Delivered On Time,1.61
ORD-00330,2023-09-23,2023-09-24,2023-09-28,2023-09-27,West India,Nagpur,Lager_500ml,On-Premise (Bar/Restaurant),WH-BLR-01,AquaPure Beverages,Road (Mini-Truck),176,177,74.34,31152,13083.84,58.0,267.64,4,No,Delivered Late,0.96
ORD-00331,2024-08-08,2024-08-09,2024-08-13,2024-08-15,East India,Patna,Light_Beer_330ml,E-Commerce,WH-BLR-01,AquaPure Beverages,Road (Truck),216,151,54.36,32616,11741.76,64.0,259.39,4,Yes,Delivered On Time,0.63
ORD-00332,2023-06-30,2023-07-02,2023-07-07,2023-07-07,West India,Pune,Wheat_330ml,General Trade,WH-KOL-01,GrainSource Ltd,Rail Freight,121,168,63.84,20328,7724.64,62.0,258.34,5,Yes,Delivered On Time,1.03
ORD-00333,2023-06-17,2023-06-18,2023-06-23,2023-06-24,East India,Ranchi,Light_Beer_330ml,Modern Trade,WH-KOL-01,GrainSource Ltd,Road (Truck),428,138,49.68,59064,21263.04,64.0,585.9,5,Yes,Delivered On Time,0.92
ORD-00334,2023-05-05,2023-05-06,2023-05-11,2023-05-12,East India,Ranchi,Premium_Lager_330ml,On-Premise (Bar/Restaurant),WH-BLR-01,GrainSource Ltd,Road (Truck),400,220,99.0,88000,39600.0,55.0,686.14,5,Yes,Delivered On Time,1.01
ORD-00335,2024-01-26,2024-01-29,2024-02-06,2024-02-04,East India,Patna,Strong_Beer_500ml,E-Commerce,WH-KOL-01,PackRight Solutions,Rail Freight,309,185,79.55,57165,24580.95,57.0,468.78,8,No,In Transit,1.08
ORD-00336,2023-08-22,2023-08-23,2023-08-27,2023-08-28,Central India,Jabalpur,Light_Beer_330ml,Modern Trade,WH-DEL-01,GrainSource Ltd,Road (Truck),261,139,50.04,36279,13060.44,64.0,602.67,4,Yes,Delivered On Time,0.68
ORD-00337,2023-01-24,2023-01-25,2023-01-29,2023-01-30,Central India,Gwalior,IPA_330ml,E-Commerce,WH-MUM-01,AquaPure Beverages,Road (Truck),159,171,68.4,27189,10875.6,60.0,184.12,4,Yes,Delivered On Time,0.94
ORD-00338,2024-02-11,2024-02-12,2024-02-14,2024-02-16,North India,Delhi,Lager_500ml,E-Commerce,WH-HYD-01,GrainSource Ltd,Road (Truck),97,173,72.66,16781,7048.02,58.0,223.61,2,Yes,Delivered On Time,1.06
ORD-00339,2023-05-15,2023-05-16,2023-05-19,2023-05-20,South India,Chennai,Strong_Beer_500ml,On-Premise (Bar/Restaurant),WH-KOL-01,AquaPure Beverages,Road (Mini-Truck),145,165,70.95,23925,10287.75,57.0,329.04,3,Yes,Delivered On Time,1.06
ORD-00340,2024-12-15,2024-12-16,2024-12-18,2024-12-19,Central India,Raipur,Premium_Lager_330ml,E-Commerce,WH-MUM-01,PackRight Solutions,Air Freight,535,209,94.05,111815,50316.75,55.0,823.61,2,Yes,Delivered On Time,1.52
ORD-00341,2024-01-10,2024-01-11,2024-01-16,2024-01-17,East India,Patna,IPA_330ml,General Trade,WH-DEL-01,GrainSource Ltd,Road (Truck),131,159,63.6,20829,8331.6,60.0,135.15,5,Yes,Delivered On Time,1.02
ORD-00342,2024-03-16,2024-03-17,2024-03-20,2024-03-21,West India,Nagpur,Lager_500ml,E-Commerce,WH-KOL-01,AquaPure Beverages,Road (Truck),575,177,74.34,101775,42745.5,58.0,1322.31,3,Yes,Delivered On Time,1.62
ORD-00343,2023-03-23,2023-03-24,2023-03-28,2023-03-28,West India,Pune,Wheat_330ml,E-Commerce,WH-KOL-01,GrainSource Ltd,Road (Truck),252,156,59.28,39312,14938.56,62.0,494.9,4,Yes,Delivered On Time,1.47
ORD-00344,2023-10-24,2023-10-25,2023-10-29,2023-10-30,Central India,Raipur,IPA_330ml,General Trade,WH-DEL-01,HopCo Supplies,Road (Truck),379,169,67.6,64051,25620.4,60.0,509.79,4,Yes,Delivered On Time,1.34
ORD-00345,2023-05-09,2023-05-10,2023-05-12,2023-05-14,North India,Amritsar,Lager_500ml,General Trade,WH-DEL-01,GrainSource Ltd,Road (Truck),468,170,71.4,79560,33415.2,58.0,646.43,2,Yes,Delivered On Time,1.11
ORD-00346,2023-05-30,2023-05-31,2023-06-03,2023-06-04,West India,Ahmedabad,IPA_330ml,Modern Trade,WH-BLR-01,AquaPure Beverages,Road (Truck),411,162,64.8,66582,26632.8,60.0,916.78,3,Yes,Delivered On Time,0.92
ORD-00347,2024-03-29,2024-03-30,2024-04-02,2024-04-02,North India,Delhi,Light_Beer_330ml,General Trade,WH-KOL-01,AquaPure Beverages,Road (Mini-Truck),93,136,48.96,12648,4553.28,64.0,229.67,3,Yes,Delivered On Time,1.4
ORD-00348,2024-07-16,2024-07-17,2024-07-18,2024-07-20,West India,Ahmedabad,Stout_650ml,General Trade,WH-DEL-01,HopCo Supplies,Road (Mini-Truck),130,225,112.5,29250,14625.0,50.0,294.87,1,Yes,Delivered On Time,0.73
ORD-00349,2023-10-10,2023-10-11,2023-10-16,2023-10-15,North India,Lucknow,Strong_Beer_500ml,E-Commerce,WH-BLR-01,HopCo Supplies,Road (Truck),385,190,81.7,73150,31454.5,57.0,758.56,5,No,Delivered Late,1.53
ORD-00350,2024-09-25,2024-09-26,2024-10-01,2024-10-02,East India,Kolkata,Wheat_330ml,General Trade,WH-KOL-01,BrewMalt India,Road (Truck),438,160,60.8,70080,26630.4,62.0,749.77,5,Yes,Delivered On Time,1.0
ORD-00351,2023-12-22,2023-12-23,2023-12-26,2023-12-27,South India,Kochi,Wheat_330ml,On-Premise (Bar/Restaurant),WH-HYD-01,BrewMalt India,Road (Mini-Truck),443,163,61.94,72209,27439.42,62.0,455.87,3,Yes,Delivered On Time,1.62
ORD-00352,2023-07-14,2023-07-15,2023-07-17,2023-07-18,West India,Surat,Premium_Lager_330ml,On-Premise (Bar/Restaurant),WH-HYD-01,PackRight Solutions,Road (Mini-Truck),242,201,90.45,48642,21888.9,55.0,439.9,2,Yes,Delivered On Time,0.74
ORD-00353,2023-09-27,2023-09-28,2023-10-02,2023-10-03,South India,Bengaluru,Premium_Lager_330ml,General Trade,WH-KOL-01,PackRight Solutions,Road (Truck),298,190,85.5,56620,25479.0,55.0,685.69,4,Yes,Delivered On Time,1.06
ORD-00354,2024-07-05,2024-07-06,2024-07-11,2024-07-11,East India,Ranchi,Wheat_330ml,On-Premise (Bar/Restaurant),WH-DEL-01,AquaPure Beverages,Road (Mini-Truck),117,156,59.28,18252,6935.76,62.0,149.91,5,Yes,Delivered On Time,0.8
ORD-00355,2023-05-13,2023-05-14,2023-05-20,2023-05-22,East India,Kolkata,Lager_500ml,Modern Trade,WH-DEL-01,AquaPure Beverages,Rail Freight,62,176,73.92,10912,4583.04,58.0,117.24,6,Yes,Delivered On Time,0.95
ORD-00356,2024-09-12,2024-09-14,2024-09-17,2024-09-17,West India,Nagpur,Premium_Lager_330ml,On-Premise (Bar/Restaurant),WH-DEL-01,AquaPure Beverages,Road (Truck),62,219,98.55,13578,6110.1,55.0,137.3,3,Yes,Delivered On Time,1.12
ORD-00357,2023-03-01,2023-03-02,2023-03-03,2023-03-05,North India,Chandigarh,Premium_Lager_330ml,E-Commerce,WH-BLR-01,PackRight Solutions,Road (Mini-Truck),303,206,92.7,62418,28088.1,55.0,728.97,1,Yes,Delivered On Time,1.63
ORD-00358,2023-07-17,2023-07-18,2023-07-20,2023-07-22,North India,Delhi,Strong_Beer_500ml,General Trade,WH-HYD-01,BrewMalt India,Road (Truck),129,183,78.69,23607,10151.01,57.0,194.25,2,Yes,Delivered On Time,0.73
ORD-00359,2023-06-20,2023-06-21,2023-06-27,2023-06-28,Central India,Raipur,Strong_Beer_500ml,E-Commerce,WH-KOL-01,GrainSource Ltd,Rail Freight,377,177,76.11,66729,28693.47,57.0,686.09,6,Yes,Delivered On Time,1.14
ORD-00360,2024-03-16,2024-03-17,2024-03-21,2024-03-22,East India,Ranchi,Stout_650ml,On-Premise (Bar/Restaurant),WH-KOL-01,GrainSource Ltd,Road (Mini-Truck),350,229,114.5,80150,40075.0,50.0,607.39,4,Yes,Delivered On Time,1.63
ORD-00361,2023-10-19,2023-10-22,2023-10-26,2023-10-25,East India,Guwahati,IPA_330ml,E-Commerce,WH-DEL-01,BrewMalt India,Road (Mini-Truck),485,154,61.6,74690,29876.0,60.0,1093.54,4,No,Delivered Late,1.54
ORD-00362,2023-12-31,2024-01-02,2024-01-07,2024-01-07,East India,Ranchi,Premium_Lager_330ml,General Trade,WH-DEL-01,PackRight Solutions,Road (Truck),251,201,90.45,50451,22702.95,55.0,328.94,5,Yes,Delivered On Time,1.36
ORD-00363,2023-06-27,2023-06-28,2023-07-01,2023-07-01,West India,Nagpur,Wheat_330ml,Modern Trade,WH-BLR-01,PackRight Solutions,Road (Mini-Truck),423,162,61.56,68526,26039.88,62.0,554.41,3,Yes,Delivered On Time,1.05
ORD-00364,2024-03-20,2024-03-22,2024-03-25,2024-03-25,West India,Mumbai,Light_Beer_330ml,Modern Trade,WH-BLR-01,BrewMalt India,Road (Truck),726,133,47.88,96558,34760.88,64.0,1324.16,3,Yes,Delivered On Time,1.47
ORD-00365,2023-06-03,2023-06-04,2023-06-07,2023-06-08,West India,Mumbai,Stout_650ml,Modern Trade,WH-BLR-01,PackRight Solutions,Road (Truck),407,217,108.5,88319,44159.5,50.0,997.46,3,No,Delivered On Time,1.0
ORD-00366,2024-02-08,2024-02-09,2024-02-13,2024-02-14,Central India,Gwalior,Lager_500ml,General Trade,WH-KOL-01,AquaPure Beverages,Road (Truck),208,172,72.24,35776,15025.92,58.0,259.24,4,Yes,Delivered On Time,0.94
ORD-00367,2023-07-22,2023-07-23,2023-07-27,2023-07-28,Central India,Jabalpur,Light_Beer_330ml,General Trade,WH-MUM-01,BrewMalt India,Road (Truck),275,148,53.28,40700,14652.0,64.0,335.12,4,Yes,Delivered On Time,0.72
ORD-00368,2024-03-09,2024-03-10,2024-03-14,2024-03-15,East India,Guwahati,Stout_650ml,Modern Trade,WH-DEL-01,GrainSource Ltd,Road (Mini-Truck),213,220,110.0,46860,23430.0,50.0,231.69,4,Yes,Delivered On Time,1.45
ORD-00369,2023-08-28,2023-08-29,2023-09-03,2023-09-03,Central India,Jabalpur,Premium_Lager_330ml,General Trade,WH-KOL-01,PackRight Solutions,Road (Truck),156,194,87.3,30264,13618.8,55.0,139.26,5,Yes,Delivered On Time,0.65
ORD-00370,2024-04-27,2024-04-28,2024-05-02,2024-05-03,South India,Hyderabad,Lager_500ml,On-Premise (Bar/Restaurant),WH-DEL-01,AquaPure Beverages,Road (Truck),205,193,81.06,39565,16617.3,58.0,254.14,4,Yes,Delivered On Time,1.31
ORD-00371,2024-11-10,2024-11-11,2024-11-14,2024-11-15,Central India,Indore,Strong_Beer_500ml,Modern Trade,WH-KOL-01,AquaPure Beverages,Road (Mini-Truck),271,170,73.1,46070,19810.1,57.0,341.78,3,Yes,Delivered On Time,1.51
ORD-00372,2023-01-20,2023-01-21,2023-01-26,2023-01-27,North India,Delhi,IPA_330ml,On-Premise (Bar/Restaurant),WH-BLR-01,GrainSource Ltd,Rail Freight,378,162,64.8,61236,24494.4,60.0,366.41,5,No,Delivered On Time,0.99
ORD-00373,2024-04-13,2024-04-14,2024-04-18,2024-04-18,West India,Nagpur,Premium_Lager_330ml,Modern Trade,WH-MUM-01,HopCo Supplies,Road (Truck),629,190,85.5,119510,53779.5,55.0,1027.09,4,Yes,Delivered On Time,1.52
ORD-00374,2023-08-30,2023-09-01,2023-09-03,2023-09-03,North India,Chandigarh,Strong_Beer_500ml,On-Premise (Bar/Restaurant),WH-BLR-01,BrewMalt India,Road (Mini-Truck),260,173,74.39,44980,19341.4,57.0,601.56,2,Yes,Delivered On Time,0.85
ORD-00375,2024-11-03,2024-11-04,2024-11-10,2024-11-11,Central India,Raipur,Wheat_330ml,General Trade,WH-BLR-01,AquaPure Beverages,Rail Freight,571,152,57.76,86792,32980.96,62.0,1123.21,6,Yes,Delivered On Time,1.35
ORD-00376,2023-12-04,2023-12-05,2023-12-11,2023-12-12,South India,Mysuru,Wheat_330ml,E-Commerce,WH-BLR-01,HopCo Supplies,Rail Freight,173,146,55.48,25258,9598.04,62.0,197.9,6,Yes,Delivered On Time,1.48
ORD-00377,2024-08-01,2024-08-02,2024-08-07,2024-08-07,East India,Ranchi,Wheat_330ml,E-Commerce,WH-MUM-01,HopCo Supplies,Road (Mini-Truck),175,142,53.96,24850,9443.0,62.0,234.49,5,Yes,Delivered On Time,0.83
ORD-00378,2024-10-14,2024-10-15,2024-10-17,2024-10-19,North India,Chandigarh,IPA_330ml,E-Commerce,WH-BLR-01,PackRight Solutions,Road (Truck),317,154,61.6,48818,19527.2,60.0,664.48,2,Yes,Delivered On Time,1.67
ORD-00379,2024-12-04,2024-12-05,2024-12-08,2024-12-10,Central India,Raipur,Premium_Lager_330ml,General Trade,WH-HYD-01,GrainSource Ltd,Road (Truck),117,212,95.4,24804,11161.8,55.0,186.84,3,Yes,Delivered On Time,1.31
ORD-00380,2023-08-20,2023-08-22,2023-08-28,2023-08-26,South India,Kochi,IPA_330ml,E-Commerce,WH-MUM-01,HopCo Supplies,Road (Truck),269,150,60.0,40350,16140.0,60.0,307.96,6,No,Delivered Late,0.61
ORD-00381,2023-09-10,2023-09-11,2023-09-17,2023-09-17,North India,Lucknow,IPA_330ml,E-Commerce,WH-BLR-01,PackRight Solutions,Rail Freight,460,151,60.4,69460,27784.0,60.0,676.23,6,Yes,Delivered On Time,1.03
ORD-00382,2024-04-12,2024-04-15,2024-04-19,2024-04-18,Central India,Gwalior,Premium_Lager_330ml,Modern Trade,WH-HYD-01,PackRight Solutions,Road (Truck),115,218,98.1,25070,11281.5,55.0,201.03,4,No,Delivered Late,1.63
ORD-00383,2023-10-20,2023-10-21,2023-10-25,2023-10-27,North India,Lucknow,Stout_650ml,E-Commerce,WH-KOL-01,AquaPure Beverages,Rail Freight,393,219,109.5,86067,43033.5,50.0,409.43,4,Yes,Delivered On Time,1.48
ORD-00384,2024-12-13,2024-12-14,2024-12-18,2024-12-20,North India,Amritsar,Lager_500ml,General Trade,WH-HYD-01,HopCo Supplies,Rail Freight,381,183,76.86,69723,29283.66,58.0,885.54,4,Yes,Delivered On Time,1.52
ORD-00385,2023-05-07,2023-05-08,2023-05-09,2023-05-11,West India,Mumbai,Stout_650ml,On-Premise (Bar/Restaurant),WH-MUM-01,PackRight Solutions,Road (Mini-Truck),382,224,112.0,85568,42784.0,50.0,777.63,1,Yes,Delivered On Time,0.93
ORD-00386,2023-12-10,2023-12-11,2023-12-15,2023-12-15,Central India,Indore,IPA_330ml,E-Commerce,WH-DEL-01,AquaPure Beverages,Road (Mini-Truck),592,177,70.8,104784,41913.6,60.0,1190.2,4,Yes,Delivered On Time,1.53
ORD-00387,2023-05-01,2023-05-02,2023-05-06,2023-05-07,East India,Patna,Strong_Beer_500ml,E-Commerce,WH-BLR-01,PackRight Solutions,Road (Mini-Truck),179,165,70.95,29535,12700.05,57.0,403.5,4,Yes,Delivered On Time,1.17
ORD-00388,2024-05-02,2024-05-03,2024-05-04,2024-05-06,North India,Amritsar,IPA_330ml,General Trade,WH-MUM-01,PackRight Solutions,Road (Mini-Truck),287,152,60.8,43624,17449.6,60.0,365.29,1,Yes,Delivered On Time,1.04
ORD-00389,2023-02-07,2023-02-08,2023-02-11,2023-02-12,South India,Bengaluru,Wheat_330ml,General Trade,WH-DEL-01,BrewMalt India,Road (Mini-Truck),62,161,61.18,9982,3793.16,62.0,58.84,3,Yes,Delivered On Time,0.94
ORD-00390,2024-12-17,2024-12-18,2024-12-20,2024-12-21,West India,Pune,Wheat_330ml,On-Premise (Bar/Restaurant),WH-HYD-01,BrewMalt India,Road (Mini-Truck),697,157,59.66,109429,41583.02,62.0,1661.31,2,Yes,Delivered On Time,1.54
ORD-00391,2024-07-17,2024-07-18,2024-07-23,2024-07-23,East India,Patna,Stout_650ml,E-Commerce,WH-DEL-01,HopCo Supplies,Road (Mini-Truck),180,214,107.0,38520,19260.0,50.0,270.61,5,Yes,Delivered On Time,0.62
ORD-00392,2024-10-06,2024-10-07,2024-10-10,2024-10-11,South India,Mysuru,Lager_500ml,Modern Trade,WH-HYD-01,AquaPure Beverages,Road (Mini-Truck),141,185,77.7,26085,10955.7,58.0,282.22,3,Yes,Delivered On Time,1.51
ORD-00393,2024-05-23,2024-05-24,2024-05-26,2024-05-28,Central India,Raipur,Stout_650ml,On-Premise (Bar/Restaurant),WH-MUM-01,HopCo Supplies,Road (Mini-Truck),395,225,112.5,88875,44437.5,50.0,791.82,2,Yes,Delivered On Time,1.06
ORD-00394,2023-08-01,2023-08-02,2023-08-04,2023-08-05,North India,Delhi,Lager_500ml,E-Commerce,WH-DEL-01,HopCo Supplies,Road (Mini-Truck),209,183,76.86,38247,16063.74,58.0,242.64,2,Yes,Delivered On Time,0.8
ORD-00395,2024-07-17,2024-07-18,2024-07-23,2024-07-24,East India,Patna,Light_Beer_330ml,Modern Trade,WH-BLR-01,BrewMalt India,Road (Truck),36,133,47.88,4788,1723.68,64.0,66.5,5,Yes,Delivered On Time,0.68
ORD-00396,2023-02-06,2023-02-07,2023-02-14,2023-02-14,South India,Chennai,Stout_650ml,On-Premise (Bar/Restaurant),WH-KOL-01,AquaPure Beverages,Rail Freight,322,214,107.0,68908,34454.0,50.0,441.04,7,Yes,Delivered On Time,1.09
ORD-00397,2023-08-02,2023-08-04,2023-08-08,2023-08-07,North India,Amritsar,Stout_650ml,On-Premise (Bar/Restaurant),WH-HYD-01,GrainSource Ltd,Road (Truck),162,235,117.5,38070,19035.0,50.0,361.14,4,No,Delivered Late,0.74
ORD-00398,2023-07-11,2023-07-12,2023-07-14,2023-07-15,West India,Nagpur,Light_Beer_330ml,General Trade,WH-HYD-01,AquaPure Beverages,Road (Mini-Truck),369,155,55.8,57195,20590.2,64.0,315.04,2,Yes,Delivered On Time,0.75
ORD-00399,2023-11-06,2023-11-07,2023-11-13,2023-11-13,North India,Jaipur,Wheat_330ml,On-Premise (Bar/Restaurant),WH-KOL-01,AquaPure Beverages,Rail Freight,283,145,55.1,41035,15593.3,62.0,665.81,6,Yes,Delivered On Time,1.39
ORD-00400,2023-12-15,2023-12-16,2023-12-21,2023-12-21,Central India,Bhopal,Light_Beer_330ml,E-Commerce,WH-HYD-01,PackRight Solutions,Road (Truck),709,157,56.52,111313,40072.68,64.0,1617.98,5,Yes,Delivered On Time,1.67
ORD-00401,2024-06-18,2024-06-19,2024-06-24,2024-06-24,South India,Chennai,Strong_Beer_500ml,Modern Trade,WH-KOL-01,BrewMalt India,Road (Truck),194,194,83.42,37636,16183.48,57.0,265.12,5,Yes,Delivered On Time,0.93
ORD-00402,2023-11-16,2023-11-17,2023-11-19,2023-11-20,North India,Amritsar,Light_Beer_330ml,On-Premise (Bar/Restaurant),WH-DEL-01,BrewMalt India,Road (Mini-Truck),244,140,50.4,34160,12297.6,64.0,515.75,2,Yes,Delivered On Time,1.56
ORD-00403,2024-09-29,2024-09-30,2024-10-05,2024-10-06,East India,Bhubaneswar,Wheat_330ml,On-Premise (Bar/Restaurant),WH-DEL-01,GrainSource Ltd,Road (Truck),109,146,55.48,15914,6047.32,62.0,261.99,5,Yes,Delivered On Time,1.07
ORD-00404,2023-12-13,2023-12-14,2023-12-18,2023-12-18,Central India,Indore,Wheat_330ml,Modern Trade,WH-BLR-01,BrewMalt India,Road (Mini-Truck),114,144,54.72,16416,6238.08,62.0,165.54,4,Yes,Delivered On Time,1.52
ORD-00405,2023-12-07,2023-12-08,2023-12-11,2023-12-12,West India,Surat,Wheat_330ml,E-Commerce,WH-HYD-01,AquaPure Beverages,Road (Truck),676,164,62.32,110864,42128.32,62.0,1409.3,3,No,Delivered On Time,1.63
ORD-00406,2024-12-01,2024-12-02,2024-12-07,2024-12-07,Central India,Indore,Lager_500ml,E-Commerce,WH-DEL-01,GrainSource Ltd,Road (Truck),689,184,77.28,126776,53245.92,58.0,1600.33,5,Yes,Delivered On Time,1.56
ORD-00407,2023-01-31,2023-02-01,2023-02-07,2023-02-07,East India,Guwahati,Wheat_330ml,On-Premise (Bar/Restaurant),WH-BLR-01,PackRight Solutions,Road (Truck),98,151,57.38,14798,5623.24,62.0,136.48,6,Yes,Delivered On Time,0.92
ORD-00408,2024-10-27,2024-10-28,2024-11-01,2024-11-02,South India,Mysuru,Lager_500ml,E-Commerce,WH-DEL-01,HopCo Supplies,Road (Truck),271,187,78.54,50677,21284.34,58.0,329.07,4,Yes,Delivered On Time,1.33
ORD-00409,2024-08-28,2024-08-29,2024-09-03,2024-09-04,West India,Surat,Lager_500ml,On-Premise (Bar/Restaurant),WH-MUM-01,BrewMalt India,Rail Freight,193,188,78.96,36284,15239.28,58.0,371.8,5,Yes,Delivered On Time,0.71
ORD-00410,2024-03-31,2024-04-01,2024-04-04,2024-04-05,Central India,Jabalpur,Lager_500ml,E-Commerce,WH-BLR-01,GrainSource Ltd,Road (Mini-Truck),352,172,72.24,60544,25428.48,58.0,772.21,3,Yes,Delivered On Time,1.37
ORD-00411,2024-10-13,2024-10-14,2024-10-19,2024-10-20,West India,Mumbai,Lager_500ml,General Trade,WH-MUM-01,AquaPure Beverages,Rail Freight,707,174,73.08,123018,51667.56,58.0,1305.46,5,Yes,Delivered On Time,1.62
ORD-00412,2024-11-26,2024-11-29,2024-12-02,2024-12-01,South India,Chennai,Strong_Beer_500ml,On-Premise (Bar/Restaurant),WH-BLR-01,AquaPure Beverages,Road (Mini-Truck),386,187,80.41,72182,31038.26,57.0,956.09,3,No,Delivered Late,1.42
ORD-00413,2023-01-01,2023-01-02,2023-01-04,2023-01-05,South India,Hyderabad,Lager_500ml,On-Premise (Bar/Restaurant),WH-HYD-01,PackRight Solutions,Air Freight,521,181,76.02,94301,39606.42,58.0,799.17,2,Yes,Delivered On Time,1.11
ORD-00414,2024-07-12,2024-07-13,2024-07-16,2024-07-17,West India,Ahmedabad,Strong_Beer_500ml,E-Commerce,WH-KOL-01,AquaPure Beverages,Road (Truck),89,180,77.4,16020,6888.6,57.0,125.71,3,Yes,Delivered On Time,0.65
ORD-00415,2024-10-25,2024-10-26,2024-10-30,2024-10-31,South India,Hyderabad,Light_Beer_330ml,General Trade,WH-MUM-01,AquaPure Beverages,Road (Truck),548,158,56.88,86584,31170.24,64.0,517.27,4,No,Delivered On Time,1.31
ORD-00416,2024-07-19,2024-07-20,2024-07-23,2024-07-24,West India,Nagpur,IPA_330ml,General Trade,WH-KOL-01,HopCo Supplies,Road (Truck),199,161,64.4,32039,12815.6,60.0,327.73,3,Yes,Delivered On Time,0.81
ORD-00417,2024-08-04,2024-08-05,2024-08-09,2024-08-08,Central India,Raipur,IPA_330ml,On-Premise (Bar/Restaurant),WH-DEL-01,GrainSource Ltd,Air Freight,171,153,61.2,26163,10465.2,60.0,289.83,4,No,Delivered Late,0.72
ORD-00418,2024-11-10,2024-11-11,2024-11-15,2024-11-15,West India,Nagpur,Lager_500ml,Modern Trade,WH-MUM-01,GrainSource Ltd,Road (Truck),149,191,80.22,28459,11952.78,58.0,132.57,4,Yes,Delivered On Time,1.68
ORD-00419,2024-08-10,2024-08-13,2024-08-20,2024-08-18,Central India,Bhopal,IPA_330ml,E-Commerce,WH-HYD-01,GrainSource Ltd,Rail Freight,206,161,64.4,33166,13266.4,60.0,487.99,7,No,Delivered Late,0.78
ORD-00420,2023-02-22,2023-02-23,2023-02-26,2023-02-28,Central India,Raipur,Lager_500ml,E-Commerce,WH-HYD-01,BrewMalt India,Road (Truck),218,195,81.9,42510,17854.2,58.0,221.4,3,Yes,Delivered On Time,1.1
ORD-00421,2023-01-15,2023-01-17,2023-01-24,2023-01-24,East India,Patna,Wheat_330ml,On-Premise (Bar/Restaurant),WH-BLR-01,HopCo Supplies,Rail Freight,402,145,55.1,58290,22150.2,62.0,574.3,7,Yes,Delivered On Time,1.12
ORD-00422,2023-12-18,2023-12-20,2023-12-26,2023-12-27,East India,Bhubaneswar,IPA_330ml,General Trade,WH-HYD-01,AquaPure Beverages,Rail Freight,209,169,67.6,35321,14128.4,60.0,520.22,6,Yes,Delivered On Time,1.69
ORD-00423,2023-12-20,2023-12-22,2023-12-24,2023-12-25,South India,Kochi,Strong_Beer_500ml,General Trade,WH-MUM-01,AquaPure Beverages,Road (Mini-Truck),244,189,81.27,46116,19829.88,57.0,392.74,2,Yes,Delivered On Time,1.32
ORD-00424,2024-06-27,2024-06-29,2024-07-03,2024-07-03,Central India,Indore,IPA_330ml,E-Commerce,WH-KOL-01,BrewMalt India,Road (Truck),64,159,63.6,10176,4070.4,60.0,155.84,4,Yes,Delivered On Time,1.16
ORD-00425,2024-10-29,2024-10-30,2024-10-31,2024-11-02,North India,Amritsar,Strong_Beer_500ml,On-Premise (Bar/Restaurant),WH-KOL-01,HopCo Supplies,Road (Mini-Truck),362,173,74.39,62626,26929.18,57.0,530.32,1,Yes,Delivered On Time,1.64
ORD-00426,2023-01-11,2023-01-12,2023-01-15,2023-01-17,Central India,Indore,Premium_Lager_330ml,On-Premise (Bar/Restaurant),WH-MUM-01,HopCo Supplies,Road (Truck),522,192,86.4,100224,45100.8,55.0,813.33,3,Yes,Delivered On Time,1.1
ORD-00427,2023-02-28,2023-03-02,2023-03-08,2023-03-06,East India,Patna,Wheat_330ml,Modern Trade,WH-DEL-01,PackRight Solutions,Road (Mini-Truck),455,168,63.84,76440,29047.2,62.0,456.8,6,No,Delivered Late,1.18
ORD-00428,2023-09-17,2023-09-18,2023-09-21,2023-09-22,South India,Kochi,Strong_Beer_500ml,General Trade,WH-DEL-01,GrainSource Ltd,Road (Mini-Truck),384,194,83.42,74496,32033.28,57.0,809.44,3,No,Delivered On Time,0.99
ORD-00429,2024-01-27,2024-01-30,2024-02-03,2024-02-02,East India,Bhubaneswar,Light_Beer_330ml,Modern Trade,WH-BLR-01,PackRight Solutions,Road (Mini-Truck),81,138,49.68,11178,4024.08,64.0,192.67,4,No,Delivered Late,1.02
ORD-00430,2024-03-17,2024-03-19,2024-03-22,2024-03-22,West India,Pune,Strong_Beer_500ml,E-Commerce,WH-DEL-01,PackRight Solutions,Road (Truck),526,168,72.24,88368,37998.24,57.0,486.0,3,Yes,Delivered On Time,1.39
ORD-00431,2023-01-01,2023-01-02,2023-01-06,2023-01-07,East India,Guwahati,Lager_500ml,E-Commerce,WH-MUM-01,PackRight Solutions,Road (Mini-Truck),460,182,76.44,83720,35162.4,58.0,817.37,4,Yes,Delivered On Time,1.18
ORD-00432,2023-01-04,2023-01-05,2023-01-07,2023-01-09,West India,Surat,IPA_330ml,E-Commerce,WH-DEL-01,GrainSource Ltd,Road (Truck),410,176,70.4,72160,28864.0,60.0,1019.15,2,Yes,Delivered On Time,1.02
ORD-00433,2023-12-15,2023-12-16,2023-12-21,2023-12-22,East India,Guwahati,Lager_500ml,Modern Trade,WH-BLR-01,AquaPure Beverages,Road (Truck),379,194,81.48,73526,30880.92,58.0,328.54,5,Yes,Delivered On Time,1.33
ORD-00434,2024-01-03,2024-01-04,2024-01-06,2024-01-08,South India,Hyderabad,Strong_Beer_500ml,E-Commerce,WH-DEL-01,PackRight Solutions,Road (Mini-Truck),391,179,76.97,69989,30095.27,57.0,791.21,2,Yes,Delivered On Time,1.05
ORD-00435,2024-05-26,2024-05-27,2024-06-01,2024-05-31,South India,Kochi,IPA_330ml,Modern Trade,WH-HYD-01,BrewMalt India,Road (Mini-Truck),505,175,70.0,88375,35350.0,60.0,1080.31,5,No,Delivered Late,1.06
ORD-00436,2024-08-16,2024-08-17,2024-08-20,2024-08-21,West India,Mumbai,Wheat_330ml,E-Commerce,WH-HYD-01,PackRight Solutions,Road (Truck),56,141,53.58,7896,3000.48,62.0,131.16,3,Yes,Delivered On Time,0.66
ORD-00437,2023-02-21,2023-02-22,2023-02-25,2023-02-26,North India,Lucknow,Strong_Beer_500ml,General Trade,WH-DEL-01,BrewMalt India,Road (Truck),549,190,81.7,104310,44853.3,57.0,498.89,3,Yes,Delivered On Time,1.17
ORD-00438,2024-03-12,2024-03-13,2024-03-18,2024-03-19,North India,Jaipur,Premium_Lager_330ml,General Trade,WH-DEL-01,HopCo Supplies,Rail Freight,682,213,95.85,145266,65369.7,55.0,1213.38,5,No,Delivered On Time,1.43
ORD-00439,2023-03-06,2023-03-07,2023-03-12,2023-03-13,East India,Bhubaneswar,Light_Beer_330ml,Modern Trade,WH-HYD-01,PackRight Solutions,Road (Truck),164,154,55.44,25256,9092.16,64.0,253.5,5,Yes,Delivered On Time,1.35
ORD-00440,2024-05-13,2024-05-15,2024-05-18,2024-05-18,North India,Lucknow,Lager_500ml,E-Commerce,WH-MUM-01,AquaPure Beverages,Road (Truck),48,175,73.5,8400,3528.0,58.0,61.55,3,Yes,Delivered On Time,0.92
ORD-00441,2023-09-02,2023-09-03,2023-09-06,2023-09-08,South India,Chennai,Wheat_330ml,On-Premise (Bar/Restaurant),WH-HYD-01,GrainSource Ltd,Road (Truck),427,162,61.56,69174,26286.12,62.0,1031.42,3,Yes,Delivered On Time,1.18
ORD-00442,2024-06-26,2024-06-28,2024-07-05,2024-07-03,East India,Guwahati,Lager_500ml,General Trade,WH-MUM-01,HopCo Supplies,Road (Truck),435,181,76.02,78735,33068.7,58.0,811.27,7,No,Delivered Late,1.19
ORD-00443,2024-04-30,2024-05-02,2024-05-05,2024-05-06,East India,Kolkata,Wheat_330ml,Modern Trade,WH-MUM-01,GrainSource Ltd,Road (Mini-Truck),196,161,61.18,31556,11991.28,62.0,226.64,3,Yes,Delivered On Time,1.5
ORD-00444,2023-02-23,2023-02-24,2023-03-01,2023-03-02,East India,Ranchi,Light_Beer_330ml,E-Commerce,WH-DEL-01,AquaPure Beverages,Road (Truck),165,135,48.6,22275,8019.0,64.0,383.07,5,Yes,Delivered On Time,1.18
ORD-00445,2023-11-30,2023-12-01,2023-12-04,2023-12-05,Central India,Gwalior,Stout_650ml,E-Commerce,WH-MUM-01,HopCo Supplies,Road (Mini-Truck),147,220,110.0,32340,16170.0,50.0,167.57,3,Yes,Delivered On Time,1.39
ORD-00446,2023-05-29,2023-05-30,2023-06-04,2023-06-05,North India,Jaipur,Premium_Lager_330ml,E-Commerce,WH-DEL-01,GrainSource Ltd,Rail Freight,347,204,91.8,70788,31854.6,55.0,392.13,5,Yes,Delivered On Time,0.96
ORD-00447,2023-03-03,2023-03-04,2023-03-08,2023-03-09,East India,Bhubaneswar,Stout_650ml,General Trade,WH-DEL-01,GrainSource Ltd,Road (Mini-Truck),149,237,118.5,35313,17656.5,50.0,174.89,4,Yes,Delivered On Time,1.41
ORD-00448,2023-08-24,2023-08-25,2023-08-29,2023-08-28,Central India,Indore,Light_Beer_330ml,General Trade,WH-HYD-01,AquaPure Beverages,Air Freight,302,146,52.56,44092,15873.12,64.0,384.93,4,No,Delivered Late,0.62
ORD-00449,2024-08-28,2024-08-29,2024-09-04,2024-09-03,South India,Chennai,Stout_650ml,E-Commerce,WH-HYD-01,BrewMalt India,Road (Truck),288,238,119.0,68544,34272.0,50.0,606.71,6,No,Delivered Late,0.84
ORD-00450,2023-09-04,2023-09-05,2023-09-08,2023-09-09,West India,Nagpur,IPA_330ml,E-Commerce,WH-DEL-01,HopCo Supplies,Road (Truck),400,150,60.0,60000,24000.0,60.0,563.72,3,Yes,Delivered On Time,0.92
ORD-00451,2024-08-07,2024-08-08,2024-08-09,2024-08-11,North India,Delhi,IPA_330ml,On-Premise (Bar/Restaurant),WH-MUM-01,GrainSource Ltd,Road (Mini-Truck),48,164,65.6,7872,3148.8,60.0,53.49,1,Yes,Delivered On Time,0.79
ORD-00452,2023-12-07,2023-12-08,2023-12-13,2023-12-14,West India,Mumbai,Light_Beer_330ml,Modern Trade,WH-KOL-01,HopCo Supplies,Rail Freight,303,143,51.48,43329,15598.44,64.0,538.7,5,Yes,Delivered On Time,1.51
ORD-00453,2024-11-21,2024-11-22,2024-11-27,2024-11-28,North India,Amritsar,Stout_650ml,Modern Trade,WH-HYD-01,PackRight Solutions,Rail Freight,110,213,106.5,23430,11715.0,50.0,156.52,5,Yes,Delivered On Time,1.45
ORD-00454,2023-09-02,2023-09-03,2023-09-05,2023-09-05,North India,Amritsar,Strong_Beer_500ml,General Trade,WH-MUM-01,HopCo Supplies,Air Freight,404,180,77.4,72720,31269.6,57.0,805.91,2,Yes,Delivered On Time,1.06
ORD-00455,2024-01-17,2024-01-18,2024-01-22,2024-01-24,East India,Patna,Stout_650ml,E-Commerce,WH-BLR-01,PackRight Solutions,Road (Truck),298,226,113.0,67348,33674.0,50.0,582.03,4,Yes,Delivered On Time,1.0
ORD-00456,2024-04-13,2024-04-14,2024-04-21,2024-04-20,East India,Guwahati,Premium_Lager_330ml,On-Premise (Bar/Restaurant),WH-DEL-01,HopCo Supplies,Road (Truck),332,218,98.1,72376,32569.2,55.0,328.83,7,No,Delivered Late,1.33
ORD-00457,2023-01-24,2023-01-26,2023-01-27,2023-01-27,West India,Pune,Light_Beer_330ml,General Trade,WH-HYD-01,BrewMalt India,Air Freight,395,147,52.92,58065,20903.4,64.0,811.37,1,Yes,Delivered On Time,0.99
ORD-00458,2024-06-16,2024-06-17,2024-06-24,2024-06-25,East India,Bhubaneswar,Lager_500ml,Modern Trade,WH-MUM-01,PackRight Solutions,Rail Freight,283,188,78.96,53204,22345.68,58.0,511.86,7,Yes,Delivered On Time,1.09
ORD-00459,2023-11-10,2023-11-11,2023-11-17,2023-11-16,Central India,Jabalpur,IPA_330ml,On-Premise (Bar/Restaurant),WH-HYD-01,AquaPure Beverages,Road (Truck),250,157,62.8,39250,15700.0,60.0,350.08,6,No,Delivered Late,1.37
ORD-00460,2024-12-26,2024-12-27,2024-12-29,2024-12-30,South India,Mysuru,Wheat_330ml,On-Premise (Bar/Restaurant),WH-MUM-01,HopCo Supplies,Air Freight,617,165,62.7,101805,38685.9,62.0,825.71,2,Yes,Delivered On Time,1.58
ORD-00461,2023-02-05,2023-02-06,2023-02-08,2023-02-09,West India,Ahmedabad,Stout_650ml,General Trade,WH-MUM-01,BrewMalt India,Road (Mini-Truck),248,214,107.0,53072,26536.0,50.0,325.54,2,Yes,Delivered On Time,1.1
ORD-00462,2023-06-09,2023-06-12,2023-06-17,2023-06-16,West India,Surat,Light_Beer_330ml,General Trade,WH-KOL-01,PackRight Solutions,Rail Freight,385,147,52.92,56595,20374.2,64.0,497.69,5,No,Delivered Late,0.9
ORD-00463,2024-05-05,2024-05-06,2024-05-09,2024-05-10,South India,Mysuru,Strong_Beer_500ml,E-Commerce,WH-BLR-01,AquaPure Beverages,Road (Mini-Truck),141,186,79.98,26226,11277.18,57.0,314.36,3,Yes,Delivered On Time,1.17
ORD-00464,2024-08-20,2024-08-21,2024-08-24,2024-08-26,East India,Kolkata,Stout_650ml,Modern Trade,WH-HYD-01,BrewMalt India,Road (Mini-Truck),328,239,119.5,78392,39196.0,50.0,736.05,3,Yes,Delivered On Time,0.73
ORD-00465,2024-06-07,2024-06-08,2024-06-11,2024-06-12,Central India,Jabalpur,Wheat_330ml,E-Commerce,WH-BLR-01,BrewMalt India,Road (Mini-Truck),461,151,57.38,69611,26452.18,62.0,671.4,3,Yes,Delivered On Time,1.18
ORD-00466,2023-03-31,2023-04-03,2023-04-11,2023-04-09,East India,Patna,Stout_650ml,On-Premise (Bar/Restaurant),WH-KOL-01,AquaPure Beverages,Rail Freight,385,233,116.5,89705,44852.5,50.0,943.1,8,No,Delivered Late,1.39
ORD-00467,2024-05-01,2024-05-02,2024-05-07,2024-05-06,West India,Pune,Light_Beer_330ml,Modern Trade,WH-MUM-01,GrainSource Ltd,Road (Truck),381,140,50.4,53340,19202.4,64.0,570.01,5,No,Delivered Late,1.2
ORD-00468,2023-05-21,2023-05-22,2023-05-24,2023-05-25,West India,Pune,Premium_Lager_330ml,E-Commerce,WH-HYD-01,PackRight Solutions,Road (Mini-Truck),456,202,90.9,92112,41450.4,55.0,598.9,2,Yes,Delivered On Time,0.96
ORD-00469,2023-01-03,2023-01-04,2023-01-09,2023-01-10,East India,Guwahati,Premium_Lager_330ml,E-Commerce,WH-MUM-01,GrainSource Ltd,Road (Truck),192,220,99.0,42240,19008.0,55.0,370.95,5,Yes,Delivered On Time,0.95
ORD-00470,2023-10-11,2023-10-12,2023-10-15,2023-10-16,West India,Pune,IPA_330ml,General Trade,WH-DEL-01,AquaPure Beverages,Road (Truck),126,169,67.6,21294,8517.6,60.0,286.8,3,Yes,Delivered On Time,1.5
ORD-00471,2023-03-01,2023-03-02,2023-03-05,2023-03-06,North India,Chandigarh,Premium_Lager_330ml,Modern Trade,WH-BLR-01,GrainSource Ltd,Road (Truck),388,218,98.1,84584,38062.8,55.0,548.62,3,Yes,Delivered On Time,1.36
ORD-00472,2024-10-05,2024-10-06,2024-10-09,2024-10-10,North India,Chandigarh,Stout_650ml,Modern Trade,WH-HYD-01,GrainSource Ltd,Road (Truck),134,229,114.5,30686,15343.0,50.0,295.55,3,Yes,Delivered On Time,1.37
ORD-00473,2024-06-14,2024-06-15,2024-06-21,2024-06-21,East India,Patna,Lager_500ml,On-Premise (Bar/Restaurant),WH-MUM-01,PackRight Solutions,Road (Truck),439,185,77.7,81215,34110.3,58.0,513.8,6,Yes,Delivered On Time,0.98
ORD-00474,2023-03-20,2023-03-21,2023-03-25,2023-03-26,South India,Chennai,Light_Beer_330ml,Modern Trade,WH-KOL-01,AquaPure Beverages,Road (Truck),157,159,57.24,24963,8986.68,64.0,162.7,4,Yes,Delivered On Time,1.35
ORD-00475,2023-01-30,2023-01-31,2023-02-03,2023-02-04,Central India,Gwalior,Light_Beer_330ml,On-Premise (Bar/Restaurant),WH-MUM-01,HopCo Supplies,Road (Mini-Truck),123,137,49.32,16851,6066.36,64.0,162.68,3,Yes,Delivered On Time,1.12
ORD-00476,2024-05-10,2024-05-11,2024-05-16,2024-05-16,South India,Bengaluru,IPA_330ml,Modern Trade,WH-DEL-01,BrewMalt India,Road (Truck),80,156,62.4,12480,4992.0,60.0,72.06,5,Yes,Delivered On Time,1.13
ORD-00477,2023-05-07,2023-05-09,2023-05-12,2023-05-13,East India,Kolkata,Lager_500ml,On-Premise (Bar/Restaurant),WH-DEL-01,GrainSource Ltd,Road (Mini-Truck),182,188,78.96,34216,14370.72,58.0,173.69,3,Yes,Delivered On Time,1.18
ORD-00478,2024-09-19,2024-09-20,2024-09-23,2024-09-24,Central India,Raipur,Stout_650ml,General Trade,WH-HYD-01,HopCo Supplies,Road (Mini-Truck),330,212,106.0,69960,34980.0,50.0,385.74,3,Yes,Delivered On Time,0.97
ORD-00479,2024-05-31,2024-06-01,2024-06-07,2024-06-09,East India,Bhubaneswar,Light_Beer_330ml,Modern Trade,WH-DEL-01,GrainSource Ltd,Rail Freight,339,141,50.76,47799,17207.64,64.0,333.05,6,Yes,Delivered On Time,1.16
ORD-00480,2023-11-18,2023-11-19,2023-11-23,2023-11-23,West India,Surat,Wheat_330ml,General Trade,WH-KOL-01,BrewMalt India,Road (Truck),143,156,59.28,22308,8477.04,62.0,249.84,4,Yes,Delivered On Time,1.35
ORD-00481,2024-09-06,2024-09-07,2024-09-10,2024-09-11,North India,Chandigarh,IPA_330ml,Modern Trade,WH-KOL-01,HopCo Supplies,Road (Truck),449,176,70.4,79024,31609.6,60.0,1012.1,3,Yes,Delivered On Time,1.12
ORD-00482,2024-11-21,2024-11-22,2024-11-25,2024-11-26,North India,Jaipur,Strong_Beer_500ml,On-Premise (Bar/Restaurant),WH-MUM-01,AquaPure Beverages,Road (Truck),154,177,76.11,27258,11720.94,57.0,160.73,3,Yes,Delivered On Time,1.5
ORD-00483,2023-07-23,2023-07-26,2023-07-29,2023-07-29,Central India,Bhopal,Strong_Beer_500ml,General Trade,WH-DEL-01,GrainSource Ltd,Road (Truck),240,192,82.56,46080,19814.4,57.0,487.88,3,Yes,Delivered On Time,0.68
ORD-00484,2024-09-09,2024-09-10,2024-09-15,2024-09-15,Central India,Gwalior,Stout_650ml,E-Commerce,WH-BLR-01,AquaPure Beverages,Road (Truck),354,226,113.0,80004,40002.0,50.0,434.07,5,Yes,Delivered On Time,1.19
ORD-00485,2024-05-25,2024-05-26,2024-06-01,2024-06-02,South India,Chennai,Lager_500ml,Modern Trade,WH-DEL-01,BrewMalt India,Rail Freight,155,182,76.44,28210,11848.2,58.0,288.22,6,Yes,Delivered On Time,1.1
ORD-00486,2024-05-24,2024-05-25,2024-05-30,2024-05-30,Central India,Jabalpur,Light_Beer_330ml,E-Commerce,WH-MUM-01,BrewMalt India,Road (Truck),192,147,52.92,28224,10160.64,64.0,464.52,5,Yes,Delivered On Time,1.05
ORD-00487,2024-03-29,2024-03-30,2024-04-05,2024-04-05,West India,Mumbai,IPA_330ml,E-Commerce,WH-BLR-01,AquaPure Beverages,Rail Freight,97,155,62.0,15035,6014.0,60.0,194.03,6,Yes,Delivered On Time,1.48
ORD-00488,2024-08-05,2024-08-06,2024-08-08,2024-08-09,West India,Pune,Stout_650ml,E-Commerce,WH-KOL-01,PackRight Solutions,Road (Mini-Truck),297,227,113.5,67419,33709.5,50.0,668.96,2,Yes,Delivered On Time,0.77
ORD-00489,2024-09-23,2024-09-24,2024-09-24,2024-09-26,North India,Jaipur,Stout_650ml,E-Commerce,WH-HYD-01,GrainSource Ltd,Air Freight,486,219,109.5,106434,53217.0,50.0,1080.27,0,Yes,Delivered On Time,1.1
ORD-00490,2023-12-20,2023-12-21,2023-12-25,2023-12-26,Central India,Bhopal,Light_Beer_330ml,On-Premise (Bar/Restaurant),WH-KOL-01,BrewMalt India,Road (Truck),442,141,50.76,62322,22435.92,64.0,588.11,4,Yes,Delivered On Time,1.7
ORD-00491,2023-11-30,2023-12-01,2023-12-04,2023-12-05,North India,Chandigarh,Lager_500ml,On-Premise (Bar/Restaurant),WH-MUM-01,AquaPure Beverages,Road (Truck),505,197,82.74,99485,41783.7,58.0,421.52,3,Yes,Delivered On Time,1.31
ORD-00492,2024-08-09,2024-08-10,2024-08-14,2024-08-15,Central India,Bhopal,Stout_650ml,E-Commerce,WH-HYD-01,GrainSource Ltd,Road (Truck),186,213,106.5,39618,19809.0,50.0,405.38,4,Yes,Delivered On Time,0.62
ORD-00493,2024-10-12,2024-10-14,2024-10-18,2024-10-18,South India,Mysuru,Stout_650ml,On-Premise (Bar/Restaurant),WH-KOL-01,PackRight Solutions,Road (Truck),742,212,106.0,157304,78652.0,50.0,653.56,4,Yes,Delivered On Time,1.64
ORD-00494,2023-12-11,2023-12-12,2023-12-15,2023-12-16,West India,Pune,Premium_Lager_330ml,Modern Trade,WH-HYD-01,GrainSource Ltd,Road (Truck),479,215,96.75,102985,46343.25,55.0,445.63,3,Yes,Delivered On Time,1.41
ORD-00495,2023-09-15,2023-09-16,2023-09-19,2023-09-21,Central India,Raipur,IPA_330ml,On-Premise (Bar/Restaurant),WH-MUM-01,HopCo Supplies,Road (Truck),307,171,68.4,52497,20998.8,60.0,612.67,3,Yes,Delivered On Time,1.09
ORD-00496,2024-06-29,2024-07-01,2024-07-08,2024-07-07,Central India,Jabalpur,Wheat_330ml,E-Commerce,WH-BLR-01,AquaPure Beverages,Rail Freight,554,164,62.32,90856,34525.28,62.0,632.17,7,No,Delivered Late,1.14
ORD-00497,2023-03-07,2023-03-08,2023-03-12,2023-03-13,South India,Chennai,Wheat_330ml,On-Premise (Bar/Restaurant),WH-KOL-01,HopCo Supplies,Road (Truck),748,153,58.14,114444,43488.72,62.0,1471.8,4,Yes,Delivered On Time,1.55
ORD-00498,2023-11-14,2023-11-15,2023-11-19,2023-11-19,West India,Pune,Lager_500ml,General Trade,WH-MUM-01,BrewMalt India,Road (Truck),500,183,76.86,91500,38430.0,58.0,631.81,4,Yes,Delivered On Time,1.49
ORD-00499,2024-05-12,2024-05-14,2024-05-17,2024-05-17,East India,Patna,Strong_Beer_500ml,General Trade,WH-DEL-01,AquaPure Beverages,Air Freight,88,192,82.56,16896,7265.28,57.0,79.91,3,Yes,Delivered On Time,1.13
ORD-00500,2024-05-27,2024-05-29,2024-06-04,2024-06-03,East India,Kolkata,IPA_330ml,General Trade,WH-MUM-01,HopCo Supplies,Road (Truck),374,171,68.4,63954,25581.6,60.0,861.61,6,No,Delivered Late,1.18
ORD-00501,2024-02-04,2024-02-06,2024-02-12,2024-02-12,Central India,Bhopal,Light_Beer_330ml,On-Premise (Bar/Restaurant),WH-BLR-01,GrainSource Ltd,Rail Freight,490,137,49.32,67130,24166.8,64.0,570.35,6,Yes,Delivered On Time,1.14
ORD-00502,2024-12-17,2024-12-18,2024-12-21,2024-12-22,West India,Surat,Stout_650ml,Modern Trade,WH-KOL-01,HopCo Supplies,Road (Truck),356,227,113.5,80812,40406.0,50.0,817.03,3,No,Delivered On Time,1.68
ORD-00503,2024-09-12,2024-09-13,2024-09-17,2024-09-19,East India,Guwahati,Strong_Beer_500ml,On-Premise (Bar/Restaurant),WH-BLR-01,GrainSource Ltd,Road (Truck),389,186,79.98,72354,31112.22,57.0,755.33,4,Yes,Delivered On Time,0.91
ORD-00504,2023-08-31,2023-09-02,2023-09-06,2023-09-06,Central India,Jabalpur,Stout_650ml,On-Premise (Bar/Restaurant),WH-DEL-01,BrewMalt India,Road (Truck),200,210,105.0,42000,21000.0,50.0,246.88,4,No,Delivered On Time,0.81
ORD-00505,2024-10-21,2024-10-23,2024-10-27,2024-10-26,South India,Hyderabad,Wheat_330ml,General Trade,WH-KOL-01,GrainSource Ltd,Road (Mini-Truck),97,148,56.24,14356,5455.28,62.0,145.7,4,No,Delivered Late,1.46
ORD-00506,2023-12-27,2023-12-28,2023-12-31,2024-01-01,West India,Mumbai,Light_Beer_330ml,General Trade,WH-BLR-01,HopCo Supplies,Road (Truck),621,156,56.16,96876,34875.36,64.0,1301.22,3,Yes,Delivered On Time,1.47
ORD-00507,2023-11-18,2023-11-19,2023-11-21,2023-11-22,West India,Pune,Lager_500ml,E-Commerce,WH-MUM-01,HopCo Supplies,Road (Mini-Truck),162,175,73.5,28350,11907.0,58.0,308.38,2,Yes,Delivered On Time,1.53
ORD-00508,2023-05-17,2023-05-19,2023-05-24,2023-05-23,Central India,Jabalpur,Light_Beer_330ml,On-Premise (Bar/Restaurant),WH-KOL-01,AquaPure Beverages,Road (Truck),392,148,53.28,58016,20885.76,64.0,434.81,5,No,Delivered Late,0.98
ORD-00509,2024-10-03,2024-10-04,2024-10-07,2024-10-08,Central India,Indore,Lager_500ml,Modern Trade,WH-HYD-01,AquaPure Beverages,Road (Mini-Truck),132,184,77.28,24288,10200.96,58.0,195.59,3,Yes,Delivered On Time,1.39
ORD-00510,2024-08-03,2024-08-04,2024-08-09,2024-08-09,Central India,Raipur,Wheat_330ml,Modern Trade,WH-BLR-01,BrewMalt India,Road (Truck),262,156,59.28,40872,15531.36,62.0,509.63,5,Yes,Delivered On Time,0.63
ORD-00511,2024-01-27,2024-01-28,2024-02-02,2024-02-01,South India,Chennai,Wheat_330ml,On-Premise (Bar/Restaurant),WH-BLR-01,AquaPure Beverages,Road (Mini-Truck),458,146,55.48,66868,25409.84,62.0,692.11,5,No,Delivered Late,0.94
ORD-00512,2023-09-12,2023-09-13,2023-09-15,2023-09-17,South India,Bengaluru,Stout_650ml,On-Premise (Bar/Restaurant),WH-MUM-01,AquaPure Beverages,Road (Mini-Truck),404,230,115.0,92920,46460.0,50.0,545.21,2,Yes,Delivered On Time,1.01
ORD-00513,2023-04-08,2023-04-10,2023-04-14,2023-04-14,South India,Kochi,Strong_Beer_500ml,E-Commerce,WH-HYD-01,PackRight Solutions,Road (Truck),115,175,75.25,20125,8653.75,57.0,210.55,4,Yes,Delivered On Time,1.52
ORD-00514,2024-11-18,2024-11-19,2024-11-20,2024-11-21,North India,Delhi,Stout_650ml,E-Commerce,WH-BLR-01,AquaPure Beverages,Air Freight,487,211,105.5,102757,51378.5,50.0,1159.82,1,Yes,Delivered On Time,1.45
ORD-00515,2023-11-17,2023-11-19,2023-11-24,2023-11-23,South India,Bengaluru,Stout_650ml,E-Commerce,WH-MUM-01,GrainSource Ltd,Road (Truck),151,225,112.5,33975,16987.5,50.0,193.43,5,No,In Transit,1.32
ORD-00516,2023-11-20,2023-11-23,2023-11-29,2023-11-28,Central India,Raipur,Premium_Lager_330ml,On-Premise (Bar/Restaurant),WH-KOL-01,HopCo Supplies,Rail Freight,478,214,96.3,102292,46031.4,55.0,739.94,6,No,Delivered Late,1.59
ORD-00517,2023-06-17,2023-06-20,2023-06-25,2023-06-23,South India,Bengaluru,Wheat_330ml,General Trade,WH-DEL-01,AquaPure Beverages,Road (Truck),303,143,54.34,43329,16465.02,62.0,607.62,5,No,Delivered Late,1.11
ORD-00518,2023-07-28,2023-07-29,2023-08-01,2023-08-02,West India,Surat,Lager_500ml,General Trade,WH-DEL-01,PackRight Solutions,Road (Truck),116,196,82.32,22736,9549.12,58.0,268.48,3,Yes,Delivered On Time,0.82
ORD-00519,2023-09-10,2023-09-12,2023-09-17,2023-09-18,South India,Mysuru,Lager_500ml,General Trade,WH-KOL-01,AquaPure Beverages,Rail Freight,447,173,72.66,77331,32479.02,58.0,874.82,5,Yes,Delivered On Time,1.13
ORD-00520,2024-04-16,2024-04-17,2024-04-24,2024-04-23,East India,Ranchi,Lager_500ml,On-Premise (Bar/Restaurant),WH-MUM-01,PackRight Solutions,Road (Truck),630,185,77.7,116550,48951.0,58.0,1542.62,7,No,Delivered Late,1.63
ORD-00521,2024-10-21,2024-10-22,2024-10-27,2024-10-28,West India,Ahmedabad,Strong_Beer_500ml,General Trade,WH-MUM-01,GrainSource Ltd,Rail Freight,645,166,71.38,107070,46040.1,57.0,617.48,5,Yes,Delivered On Time,1.41
ORD-00522,2023-08-02,2023-08-03,2023-08-08,2023-08-08,South India,Chennai,Light_Beer_330ml,E-Commerce,WH-DEL-01,AquaPure Beverages,Road (Truck),287,142,51.12,40754,14671.44,64.0,288.44,5,Yes,Delivered On Time,0.64
ORD-00523,2024-01-12,2024-01-14,2024-01-16,2024-01-16,West India,Ahmedabad,Strong_Beer_500ml,General Trade,WH-BLR-01,AquaPure Beverages,Road (Mini-Truck),315,179,76.97,56385,24245.55,57.0,478.55,2,Yes,Delivered On Time,1.05
ORD-00524,2024-06-09,2024-06-10,2024-06-15,2024-06-16,East India,Ranchi,Wheat_330ml,E-Commerce,WH-KOL-01,PackRight Solutions,Road (Truck),287,161,61.18,46207,17558.66,62.0,471.27,5,Yes,Delivered On Time,1.0
ORD-00525,2024-05-04,2024-05-06,2024-05-12,2024-05-11,North India,Chandigarh,IPA_330ml,E-Commerce,WH-DEL-01,BrewMalt India,Rail Freight,113,171,68.4,19323,7729.2,60.0,99.57,6,No,Delivered Late,0.99
ORD-00526,2024-11-07,2024-11-08,2024-11-11,2024-11-12,North India,Amritsar,Lager_500ml,E-Commerce,WH-KOL-01,AquaPure Beverages,Road (Truck),740,178,74.76,131720,55322.4,58.0,612.47,3,Yes,Delivered On Time,1.59
ORD-00527,2024-12-22,2024-12-23,2024-12-27,2024-12-28,South India,Chennai,Light_Beer_330ml,E-Commerce,WH-DEL-01,HopCo Supplies,Road (Truck),497,153,55.08,76041,27374.76,64.0,621.56,4,Yes,Delivered On Time,1.42
ORD-00528,2023-01-19,2023-01-20,2023-01-24,2023-01-25,South India,Chennai,Lager_500ml,On-Premise (Bar/Restaurant),WH-DEL-01,PackRight Solutions,Road (Truck),98,170,71.4,16660,6997.2,58.0,223.14,4,Yes,Delivered On Time,0.9
ORD-00529,2023-03-31,2023-04-01,2023-04-05,2023-04-07,West India,Ahmedabad,Premium_Lager_330ml,On-Premise (Bar/Restaurant),WH-KOL-01,HopCo Supplies,Rail Freight,76,196,88.2,14896,6703.2,55.0,171.78,4,No,Delivered On Time,1.35
ORD-00530,2024-07-05,2024-07-06,2024-07-11,2024-07-12,West India,Pune,Strong_Beer_500ml,General Trade,WH-KOL-01,HopCo Supplies,Rail Freight,132,189,81.27,24948,10727.64,57.0,142.87,5,Yes,Delivered On Time,0.65
ORD-00531,2023-07-26,2023-07-27,2023-07-29,2023-07-30,West India,Surat,IPA_330ml,Modern Trade,WH-KOL-01,AquaPure Beverages,Road (Mini-Truck),317,176,70.4,55792,22316.8,60.0,710.39,2,Yes,Delivered On Time,0.67
ORD-00532,2024-05-12,2024-05-14,2024-05-18,2024-05-17,West India,Surat,Strong_Beer_500ml,On-Premise (Bar/Restaurant),WH-DEL-01,BrewMalt India,Road (Truck),442,184,79.12,81328,34971.04,57.0,399.21,4,No,Delivered Late,1.05
ORD-00533,2024-03-03,2024-03-04,2024-03-09,2024-03-10,West India,Nagpur,Stout_650ml,Modern Trade,WH-BLR-01,HopCo Supplies,Rail Freight,180,225,112.5,40500,20250.0,50.0,277.49,5,Yes,Delivered On Time,1.66
ORD-00534,2023-08-13,2023-08-15,2023-08-21,2023-08-20,East India,Bhubaneswar,IPA_330ml,On-Premise (Bar/Restaurant),WH-KOL-01,AquaPure Beverages,Road (Truck),300,160,64.0,48000,19200.0,60.0,690.42,6,No,Delivered Late,0.75
ORD-00535,2023-10-17,2023-10-18,2023-10-19,2023-10-21,West India,Ahmedabad,Light_Beer_330ml,E-Commerce,WH-MUM-01,AquaPure Beverages,Road (Mini-Truck),148,151,54.36,22348,8045.28,64.0,242.23,1,Yes,Delivered On Time,1.58
ORD-00536,2023-01-19,2023-01-20,2023-01-22,2023-01-24,West India,Ahmedabad,Wheat_330ml,General Trade,WH-HYD-01,BrewMalt India,Road (Truck),184,151,57.38,27784,10557.92,62.0,304.69,2,Yes,Delivered On Time,1.01
ORD-00537,2024-05-13,2024-05-14,2024-05-17,2024-05-19,East India,Guwahati,Lager_500ml,General Trade,WH-DEL-01,HopCo Supplies,Road (Mini-Truck),219,195,81.9,42705,17936.1,58.0,274.79,3,Yes,Delivered On Time,0.98
ORD-00538,2024-03-24,2024-03-25,2024-03-30,2024-04-01,Central India,Gwalior,Strong_Beer_500ml,Modern Trade,WH-DEL-01,BrewMalt India,Rail Freight,777,189,81.27,146853,63146.79,57.0,1654.75,5,Yes,Delivered On Time,1.62
ORD-00539,2023-07-30,2023-07-31,2023-08-03,2023-08-04,Central India,Bhopal,Premium_Lager_330ml,Modern Trade,WH-MUM-01,BrewMalt India,Road (Mini-Truck),107,213,95.85,22791,10255.95,55.0,218.85,3,Yes,Delivered On Time,0.83
ORD-00540,2024-03-25,2024-03-26,2024-04-02,2024-04-02,South India,Hyderabad,Stout_650ml,General Trade,WH-DEL-01,HopCo Supplies,Rail Freight,748,234,117.0,175032,87516.0,50.0,963.04,7,Yes,Delivered On Time,1.69
ORD-00541,2023-09-09,2023-09-10,2023-09-12,2023-09-13,North India,Chandigarh,Stout_650ml,E-Commerce,WH-BLR-01,AquaPure Beverages,Road (Mini-Truck),413,226,113.0,93338,46669.0,50.0,620.65,2,Yes,Delivered On Time,0.95
ORD-00542,2023-01-11,2023-01-12,2023-01-15,2023-01-16,West India,Nagpur,Light_Beer_330ml,On-Premise (Bar/Restaurant),WH-DEL-01,AquaPure Beverages,Road (Truck),351,160,57.6,56160,20217.6,64.0,741.67,3,Yes,Delivered On Time,1.12
ORD-00543,2023-03-01,2023-03-02,2023-03-07,2023-03-08,North India,Jaipur,Light_Beer_330ml,Modern Trade,WH-MUM-01,PackRight Solutions,Rail Freight,701,155,55.8,108655,39115.8,64.0,1039.87,5,Yes,Delivered On Time,1.69
ORD-00544,2024-09-17,2024-09-18,2024-09-25,2024-09-26,East India,Patna,Stout_650ml,Modern Trade,WH-BLR-01,AquaPure Beverages,Rail Freight,481,222,111.0,106782,53391.0,50.0,1029.43,7,Yes,Delivered On Time,1.18
ORD-00545,2024-07-04,2024-07-05,2024-07-09,2024-07-11,East India,Guwahati,Light_Beer_330ml,General Trade,WH-BLR-01,BrewMalt India,Road (Truck),286,153,55.08,43758,15752.88,64.0,366.85,4,No,Delivered On Time,0.68
ORD-00546,2024-07-06,2024-07-07,2024-07-11,2024-07-12,Central India,Gwalior,Stout_650ml,On-Premise (Bar/Restaurant),WH-MUM-01,BrewMalt India,Road (Truck),129,236,118.0,30444,15222.0,50.0,127.42,4,No,Delivered On Time,0.75
ORD-00547,2024-10-28,2024-10-29,2024-11-02,2024-11-04,East India,Patna,Strong_Beer_500ml,On-Premise (Bar/Restaurant),WH-DEL-01,PackRight Solutions,Road (Truck),468,174,74.82,81432,35015.76,57.0,562.24,4,Yes,Delivered On Time,1.68
ORD-00548,2024-11-13,2024-11-14,2024-11-18,2024-11-19,Central India,Gwalior,Light_Beer_330ml,General Trade,WH-BLR-01,GrainSource Ltd,Road (Truck),669,148,53.28,99012,35644.32,64.0,816.83,4,Yes,Delivered On Time,1.61
ORD-00549,2024-12-29,2024-12-30,2025-01-03,2025-01-04,Central India,Gwalior,Wheat_330ml,On-Premise (Bar/Restaurant),WH-KOL-01,BrewMalt India,Road (Truck),382,142,53.96,54244,20612.72,62.0,445.08,4,Yes,Delivered On Time,1.47
ORD-00550,2024-10-13,2024-10-15,2024-10-19,2024-10-19,East India,Ranchi,IPA_330ml,E-Commerce,WH-BLR-01,HopCo Supplies,Road (Mini-Truck),404,172,68.8,69488,27795.2,60.0,888.99,4,No,Delivered On Time,1.47
ORD-00551,2024-06-09,2024-06-10,2024-06-12,2024-06-13,Central India,Indore,IPA_330ml,E-Commerce,WH-MUM-01,GrainSource Ltd,Air Freight,127,172,68.8,21844,8737.6,60.0,305.42,2,Yes,Delivered On Time,1.16
ORD-00552,2024-08-08,2024-08-09,2024-08-12,2024-08-13,North India,Amritsar,Light_Beer_330ml,E-Commerce,WH-DEL-01,BrewMalt India,Road (Truck),212,134,48.24,28408,10226.88,64.0,275.55,3,Yes,Delivered On Time,0.67
ORD-00553,2023-11-09,2023-11-11,2023-11-17,2023-11-17,South India,Chennai,Light_Beer_330ml,E-Commerce,WH-DEL-01,BrewMalt India,Rail Freight,265,135,48.6,35775,12879.0,64.0,369.07,6,Yes,Delivered On Time,1.66
ORD-00554,2023-12-12,2023-12-13,2023-12-16,2023-12-17,West India,Surat,Premium_Lager_330ml,On-Premise (Bar/Restaurant),WH-HYD-01,AquaPure Beverages,Road (Truck),471,216,97.2,101736,45781.2,55.0,780.96,3,Yes,Delivered On Time,1.61
ORD-00555,2024-11-11,2024-11-13,2024-11-15,2024-11-15,West India,Surat,Wheat_330ml,On-Premise (Bar/Restaurant),WH-DEL-01,AquaPure Beverages,Road (Mini-Truck),384,147,55.86,56448,21450.24,62.0,744.87,2,Yes,Delivered On Time,1.55
ORD-00556,2024-12-25,2024-12-26,2024-12-29,2024-12-31,East India,Kolkata,Light_Beer_330ml,General Trade,WH-DEL-01,BrewMalt India,Road (Mini-Truck),539,133,47.88,71687,25807.32,64.0,927.68,3,No,Delivered On Time,1.42
ORD-00557,2023-05-04,2023-05-07,2023-05-13,2023-05-12,Central India,Gwalior,Wheat_330ml,E-Commerce,WH-HYD-01,PackRight Solutions,Rail Freight,354,145,55.1,51330,19505.4,62.0,788.06,6,No,Delivered Late,1.1
ORD-00558,2024-05-18,2024-05-19,2024-05-21,2024-05-22,West India,Mumbai,Light_Beer_330ml,On-Premise (Bar/Restaurant),WH-KOL-01,GrainSource Ltd,Road (Mini-Truck),70,140,50.4,9800,3528.0,64.0,93.77,2,Yes,Delivered On Time,1.16
ORD-00559,2023-09-19,2023-09-22,2023-09-25,2023-09-24,North India,Delhi,Lager_500ml,General Trade,WH-BLR-01,BrewMalt India,Road (Truck),144,179,75.18,25776,10825.92,58.0,159.62,3,No,In Transit,1.13
ORD-00560,2023-11-28,2023-11-29,2023-12-04,2023-12-05,East India,Guwahati,Lager_500ml,On-Premise (Bar/Restaurant),WH-MUM-01,AquaPure Beverages,Road (Truck),662,198,83.16,131076,55051.92,58.0,1189.12,5,Yes,Delivered On Time,1.4
ORD-00561,2024-04-20,2024-04-21,2024-04-25,2024-04-26,Central India,Gwalior,IPA_330ml,Modern Trade,WH-BLR-01,PackRight Solutions,Road (Truck),126,165,66.0,20790,8316.0,60.0,104.79,4,Yes,Delivered On Time,1.52
ORD-00562,2024-04-01,2024-04-02,2024-04-07,2024-04-06,Central India,Bhopal,Wheat_330ml,General Trade,WH-BLR-01,PackRight Solutions,Road (Mini-Truck),498,156,59.28,77688,29521.44,62.0,1060.46,5,No,In Transit,1.33
ORD-00563,2024-09-27,2024-09-28,2024-10-04,2024-10-04,West India,Nagpur,IPA_330ml,Modern Trade,WH-DEL-01,AquaPure Beverages,Rail Freight,133,150,60.0,19950,7980.0,60.0,163.13,6,Yes,Delivered On Time,0.99
ORD-00564,2024-06-30,2024-07-01,2024-07-05,2024-07-07,East India,Bhubaneswar,Premium_Lager_330ml,On-Premise (Bar/Restaurant),WH-DEL-01,GrainSource Ltd,Road (Truck),217,192,86.4,41664,18748.8,55.0,378.89,4,Yes,Delivered On Time,1.07
ORD-00565,2024-12-25,2024-12-28,2024-12-30,2024-12-29,West India,Pune,Premium_Lager_330ml,On-Premise (Bar/Restaurant),WH-BLR-01,HopCo Supplies,Road (Mini-Truck),259,211,94.95,54649,24592.05,55.0,214.19,2,No,Delivered Late,1.48
ORD-00566,2024-02-28,2024-02-29,2024-03-02,2024-03-03,North India,Amritsar,IPA_330ml,Modern Trade,WH-DEL-01,BrewMalt India,Road (Mini-Truck),434,172,68.8,74648,29859.2,60.0,994.04,2,Yes,Delivered On Time,1.07
ORD-00567,2024-01-21,2024-01-22,2024-01-27,2024-01-27,Central India,Bhopal,Light_Beer_330ml,E-Commerce,WH-DEL-01,AquaPure Beverages,Road (Truck),267,142,51.12,37914,13649.04,64.0,217.43,5,Yes,Delivered On Time,1.15
ORD-00568,2023-10-15,2023-10-16,2023-10-21,2023-10-21,East India,Bhubaneswar,IPA_330ml,Modern Trade,WH-MUM-01,HopCo Supplies,Road (Mini-Truck),648,161,64.4,104328,41731.2,60.0,1408.95,5,Yes,Delivered On Time,1.57
ORD-00569,2024-12-21,2024-12-22,2024-12-27,2024-12-27,South India,Kochi,Stout_650ml,Modern Trade,WH-BLR-01,PackRight Solutions,Road (Truck),248,210,105.0,52080,26040.0,50.0,565.16,5,Yes,Delivered On Time,1.58
ORD-00570,2024-09-09,2024-09-10,2024-09-12,2024-09-14,Central India,Jabalpur,Wheat_330ml,General Trade,WH-HYD-01,HopCo Supplies,Road (Mini-Truck),88,158,60.04,13904,5283.52,62.0,155.66,2,Yes,Delivered On Time,1.07
ORD-00571,2024-11-28,2024-11-30,2024-12-03,2024-12-03,Central India,Raipur,Wheat_330ml,Modern Trade,WH-HYD-01,GrainSource Ltd,Road (Mini-Truck),428,140,53.2,59920,22769.6,62.0,380.14,3,Yes,Delivered On Time,1.52
ORD-00572,2024-01-06,2024-01-07,2024-01-09,2024-01-11,West India,Surat,Stout_650ml,Modern Trade,WH-HYD-01,GrainSource Ltd,Road (Truck),76,238,119.0,18088,9044.0,50.0,129.59,2,Yes,Delivered On Time,1.06
ORD-00573,2023-01-26,2023-01-27,2023-01-31,2023-02-02,North India,Jaipur,Wheat_330ml,On-Premise (Bar/Restaurant),WH-DEL-01,GrainSource Ltd,Rail Freight,198,162,61.56,32076,12188.88,62.0,213.76,4,Yes,Delivered On Time,1.2
ORD-00574,2024-08-29,2024-08-30,2024-09-03,2024-09-05,North India,Delhi,Lager_500ml,E-Commerce,WH-KOL-01,BrewMalt India,Rail Freight,176,196,82.32,34496,14488.32,58.0,242.77,4,Yes,Delivered On Time,0.8
ORD-00575,2024-09-26,2024-09-27,2024-09-30,2024-10-02,East India,Ranchi,Light_Beer_330ml,General Trade,WH-DEL-01,AquaPure Beverages,Road (Mini-Truck),100,150,54.0,15000,5400.0,64.0,235.84,3,No,Delivered On Time,1.03
ORD-00576,2024-03-28,2024-03-29,2024-04-04,2024-04-06,East India,Kolkata,Light_Beer_330ml,General Trade,WH-DEL-01,AquaPure Beverages,Rail Freight,477,150,54.0,71550,25758.0,64.0,423.93,6,Yes,Delivered On Time,1.32
ORD-00577,2024-11-06,2024-11-07,2024-11-12,2024-11-13,West India,Mumbai,Premium_Lager_330ml,E-Commerce,WH-MUM-01,BrewMalt India,Rail Freight,437,202,90.9,88274,39723.3,55.0,424.84,5,Yes,Delivered On Time,1.55
ORD-00578,2024-09-01,2024-09-03,2024-09-07,2024-09-06,West India,Nagpur,Stout_650ml,General Trade,WH-DEL-01,AquaPure Beverages,Road (Truck),391,235,117.5,91885,45942.5,50.0,549.03,4,No,Delivered Late,1.11
ORD-00579,2023-03-03,2023-03-04,2023-03-07,2023-03-08,Central India,Jabalpur,Wheat_330ml,General Trade,WH-MUM-01,PackRight Solutions,Road (Mini-Truck),471,153,58.14,72063,27383.94,62.0,844.14,3,Yes,Delivered On Time,1.35
ORD-00580,2024-01-13,2024-01-14,2024-01-17,2024-01-19,South India,Chennai,IPA_330ml,On-Premise (Bar/Restaurant),WH-HYD-01,PackRight Solutions,Road (Truck),374,168,67.2,62832,25132.8,60.0,820.04,3,Yes,Delivered On Time,1.19
ORD-00581,2023-07-26,2023-07-27,2023-07-29,2023-07-30,North India,Jaipur,Stout_650ml,General Trade,WH-MUM-01,GrainSource Ltd,Road (Mini-Truck),179,216,108.0,38664,19332.0,50.0,325.71,2,No,Delivered On Time,0.8
ORD-00582,2023-04-18,2023-04-19,2023-04-23,2023-04-24,Central India,Gwalior,Stout_650ml,On-Premise (Bar/Restaurant),WH-KOL-01,HopCo Supplies,Road (Truck),671,239,119.5,160369,80184.5,50.0,791.2,4,Yes,Delivered On Time,1.48
ORD-00583,2023-12-06,2023-12-07,2023-12-10,2023-12-10,West India,Nagpur,Wheat_330ml,General Trade,WH-KOL-01,GrainSource Ltd,Road (Mini-Truck),392,146,55.48,57232,21748.16,62.0,320.19,3,Yes,Delivered On Time,1.62
ORD-00584,2024-10-08,2024-10-09,2024-10-11,2024-10-13,North India,Amritsar,Lager_500ml,General Trade,WH-BLR-01,GrainSource Ltd,Road (Truck),674,181,76.02,121994,51237.48,58.0,738.74,2,Yes,Delivered On Time,1.53
ORD-00585,2023-06-30,2023-07-02,2023-07-05,2023-07-06,South India,Hyderabad,Light_Beer_330ml,General Trade,WH-MUM-01,GrainSource Ltd,Road (Truck),116,130,46.8,15080,5428.8,64.0,267.32,3,Yes,Delivered On Time,1.15
ORD-00586,2024-11-07,2024-11-10,2024-11-17,2024-11-15,South India,Hyderabad,IPA_330ml,General Trade,WH-BLR-01,HopCo Supplies,Rail Freight,437,175,70.0,76475,30590.0,60.0,456.9,7,No,Delivered Late,1.37
ORD-00587,2024-03-15,2024-03-16,2024-03-20,2024-03-21,South India,Chennai,Premium_Lager_330ml,E-Commerce,WH-BLR-01,HopCo Supplies,Road (Truck),295,219,98.55,64605,29072.25,55.0,504.54,4,Yes,Delivered On Time,1.69
ORD-00588,2024-08-21,2024-08-22,2024-08-29,2024-08-30,East India,Bhubaneswar,Lager_500ml,On-Premise (Bar/Restaurant),WH-MUM-01,PackRight Solutions,Rail Freight,128,193,81.06,24704,10375.68,58.0,116.52,7,Yes,Delivered On Time,0.82
ORD-00589,2023-11-26,2023-11-27,2023-12-02,2023-12-01,West India,Nagpur,Stout_650ml,E-Commerce,WH-HYD-01,PackRight Solutions,Road (Truck),504,232,116.0,116928,58464.0,50.0,949.93,5,No,Delivered Late,1.58
ORD-00590,2024-02-10,2024-02-11,2024-02-15,2024-02-17,North India,Lucknow,Wheat_330ml,General Trade,WH-KOL-01,BrewMalt India,Rail Freight,258,168,63.84,43344,16470.72,62.0,318.04,4,Yes,Delivered On Time,0.97
ORD-00591,2024-08-20,2024-08-21,2024-08-25,2024-08-26,South India,Bengaluru,Stout_650ml,E-Commerce,WH-HYD-01,AquaPure Beverages,Road (Truck),190,229,114.5,43510,21755.0,50.0,270.71,4,Yes,Delivered On Time,0.61
ORD-00592,2023-09-29,2023-09-30,2023-10-06,2023-10-06,East India,Patna,IPA_330ml,Modern Trade,WH-MUM-01,GrainSource Ltd,Road (Truck),253,178,71.2,45034,18013.6,60.0,479.24,6,Yes,Delivered On Time,1.09
ORD-00593,2023-07-25,2023-07-26,2023-07-30,2023-07-31,South India,Bengaluru,Lager_500ml,Modern Trade,WH-BLR-01,HopCo Supplies,Road (Truck),268,180,75.6,48240,20260.8,58.0,599.59,4,Yes,Delivered On Time,0.68
ORD-00594,2023-10-16,2023-10-18,2023-10-22,2023-10-21,Central India,Indore,Light_Beer_330ml,On-Premise (Bar/Restaurant),WH-DEL-01,HopCo Supplies,Road (Mini-Truck),733,142,51.12,104086,37470.96,64.0,1401.46,4,No,Delivered Late,1.63
ORD-00595,2024-08-24,2024-08-25,2024-08-28,2024-08-29,West India,Pune,Wheat_330ml,General Trade,WH-KOL-01,HopCo Supplies,Road (Truck),349,154,58.52,53746,20423.48,62.0,464.95,3,Yes,Delivered On Time,0.8
ORD-00596,2023-01-31,2023-02-01,2023-02-07,2023-02-07,West India,Surat,Wheat_330ml,E-Commerce,WH-KOL-01,GrainSource Ltd,Rail Freight,348,167,63.46,58116,22084.08,62.0,757.83,6,Yes,Delivered On Time,1.01
ORD-00597,2024-12-08,2024-12-09,2024-12-14,2024-12-14,East India,Bhubaneswar,IPA_330ml,E-Commerce,WH-KOL-01,GrainSource Ltd,Road (Mini-Truck),328,168,67.2,55104,22041.6,60.0,348.1,5,Yes,Delivered On Time,1.52
ORD-00598,2024-02-05,2024-02-06,2024-02-10,2024-02-11,Central India,Gwalior,Premium_Lager_330ml,E-Commerce,WH-KOL-01,GrainSource Ltd,Road (Truck),227,196,88.2,44492,20021.4,55.0,428.19,4,No,Delivered On Time,0.92
ORD-00599,2024-09-09,2024-09-10,2024-09-17,2024-09-16,North India,Lucknow,Lager_500ml,General Trade,WH-DEL-01,BrewMalt India,Rail Freight,152,176,73.92,26752,11235.84,58.0,292.03,7,No,Delivered Late,1.05
ORD-00600,2024-02-25,2024-02-26,2024-02-29,2024-03-01,West India,Mumbai,Stout_650ml,Modern Trade,WH-MUM-01,HopCo Supplies,Road (Truck),108,214,107.0,23112,11556.0,50.0,261.76,3,Yes,Delivered On Time,1.02
ORD-00601,2024-08-11,2024-08-12,2024-08-16,2024-08-17,South India,Chennai,Stout_650ml,E-Commerce,WH-KOL-01,HopCo Supplies,Road (Truck),290,216,108.0,62640,31320.0,50.0,235.67,4,Yes,Delivered On Time,0.83
ORD-00602,2024-06-22,2024-06-23,2024-06-28,2024-06-29,West India,Mumbai,Light_Beer_330ml,E-Commerce,WH-HYD-01,AquaPure Beverages,Rail Freight,341,158,56.88,53878,19396.08,64.0,325.61,5,Yes,Delivered On Time,1.0
ORD-00603,2024-09-24,2024-09-26,2024-09-30,2024-10-01,East India,Patna,IPA_330ml,General Trade,WH-KOL-01,BrewMalt India,Road (Truck),318,162,64.8,51516,20606.4,60.0,467.15,4,Yes,Delivered On Time,1.12
ORD-00604,2023-08-11,2023-08-12,2023-08-17,2023-08-16,South India,Chennai,Stout_650ml,On-Premise (Bar/Restaurant),WH-DEL-01,GrainSource Ltd,Road (Mini-Truck),215,234,117.0,50310,25155.0,50.0,452.17,5,No,Delivered Late,0.83
ORD-00605,2024-04-18,2024-04-19,2024-04-22,2024-04-23,West India,Surat,Wheat_330ml,On-Premise (Bar/Restaurant),WH-MUM-01,HopCo Supplies,Road (Truck),493,162,61.56,79866,30349.08,62.0,729.09,3,Yes,Delivered On Time,1.31
ORD-00606,2023-05-20,2023-05-21,2023-05-22,2023-05-24,West India,Mumbai,Lager_500ml,On-Premise (Bar/Restaurant),WH-DEL-01,AquaPure Beverages,Road (Mini-Truck),433,184,77.28,79672,33462.24,58.0,524.75,1,Yes,Delivered On Time,1.0
ORD-00607,2023-01-19,2023-01-20,2023-01-24,2023-01-25,South India,Kochi,Light_Beer_330ml,On-Premise (Bar/Restaurant),WH-MUM-01,BrewMalt India,Road (Truck),151,139,50.04,20989,7556.04,64.0,293.15,4,Yes,Delivered On Time,1.08
ORD-00608,2023-02-05,2023-02-06,2023-02-10,2023-02-12,East India,Bhubaneswar,IPA_330ml,On-Premise (Bar/Restaurant),WH-MUM-01,BrewMalt India,Road (Truck),376,156,62.4,58656,23462.4,60.0,635.02,4,Yes,Delivered On Time,1.17
ORD-00609,2024-01-22,2024-01-24,2024-01-26,2024-01-27,West India,Ahmedabad,IPA_330ml,Modern Trade,WH-HYD-01,BrewMalt India,Road (Truck),200,161,64.4,32200,12880.0,60.0,169.5,2,Yes,Delivered On Time,1.13
ORD-00610,2023-04-09,2023-04-10,2023-04-12,2023-04-14,East India,Bhubaneswar,Strong_Beer_500ml,Modern Trade,WH-MUM-01,GrainSource Ltd,Air Freight,769,186,79.98,143034,61504.62,57.0,755.98,2,Yes,Delivered On Time,1.62
ORD-00611,2024-07-08,2024-07-09,2024-07-13,2024-07-15,East India,Ranchi,Strong_Beer_500ml,General Trade,WH-HYD-01,GrainSource Ltd,Road (Truck),188,168,72.24,31584,13581.12,57.0,155.19,4,Yes,Delivered On Time,0.7
ORD-00612,2023-10-13,2023-10-14,2023-10-17,2023-10-18,North India,Jaipur,Wheat_330ml,E-Commerce,WH-MUM-01,BrewMalt India,Road (Truck),371,141,53.58,52311,19878.18,62.0,674.51,3,Yes,Delivered On Time,1.56
ORD-00613,2024-10-08,2024-10-11,2024-10-14,2024-10-13,Central India,Gwalior,Wheat_330ml,On-Premise (Bar/Restaurant),WH-DEL-01,GrainSource Ltd,Road (Mini-Truck),627,169,64.22,105963,40265.94,62.0,1443.82,3,No,Delivered Late,1.58
ORD-00614,2024-04-04,2024-04-05,2024-04-10,2024-04-11,West India,Mumbai,Stout_650ml,Modern Trade,WH-HYD-01,PackRight Solutions,Rail Freight,546,233,116.5,127218,63609.0,50.0,652.7,5,No,Delivered On Time,1.45
ORD-00615,2023-03-03,2023-03-04,2023-03-06,2023-03-07,North India,Chandigarh,Wheat_330ml,E-Commerce,WH-MUM-01,PackRight Solutions,Road (Mini-Truck),414,149,56.62,61686,23440.68,62.0,498.75,2,Yes,Delivered On Time,1.36
ORD-00616,2023-02-10,2023-02-12,2023-02-15,2023-02-14,West India,Ahmedabad,Wheat_330ml,On-Premise (Bar/Restaurant),WH-BLR-01,HopCo Supplies,Road (Mini-Truck),277,160,60.8,44320,16841.6,62.0,382.99,3,No,Delivered Late,1.06
ORD-00617,2024-01-26,2024-01-27,2024-01-29,2024-01-31,Central India,Bhopal,Strong_Beer_500ml,General Trade,WH-MUM-01,BrewMalt India,Road (Mini-Truck),151,179,76.97,27029,11622.47,57.0,365.6,2,Yes,Delivered On Time,1.06
ORD-00618,2023-07-29,2023-07-30,2023-08-02,2023-08-03,South India,Chennai,Wheat_330ml,Modern Trade,WH-MUM-01,HopCo Supplies,Road (Mini-Truck),59,153,58.14,9027,3430.26,62.0,71.77,3,Yes,Delivered On Time,0.66
ORD-00619,2024-10-12,2024-10-13,2024-10-19,2024-10-18,Central India,Indore,Stout_650ml,On-Premise (Bar/Restaurant),WH-HYD-01,AquaPure Beverages,Road (Truck),677,235,117.5,159095,79547.5,50.0,1083.34,6,No,Delivered Late,1.38
ORD-00620,2024-05-08,2024-05-10,2024-05-17,2024-05-16,Central India,Gwalior,Strong_Beer_500ml,E-Commerce,WH-MUM-01,HopCo Supplies,Rail Freight,222,178,76.54,39516,16991.88,57.0,235.27,7,No,Delivered Late,0.91
ORD-00621,2024-07-29,2024-07-30,2024-08-04,2024-08-05,East India,Guwahati,IPA_330ml,On-Premise (Bar/Restaurant),WH-KOL-01,BrewMalt India,Road (Truck),64,160,64.0,10240,4096.0,60.0,71.83,5,Yes,Delivered On Time,0.75
ORD-00622,2024-01-18,2024-01-21,2024-01-26,2024-01-26,Central India,Raipur,IPA_330ml,E-Commerce,WH-KOL-01,BrewMalt India,Rail Freight,211,170,68.0,35870,14348.0,60.0,524.8,5,Yes,Delivered On Time,1.02
ORD-00623,2023-12-23,2023-12-24,2023-12-25,2023-12-26,West India,Nagpur,Wheat_330ml,General Trade,WH-KOL-01,HopCo Supplies,Air Freight,450,160,60.8,72000,27360.0,62.0,1068.79,1,Yes,Delivered On Time,1.5
ORD-00624,2024-10-22,2024-10-24,2024-10-26,2024-10-27,South India,Kochi,Lager_500ml,On-Premise (Bar/Restaurant),WH-DEL-01,HopCo Supplies,Road (Mini-Truck),488,184,77.28,89792,37712.64,58.0,870.19,2,Yes,Delivered On Time,1.36
ORD-00625,2024-08-23,2024-08-25,2024-08-29,2024-08-28,North India,Delhi,Light_Beer_330ml,Modern Trade,WH-KOL-01,PackRight Solutions,Road (Truck),76,146,52.56,11096,3994.56,64.0,150.19,4,No,Delivered Late,0.84
ORD-00626,2023-04-02,2023-04-03,2023-04-07,2023-04-07,Central India,Jabalpur,Premium_Lager_330ml,On-Premise (Bar/Restaurant),WH-KOL-01,AquaPure Beverages,Road (Mini-Truck),459,214,96.3,98226,44201.7,55.0,530.69,4,Yes,Delivered On Time,1.34
ORD-00627,2024-12-14,2024-12-15,2024-12-20,2024-12-21,East India,Kolkata,Wheat_330ml,E-Commerce,WH-DEL-01,HopCo Supplies,Road (Truck),386,160,60.8,61760,23468.8,62.0,431.12,5,Yes,Delivered On Time,1.47
ORD-00628,2023-08-06,2023-08-07,2023-08-11,2023-08-11,South India,Kochi,Wheat_330ml,Modern Trade,WH-KOL-01,AquaPure Beverages,Road (Mini-Truck),52,163,61.94,8476,3220.88,62.0,121.36,4,Yes,Delivered On Time,0.65
ORD-00629,2024-01-22,2024-01-23,2024-01-26,2024-01-27,West India,Nagpur,Lager_500ml,General Trade,WH-DEL-01,BrewMalt India,Road (Truck),77,180,75.6,13860,5821.2,58.0,161.15,3,Yes,Delivered On Time,0.94
ORD-00630,2023-02-12,2023-02-13,2023-02-15,2023-02-16,North India,Chandigarh,Light_Beer_330ml,Modern Trade,WH-HYD-01,AquaPure Beverages,Road (Mini-Truck),294,155,55.8,45570,16405.2,64.0,615.73,2,No,Delivered On Time,0.93
ORD-00631,2023-12-18,2023-12-20,2023-12-23,2023-12-23,West India,Ahmedabad,Premium_Lager_330ml,E-Commerce,WH-BLR-01,GrainSource Ltd,Road (Truck),795,197,88.65,156615,70476.75,55.0,713.36,3,Yes,Delivered On Time,1.7
ORD-00632,2023-05-23,2023-05-24,2023-05-30,2023-05-29,East India,Kolkata,Lager_500ml,E-Commerce,WH-KOL-01,AquaPure Beverages,Road (Mini-Truck),101,197,82.74,19897,8356.74,58.0,158.39,6,No,Delivered Late,0.91
ORD-00633,2023-11-26,2023-11-27,2023-11-30,2023-11-30,Central India,Jabalpur,Strong_Beer_500ml,General Trade,WH-DEL-01,PackRight Solutions,Air Freight,306,192,82.56,58752,25263.36,57.0,475.93,3,Yes,Delivered On Time,1.31
ORD-00634,2024-05-02,2024-05-04,2024-05-07,2024-05-07,West India,Surat,Strong_Beer_500ml,Modern Trade,WH-BLR-01,HopCo Supplies,Road (Truck),585,187,80.41,109395,47039.85,57.0,662.0,3,Yes,Delivered On Time,1.2
ORD-00635,2023-03-31,2023-04-03,2023-04-07,2023-04-06,Central India,Gwalior,Light_Beer_330ml,Modern Trade,WH-MUM-01,PackRight Solutions,Road (Truck),559,147,52.92,82173,29582.28,64.0,905.4,4,No,In Transit,1.42
ORD-00636,2023-01-30,2023-01-31,2023-02-04,2023-02-05,South India,Chennai,Wheat_330ml,General Trade,WH-DEL-01,BrewMalt India,Road (Truck),206,168,63.84,34608,13151.04,62.0,398.01,4,Yes,Delivered On Time,0.95
ORD-00637,2023-12-07,2023-12-09,2023-12-11,2023-12-12,South India,Mysuru,Strong_Beer_500ml,E-Commerce,WH-DEL-01,AquaPure Beverages,Road (Mini-Truck),567,189,81.27,107163,46080.09,57.0,1330.91,2,Yes,Delivered On Time,1.65
ORD-00638,2023-10-25,2023-10-26,2023-10-31,2023-10-31,Central India,Jabalpur,Light_Beer_330ml,General Trade,WH-MUM-01,GrainSource Ltd,Road (Truck),127,140,50.4,17780,6400.8,64.0,126.67,5,Yes,Delivered On Time,1.34
ORD-00639,2024-07-02,2024-07-03,2024-07-07,2024-07-08,South India,Hyderabad,IPA_330ml,Modern Trade,WH-BLR-01,PackRight Solutions,Road (Truck),161,163,65.2,26243,10497.2,60.0,346.82,4,Yes,Delivered On Time,0.65
ORD-00640,2024-04-16,2024-04-17,2024-04-21,2024-04-22,Central India,Gwalior,Wheat_330ml,Modern Trade,WH-KOL-01,GrainSource Ltd,Road (Truck),667,170,64.6,113390,43088.2,62.0,700.77,4,Yes,Delivered On Time,1.43
ORD-00641,2024-12-06,2024-12-07,2024-12-11,2024-12-12,South India,Bengaluru,Premium_Lager_330ml,On-Premise (Bar/Restaurant),WH-BLR-01,AquaPure Beverages,Road (Truck),653,212,95.4,138436,62296.2,55.0,845.99,4,Yes,Delivered On Time,1.35
ORD-00642,2023-02-23,2023-02-25,2023-02-27,2023-02-27,North India,Chandigarh,Wheat_330ml,General Trade,WH-MUM-01,HopCo Supplies,Road (Mini-Truck),527,145,55.1,76415,29037.7,62.0,1151.77,2,Yes,Delivered On Time,1.18
ORD-00643,2023-12-23,2023-12-24,2023-12-26,2023-12-27,North India,Amritsar,IPA_330ml,On-Premise (Bar/Restaurant),WH-KOL-01,PackRight Solutions,Road (Mini-Truck),400,152,60.8,60800,24320.0,60.0,452.66,2,Yes,Delivered On Time,1.6
ORD-00644,2023-02-25,2023-02-26,2023-03-02,2023-03-04,West India,Mumbai,Wheat_330ml,On-Premise (Bar/Restaurant),WH-HYD-01,GrainSource Ltd,Rail Freight,474,149,56.62,70626,26837.88,62.0,940.0,4,Yes,Delivered On Time,1.15
ORD-00645,2024-08-12,2024-08-13,2024-08-19,2024-08-18,South India,Chennai,Wheat_330ml,General Trade,WH-DEL-01,BrewMalt India,Road (Truck),284,167,63.46,47428,18022.64,62.0,674.27,6,No,Delivered Late,0.63
ORD-00646,2024-10-27,2024-10-28,2024-10-31,2024-11-01,East India,Guwahati,Wheat_330ml,Modern Trade,WH-DEL-01,AquaPure Beverages,Air Freight,391,144,54.72,56304,21395.52,62.0,472.9,3,Yes,Delivered On Time,1.44
ORD-00647,2024-10-27,2024-10-28,2024-10-31,2024-11-02,East India,Ranchi,Wheat_330ml,E-Commerce,WH-DEL-01,PackRight Solutions,Road (Mini-Truck),540,160,60.8,86400,32832.0,62.0,544.04,3,Yes,Delivered On Time,1.45
ORD-00648,2023-04-07,2023-04-08,2023-04-11,2023-04-12,South India,Bengaluru,Premium_Lager_330ml,E-Commerce,WH-BLR-01,BrewMalt India,Road (Mini-Truck),230,202,90.9,46460,20907.0,55.0,407.43,3,Yes,Delivered On Time,1.62
ORD-00649,2023-01-21,2023-01-22,2023-01-29,2023-01-30,East India,Kolkata,Strong_Beer_500ml,General Trade,WH-KOL-01,PackRight Solutions,Rail Freight,477,182,78.26,86814,37330.02,57.0,1060.44,7,Yes,Delivered On Time,1.02
ORD-00650,2024-12-12,2024-12-14,2024-12-18,2024-12-19,North India,Lucknow,Strong_Beer_500ml,Modern Trade,WH-MUM-01,HopCo Supplies,Rail Freight,457,179,76.97,81803,35175.29,57.0,525.82,4,Yes,Delivered On Time,1.37
ORD-00651,2024-06-02,2024-06-03,2024-06-05,2024-06-05,North India,Amritsar,Stout_650ml,Modern Trade,WH-DEL-01,PackRight Solutions,Air Freight,324,215,107.5,69660,34830.0,50.0,424.77,2,Yes,Delivered On Time,0.99
ORD-00652,2023-11-17,2023-11-18,2023-11-23,2023-11-24,East India,Ranchi,IPA_330ml,General Trade,WH-HYD-01,HopCo Supplies,Road (Truck),347,169,67.6,58643,23457.2,60.0,761.18,5,Yes,Delivered On Time,1.51
ORD-00653,2024-09-08,2024-09-09,2024-09-10,2024-09-11,North India,Lucknow,Wheat_330ml,On-Premise (Bar/Restaurant),WH-MUM-01,GrainSource Ltd,Air Freight,376,151,57.38,56776,21574.88,62.0,652.26,1,Yes,Delivered On Time,1.07
ORD-00654,2024-11-23,2024-11-24,2024-11-28,2024-11-30,West India,Pune,IPA_330ml,E-Commerce,WH-DEL-01,HopCo Supplies,Rail Freight,595,154,61.6,91630,36652.0,60.0,1482.81,4,Yes,Delivered On Time,1.47
ORD-00655,2023-11-20,2023-11-21,2023-11-28,2023-11-29,East India,Ranchi,Strong_Beer_500ml,General Trade,WH-KOL-01,BrewMalt India,Rail Freight,462,177,76.11,81774,35162.82,57.0,467.48,7,Yes,Delivered On Time,1.7
ORD-00656,2023-12-08,2023-12-09,2023-12-13,2023-12-14,Central India,Jabalpur,Lager_500ml,On-Premise (Bar/Restaurant),WH-DEL-01,HopCo Supplies,Road (Truck),199,197,82.74,39203,16465.26,58.0,490.56,4,Yes,Delivered On Time,1.61
ORD-00657,2023-11-10,2023-11-11,2023-11-14,2023-11-15,West India,Mumbai,Light_Beer_330ml,Modern Trade,WH-MUM-01,GrainSource Ltd,Road (Truck),713,145,52.2,103385,37218.6,64.0,912.21,3,Yes,Delivered On Time,1.54
ORD-00658,2024-02-03,2024-02-04,2024-02-11,2024-02-11,Central India,Bhopal,Lager_500ml,General Trade,WH-BLR-01,AquaPure Beverages,Rail Freight,438,193,81.06,84534,35504.28,58.0,1007.15,7,Yes,Delivered On Time,0.95
ORD-00659,2024-12-31,2025-01-01,2025-01-03,2025-01-04,West India,Nagpur,Wheat_330ml,On-Premise (Bar/Restaurant),WH-DEL-01,GrainSource Ltd,Road (Mini-Truck),155,144,54.72,22320,8481.6,62.0,315.15,2,Yes,Delivered On Time,1.36
ORD-00660,2023-12-29,2023-12-30,2024-01-03,2024-01-04,South India,Mysuru,IPA_330ml,E-Commerce,WH-MUM-01,HopCo Supplies,Road (Truck),497,159,63.6,79023,31609.2,60.0,1142.28,4,Yes,Delivered On Time,1.62
ORD-00661,2024-10-11,2024-10-13,2024-10-19,2024-10-20,East India,Kolkata,Stout_650ml,E-Commerce,WH-BLR-01,PackRight Solutions,Rail Freight,562,217,108.5,121954,60977.0,50.0,1159.85,6,Yes,Delivered On Time,1.33
ORD-00662,2024-12-02,2024-12-03,2024-12-05,2024-12-07,West India,Mumbai,IPA_330ml,General Trade,WH-KOL-01,BrewMalt India,Road (Truck),547,172,68.8,94084,37633.6,60.0,1210.72,2,Yes,Delivered On Time,1.7
ORD-00663,2024-11-08,2024-11-10,2024-11-11,2024-11-11,West India,Nagpur,Strong_Beer_500ml,On-Premise (Bar/Restaurant),WH-MUM-01,HopCo Supplies,Air Freight,791,193,82.99,152663,65645.09,57.0,1236.1,1,Yes,Delivered On Time,1.68
ORD-00664,2024-06-10,2024-06-11,2024-06-16,2024-06-18,Central India,Indore,Wheat_330ml,Modern Trade,WH-BLR-01,HopCo Supplies,Rail Freight,76,153,58.14,11628,4418.64,62.0,104.46,5,No,Delivered On Time,1.01
ORD-00665,2023-08-07,2023-08-08,2023-08-13,2023-08-13,Central India,Bhopal,Stout_650ml,On-Premise (Bar/Restaurant),WH-KOL-01,PackRight Solutions,Road (Truck),223,228,114.0,50844,25422.0,50.0,542.01,5,Yes,Delivered On Time,0.6
ORD-00666,2024-09-22,2024-09-23,2024-09-26,2024-09-27,North India,Jaipur,Premium_Lager_330ml,E-Commerce,WH-DEL-01,BrewMalt India,Road (Truck),210,201,90.45,42210,18994.5,55.0,311.54,3,Yes,Delivered On Time,1.04
ORD-00667,2023-06-07,2023-06-08,2023-06-11,2023-06-12,North India,Jaipur,IPA_330ml,General Trade,WH-DEL-01,GrainSource Ltd,Road (Truck),304,150,60.0,45600,18240.0,60.0,447.52,3,Yes,Delivered On Time,1.02
ORD-00668,2024-11-03,2024-11-04,2024-11-07,2024-11-08,East India,Guwahati,Wheat_330ml,On-Premise (Bar/Restaurant),WH-DEL-01,HopCo Supplies,Air Freight,216,144,54.72,31104,11819.52,62.0,492.45,3,Yes,Delivered On Time,1.64
ORD-00669,2023-12-06,2023-12-07,2023-12-10,2023-12-11,North India,Lucknow,Stout_650ml,Modern Trade,WH-MUM-01,AquaPure Beverages,Road (Truck),219,231,115.5,50589,25294.5,50.0,274.16,3,Yes,Delivered On Time,1.66
ORD-00670,2024-02-14,2024-02-16,2024-02-17,2024-02-18,West India,Nagpur,IPA_330ml,General Trade,WH-BLR-01,HopCo Supplies,Road (Mini-Truck),450,176,70.4,79200,31680.0,60.0,966.43,1,No,Delivered On Time,1.05
ORD-00671,2023-12-17,2023-12-18,2023-12-22,2023-12-23,South India,Hyderabad,Premium_Lager_330ml,Modern Trade,WH-MUM-01,AquaPure Beverages,Road (Truck),521,213,95.85,110973,49937.85,55.0,489.97,4,Yes,Delivered On Time,1.47
ORD-00672,2023-04-28,2023-04-29,2023-05-03,2023-05-04,South India,Mysuru,Wheat_330ml,General Trade,WH-MUM-01,BrewMalt India,Road (Truck),673,147,55.86,98931,37593.78,62.0,1433.91,4,Yes,Delivered On Time,1.65
ORD-00673,2023-06-02,2023-06-03,2023-06-08,2023-06-07,Central India,Gwalior,Wheat_330ml,General Trade,WH-HYD-01,BrewMalt India,Road (Mini-Truck),113,152,57.76,17176,6526.88,62.0,208.82,5,No,Delivered Late,0.97
ORD-00674,2024-03-12,2024-03-13,2024-03-16,2024-03-17,North India,Jaipur,IPA_330ml,On-Premise (Bar/Restaurant),WH-MUM-01,GrainSource Ltd,Road (Truck),463,163,65.2,75469,30187.6,60.0,591.23,3,Yes,Delivered On Time,1.49
ORD-00675,2023-02-23,2023-02-24,2023-02-27,2023-02-28,West India,Pune,Stout_650ml,Modern Trade,WH-MUM-01,GrainSource Ltd,Road (Truck),235,216,108.0,50760,25380.0,50.0,360.15,3,Yes,Delivered On Time,1.1
ORD-00676,2023-01-14,2023-01-15,2023-01-18,2023-01-19,West India,Ahmedabad,Stout_650ml,On-Premise (Bar/Restaurant),WH-DEL-01,PackRight Solutions,Road (Truck),488,237,118.5,115656,57828.0,50.0,1006.74,3,Yes,Delivered On Time,1.1
ORD-00677,2024-01-29,2024-01-30,2024-02-03,2024-02-04,Central India,Gwalior,Stout_650ml,General Trade,WH-BLR-01,HopCo Supplies,Road (Truck),96,214,107.0,20544,10272.0,50.0,234.83,4,Yes,Delivered On Time,0.93
ORD-00678,2023-11-05,2023-11-06,2023-11-08,2023-11-10,South India,Kochi,Lager_500ml,Modern Trade,WH-HYD-01,GrainSource Ltd,Road (Mini-Truck),698,176,73.92,122848,51596.16,58.0,1054.65,2,Yes,Delivered On Time,1.59
ORD-00679,2023-03-11,2023-03-14,2023-03-21,2023-03-19,Central India,Raipur,Stout_650ml,E-Commerce,WH-DEL-01,GrainSource Ltd,Rail Freight,473,239,119.5,113047,56523.5,50.0,1156.36,7,No,Delivered Late,1.49
ORD-00680,2024-06-29,2024-06-30,2024-07-03,2024-07-04,North India,Amritsar,Lager_500ml,General Trade,WH-KOL-01,PackRight Solutions,Road (Truck),102,175,73.5,17850,7497.0,58.0,149.27,3,Yes,Delivered On Time,1.16
ORD-00681,2024-08-29,2024-08-30,2024-09-03,2024-09-04,East India,Bhubaneswar,Wheat_330ml,Modern Trade,WH-MUM-01,GrainSource Ltd,Road (Mini-Truck),385,169,64.22,65065,24724.7,62.0,651.66,4,Yes,Delivered On Time,0.77
ORD-00682,2023-08-18,2023-08-19,2023-08-22,2023-08-24,South India,Hyderabad,Strong_Beer_500ml,On-Premise (Bar/Restaurant),WH-HYD-01,GrainSource Ltd,Road (Truck),104,174,74.82,18096,7781.28,57.0,247.14,3,Yes,Delivered On Time,0.61
ORD-00683,2024-10-26,2024-10-27,2024-10-31,2024-10-31,North India,Lucknow,Light_Beer_330ml,General Trade,WH-HYD-01,HopCo Supplies,Road (Truck),516,141,50.76,72756,26192.16,64.0,644.41,4,Yes,Delivered On Time,1.44
ORD-00684,2023-01-11,2023-01-14,2023-01-15,2023-01-15,West India,Nagpur,Stout_650ml,On-Premise (Bar/Restaurant),WH-DEL-01,PackRight Solutions,Road (Mini-Truck),186,233,116.5,43338,21669.0,50.0,318.72,1,No,Delivered On Time,1.15
ORD-00685,2024-03-28,2024-03-29,2024-04-01,2024-04-01,North India,Jaipur,Strong_Beer_500ml,On-Premise (Bar/Restaurant),WH-HYD-01,HopCo Supplies,Road (Mini-Truck),259,171,73.53,44289,19044.27,57.0,275.73,3,Yes,Delivered On Time,1.39
ORD-00686,2024-04-15,2024-04-16,2024-04-19,2024-04-20,West India,Ahmedabad,Wheat_330ml,E-Commerce,WH-DEL-01,BrewMalt India,Road (Truck),672,145,55.1,97440,37027.2,62.0,1277.38,3,Yes,Delivered On Time,1.37
ORD-00687,2023-05-27,2023-05-29,2023-06-05,2023-06-03,East India,Bhubaneswar,Wheat_330ml,E-Commerce,WH-HYD-01,BrewMalt India,Road (Truck),161,154,58.52,24794,9421.72,62.0,327.72,7,No,Delivered Late,0.92
ORD-00688,2023-01-14,2023-01-15,2023-01-19,2023-01-20,Central India,Bhopal,IPA_330ml,E-Commerce,WH-DEL-01,PackRight Solutions,Road (Truck),428,179,71.6,76612,30644.8,60.0,446.18,4,Yes,Delivered On Time,1.13
ORD-00689,2023-12-13,2023-12-14,2023-12-17,2023-12-17,North India,Delhi,Light_Beer_330ml,Modern Trade,WH-HYD-01,GrainSource Ltd,Road (Mini-Truck),152,136,48.96,20672,7441.92,64.0,332.32,3,Yes,Delivered On Time,1.64
ORD-00690,2023-10-01,2023-10-03,2023-10-07,2023-10-08,East India,Guwahati,Wheat_330ml,General Trade,WH-DEL-01,AquaPure Beverages,Road (Truck),175,140,53.2,24500,9310.0,62.0,292.18,4,Yes,Delivered On Time,1.55
ORD-00691,2023-05-31,2023-06-02,2023-06-06,2023-06-06,South India,Bengaluru,Wheat_330ml,Modern Trade,WH-MUM-01,BrewMalt India,Road (Truck),197,147,55.86,28959,11004.42,62.0,397.0,4,Yes,Delivered On Time,1.01
ORD-00692,2023-10-16,2023-10-17,2023-10-19,2023-10-19,West India,Pune,Lager_500ml,General Trade,WH-DEL-01,PackRight Solutions,Air Freight,525,180,75.6,94500,39690.0,58.0,1219.31,2,Yes,Delivered On Time,1.44
ORD-00693,2024-03-11,2024-03-12,2024-03-17,2024-03-17,South India,Chennai,IPA_330ml,On-Premise (Bar/Restaurant),WH-HYD-01,AquaPure Beverages,Road (Truck),531,171,68.4,90801,36320.4,60.0,518.61,5,Yes,Delivered On Time,1.36
ORD-00694,2023-06-02,2023-06-03,2023-06-10,2023-06-11,East India,Patna,Light_Beer_330ml,Modern Trade,WH-DEL-01,BrewMalt India,Rail Freight,141,140,50.4,19740,7106.4,64.0,346.83,7,Yes,Delivered On Time,1.13
ORD-00695,2023-05-11,2023-05-12,2023-05-15,2023-05-16,North India,Amritsar,IPA_330ml,On-Premise (Bar/Restaurant),WH-MUM-01,GrainSource Ltd,Road (Truck),234,161,64.4,37674,15069.6,60.0,351.87,3,Yes,Delivered On Time,0.95
ORD-00696,2024-06-30,2024-07-01,2024-07-04,2024-07-06,South India,Chennai,IPA_330ml,E-Commerce,WH-HYD-01,HopCo Supplies,Road (Truck),340,176,70.4,59840,23936.0,60.0,576.57,3,Yes,Delivered On Time,1.05
ORD-00697,2023-01-18,2023-01-19,2023-01-19,2023-01-21,North India,Lucknow,Stout_650ml,Modern Trade,WH-MUM-01,HopCo Supplies,Air Freight,294,240,120.0,70560,35280.0,50.0,415.56,0,Yes,Delivered On Time,1.01
ORD-00698,2023-08-18,2023-08-21,2023-08-26,2023-08-25,East India,Guwahati,Wheat_330ml,E-Commerce,WH-MUM-01,GrainSource Ltd,Road (Truck),73,143,54.34,10439,3966.82,62.0,178.15,5,No,Delivered Late,0.61
ORD-00699,2023-06-11,2023-06-12,2023-06-16,2023-06-18,North India,Delhi,Strong_Beer_500ml,Modern Trade,WH-KOL-01,HopCo Supplies,Rail Freight,215,169,72.67,36335,15624.05,57.0,469.41,4,Yes,Delivered On Time,0.91
ORD-00700,2023-11-03,2023-11-04,2023-11-07,2023-11-08,South India,Kochi,Strong_Beer_500ml,General Trade,WH-HYD-01,BrewMalt India,Road (Mini-Truck),624,175,75.25,109200,46956.0,57.0,617.23,3,Yes,Delivered On Time,1.49
ORD-00701,2024-02-10,2024-02-12,2024-02-15,2024-02-15,North India,Amritsar,Light_Beer_330ml,General Trade,WH-HYD-01,PackRight Solutions,Road (Truck),457,160,57.6,73120,26323.2,64.0,1079.69,3,Yes,Delivered On Time,1.15
ORD-00702,2024-06-18,2024-06-19,2024-06-22,2024-06-23,East India,Bhubaneswar,IPA_330ml,General Trade,WH-BLR-01,PackRight Solutions,Air Freight,115,173,69.2,19895,7958.0,60.0,127.91,3,Yes,Delivered On Time,1.01
ORD-00703,2024-10-19,2024-10-20,2024-10-24,2024-10-25,Central India,Bhopal,Light_Beer_330ml,E-Commerce,WH-KOL-01,BrewMalt India,Road (Truck),356,135,48.6,48060,17301.6,64.0,448.16,4,Yes,Delivered On Time,1.46
ORD-00704,2023-06-16,2023-06-17,2023-06-21,2023-06-21,North India,Chandigarh,Premium_Lager_330ml,On-Premise (Bar/Restaurant),WH-DEL-01,BrewMalt India,Road (Truck),87,196,88.2,17052,7673.4,55.0,151.2,4,Yes,Delivered On Time,1.06
ORD-00705,2024-05-10,2024-05-12,2024-05-13,2024-05-14,South India,Hyderabad,Lager_500ml,Modern Trade,WH-HYD-01,AquaPure Beverages,Air Freight,192,172,72.24,33024,13870.08,58.0,245.78,1,Yes,Delivered On Time,0.91
ORD-00706,2024-12-20,2024-12-22,2024-12-24,2024-12-24,Central India,Indore,Stout_650ml,E-Commerce,WH-BLR-01,BrewMalt India,Air Freight,343,223,111.5,76489,38244.5,50.0,726.34,2,Yes,Delivered On Time,1.57
ORD-00707,2024-11-29,2024-12-02,2024-12-06,2024-12-05,Central India,Jabalpur,IPA_330ml,Modern Trade,WH-BLR-01,HopCo Supplies,Road (Truck),551,152,60.8,83752,33500.8,60.0,572.75,4,No,Delivered Late,1.49
ORD-00708,2023-12-14,2023-12-16,2023-12-18,2023-12-19,Central India,Gwalior,Strong_Beer_500ml,On-Premise (Bar/Restaurant),WH-KOL-01,HopCo Supplies,Road (Mini-Truck),523,192,82.56,100416,43178.88,57.0,1025.54,2,Yes,Delivered On Time,1.42
ORD-00709,2024-05-24,2024-05-25,2024-05-28,2024-05-29,South India,Mysuru,Premium_Lager_330ml,Modern Trade,WH-MUM-01,BrewMalt India,Road (Mini-Truck),53,194,87.3,10282,4626.9,55.0,114.24,3,Yes,Delivered On Time,0.93
ORD-00710,2023-06-15,2023-06-16,2023-06-20,2023-06-22,West India,Mumbai,IPA_330ml,On-Premise (Bar/Restaurant),WH-MUM-01,AquaPure Beverages,Rail Freight,317,161,64.4,51037,20414.8,60.0,501.89,4,Yes,Delivered On Time,0.92
ORD-00711,2024-05-14,2024-05-15,2024-05-19,2024-05-19,East India,Guwahati,Strong_Beer_500ml,General Trade,WH-DEL-01,GrainSource Ltd,Air Freight,444,174,74.82,77256,33220.08,57.0,452.56,4,Yes,Delivered On Time,0.91
ORD-00712,2024-06-02,2024-06-05,2024-06-07,2024-06-07,Central India,Gwalior,Stout_650ml,On-Premise (Bar/Restaurant),WH-DEL-01,HopCo Supplies,Road (Mini-Truck),518,238,119.0,123284,61642.0,50.0,464.65,2,No,Delivered On Time,1.04
ORD-00713,2024-08-06,2024-08-07,2024-08-11,2024-08-12,Central India,Bhopal,Wheat_330ml,Modern Trade,WH-BLR-01,PackRight Solutions,Road (Truck),60,147,55.86,8820,3351.6,62.0,95.52,4,Yes,Delivered On Time,0.7
ORD-00714,2024-02-11,2024-02-12,2024-02-17,2024-02-18,West India,Mumbai,Lager_500ml,General Trade,WH-DEL-01,AquaPure Beverages,Rail Freight,171,182,76.44,31122,13071.24,58.0,278.17,5,No,Delivered On Time,1.13
ORD-00715,2024-04-26,2024-04-27,2024-05-02,2024-05-01,North India,Chandigarh,IPA_330ml,Modern Trade,WH-HYD-01,AquaPure Beverages,Road (Truck),216,160,64.0,34560,13824.0,60.0,469.69,5,No,Delivered Late,1.36
ORD-00716,2024-12-01,2024-12-02,2024-12-02,2024-12-04,West India,Pune,Lager_500ml,General Trade,WH-DEL-01,AquaPure Beverages,Air Freight,263,190,79.8,49970,20987.4,58.0,246.93,0,Yes,Delivered On Time,1.47
ORD-00717,2023-04-05,2023-04-08,2023-04-13,2023-04-12,West India,Nagpur,Wheat_330ml,On-Premise (Bar/Restaurant),WH-MUM-01,PackRight Solutions,Rail Freight,446,150,57.0,66900,25422.0,62.0,721.97,5,No,In Transit,1.66
ORD-00718,2024-09-03,2024-09-04,2024-09-06,2024-09-08,South India,Kochi,Stout_650ml,E-Commerce,WH-DEL-01,GrainSource Ltd,Road (Mini-Truck),403,231,115.5,93093,46546.5,50.0,886.58,2,Yes,Delivered On Time,0.96
ORD-00719,2023-04-27,2023-04-28,2023-05-03,2023-05-04,North India,Lucknow,IPA_330ml,General Trade,WH-KOL-01,HopCo Supplies,Rail Freight,639,163,65.2,104157,41662.8,60.0,1535.93,5,No,Delivered On Time,1.62
ORD-00720,2023-07-12,2023-07-13,2023-07-15,2023-07-16,West India,Nagpur,Lager_500ml,Modern Trade,WH-MUM-01,PackRight Solutions,Road (Mini-Truck),233,194,81.48,45202,18984.84,58.0,563.64,2,Yes,Delivered On Time,0.71
ORD-00721,2023-11-11,2023-11-12,2023-11-15,2023-11-16,North India,Chandigarh,Light_Beer_330ml,On-Premise (Bar/Restaurant),WH-DEL-01,GrainSource Ltd,Road (Truck),741,133,47.88,98553,35479.08,64.0,1109.76,3,Yes,Delivered On Time,1.5
ORD-00722,2024-04-14,2024-04-15,2024-04-21,2024-04-22,Central India,Jabalpur,Premium_Lager_330ml,On-Premise (Bar/Restaurant),WH-DEL-01,AquaPure Beverages,Rail Freight,205,207,93.15,42435,19095.75,55.0,458.51,6,Yes,Delivered On Time,1.47
ORD-00723,2023-04-17,2023-04-19,2023-04-25,2023-04-26,East India,Ranchi,Light_Beer_330ml,Modern Trade,WH-DEL-01,PackRight Solutions,Rail Freight,77,149,53.64,11473,4130.28,64.0,143.26,6,Yes,Delivered On Time,1.34
ORD-00724,2023-08-05,2023-08-06,2023-08-10,2023-08-12,North India,Jaipur,Premium_Lager_330ml,Modern Trade,WH-BLR-01,AquaPure Beverages,Rail Freight,186,207,93.15,38502,17325.9,55.0,188.15,4,Yes,Delivered On Time,0.66
ORD-00725,2023-10-02,2023-10-04,2023-10-08,2023-10-07,West India,Surat,Lager_500ml,On-Premise (Bar/Restaurant),WH-MUM-01,AquaPure Beverages,Road (Truck),305,179,75.18,54595,22929.9,58.0,710.75,4,No,Delivered Late,1.65
ORD-00726,2024-06-15,2024-06-16,2024-06-23,2024-06-22,North India,Delhi,Lager_500ml,General Trade,WH-BLR-01,HopCo Supplies,Rail Freight,410,180,75.6,73800,30996.0,58.0,1006.52,7,No,Delivered Late,1.15
ORD-00727,2024-10-13,2024-10-14,2024-10-18,2024-10-19,Central India,Jabalpur,Light_Beer_330ml,Modern Trade,WH-HYD-01,HopCo Supplies,Road (Truck),616,135,48.6,83160,29937.6,64.0,734.67,4,Yes,Delivered On Time,1.46
ORD-00728,2023-06-12,2023-06-13,2023-06-19,2023-06-20,Central India,Bhopal,Strong_Beer_500ml,E-Commerce,WH-BLR-01,BrewMalt India,Rail Freight,181,167,71.81,30227,12997.61,57.0,327.35,6,Yes,Delivered On Time,1.18
ORD-00729,2023-05-14,2023-05-15,2023-05-17,2023-05-19,Central India,Gwalior,Lager_500ml,E-Commerce,WH-DEL-01,HopCo Supplies,Road (Mini-Truck),448,190,79.8,85120,35750.4,58.0,527.29,2,Yes,Delivered On Time,1.2
ORD-00730,2023-10-09,2023-10-10,2023-10-15,2023-10-14,Central India,Indore,Strong_Beer_500ml,E-Commerce,WH-BLR-01,BrewMalt India,Road (Mini-Truck),163,185,79.55,30155,12966.65,57.0,387.33,5,No,Delivered Late,1.33
ORD-00731,2024-05-21,2024-05-22,2024-05-25,2024-05-26,North India,Lucknow,Stout_650ml,On-Premise (Bar/Restaurant),WH-MUM-01,BrewMalt India,Road (Truck),550,216,108.0,118800,59400.0,50.0,508.79,3,Yes,Delivered On Time,1.15
ORD-00732,2023-07-04,2023-07-05,2023-07-11,2023-07-12,South India,Kochi,IPA_330ml,On-Premise (Bar/Restaurant),WH-KOL-01,GrainSource Ltd,Rail Freight,94,171,68.4,16074,6429.6,60.0,231.15,6,Yes,Delivered On Time,0.67
ORD-00733,2023-09-18,2023-09-19,2023-09-21,2023-09-23,West India,Nagpur,Premium_Lager_330ml,Modern Trade,WH-MUM-01,GrainSource Ltd,Road (Truck),174,209,94.05,36366,16364.7,55.0,184.26,2,Yes,Delivered On Time,1.18
ORD-00734,2024-12-09,2024-12-10,2024-12-15,2024-12-14,North India,Lucknow,Lager_500ml,On-Premise (Bar/Restaurant),WH-MUM-01,AquaPure Beverages,Road (Truck),314,178,74.76,55892,23474.64,58.0,408.31,5,No,Delivered Late,1.68
ORD-00735,2024-12-04,2024-12-07,2024-12-09,2024-12-09,West India,Nagpur,IPA_330ml,General Trade,WH-BLR-01,HopCo Supplies,Road (Truck),683,158,63.2,107914,43165.6,60.0,1228.64,2,Yes,Delivered On Time,1.64
ORD-00736,2023-10-06,2023-10-07,2023-10-10,2023-10-11,South India,Kochi,IPA_330ml,E-Commerce,WH-KOL-01,BrewMalt India,Road (Mini-Truck),599,153,61.2,91647,36658.8,60.0,860.0,3,Yes,Delivered On Time,1.63
ORD-00737,2024-09-10,2024-09-13,2024-09-16,2024-09-15,West India,Pune,Lager_500ml,On-Premise (Bar/Restaurant),WH-HYD-01,HopCo Supplies,Road (Truck),436,200,84.0,87200,36624.0,58.0,587.97,3,No,Delivered Late,1.15
ORD-00738,2023-11-18,2023-11-19,2023-11-24,2023-11-25,East India,Bhubaneswar,Lager_500ml,General Trade,WH-BLR-01,HopCo Supplies,Road (Truck),287,192,80.64,55104,23143.68,58.0,617.6,5,Yes,Delivered On Time,1.35
ORD-00739,2023-08-11,2023-08-12,2023-08-17,2023-08-17,Central India,Bhopal,IPA_330ml,On-Premise (Bar/Restaurant),WH-HYD-01,AquaPure Beverages,Road (Truck),120,172,68.8,20640,8256.0,60.0,111.26,5,Yes,Delivered On Time,0.63
ORD-00740,2024-05-20,2024-05-21,2024-05-24,2024-05-25,West India,Ahmedabad,Light_Beer_330ml,On-Premise (Bar/Restaurant),WH-MUM-01,HopCo Supplies,Road (Truck),199,143,51.48,28457,10244.52,64.0,359.19,3,Yes,Delivered On Time,1.05
ORD-00741,2024-04-17,2024-04-18,2024-04-21,2024-04-21,Central India,Bhopal,Stout_650ml,Modern Trade,WH-HYD-01,BrewMalt India,Air Freight,676,240,120.0,162240,81120.0,50.0,585.76,3,Yes,Delivered On Time,1.41
ORD-00742,2023-12-21,2023-12-22,2023-12-25,2023-12-26,North India,Jaipur,Lager_500ml,E-Commerce,WH-BLR-01,AquaPure Beverages,Road (Truck),487,194,81.48,94478,39680.76,58.0,966.2,3,Yes,Delivered On Time,1.46
ORD-00743,2023-08-18,2023-08-19,2023-08-22,2023-08-23,West India,Mumbai,Light_Beer_330ml,On-Premise (Bar/Restaurant),WH-HYD-01,HopCo Supplies,Road (Truck),33,134,48.24,4422,1591.92,64.0,50.84,3,Yes,Delivered On Time,0.61
ORD-00744,2024-12-05,2024-12-06,2024-12-06,2024-12-08,North India,Lucknow,Strong_Beer_500ml,On-Premise (Bar/Restaurant),WH-HYD-01,GrainSource Ltd,Air Freight,300,193,82.99,57900,24897.0,57.0,278.27,0,Yes,Delivered On Time,1.65
ORD-00745,2023-05-03,2023-05-04,2023-05-08,2023-05-08,Central India,Jabalpur,Stout_650ml,General Trade,WH-MUM-01,AquaPure Beverages,Road (Mini-Truck),461,214,107.0,98654,49327.0,50.0,692.7,4,No,Delivered On Time,0.94
ORD-00746,2024-05-16,2024-05-17,2024-05-20,2024-05-21,North India,Amritsar,Premium_Lager_330ml,General Trade,WH-HYD-01,BrewMalt India,Road (Truck),254,214,96.3,54356,24460.2,55.0,331.11,3,Yes,Delivered On Time,1.19
ORD-00747,2023-03-18,2023-03-19,2023-03-23,2023-03-24,East India,Ranchi,Light_Beer_330ml,General Trade,WH-MUM-01,BrewMalt India,Road (Mini-Truck),135,136,48.96,18360,6609.6,64.0,151.13,4,Yes,Delivered On Time,1.69
ORD-00748,2024-11-02,2024-11-04,2024-11-08,2024-11-08,East India,Bhubaneswar,Light_Beer_330ml,On-Premise (Bar/Restaurant),WH-BLR-01,PackRight Solutions,Road (Mini-Truck),418,133,47.88,55594,20013.84,64.0,1027.28,4,Yes,Delivered On Time,1.36
ORD-00749,2024-03-09,2024-03-11,2024-03-15,2024-03-15,Central India,Indore,Light_Beer_330ml,E-Commerce,WH-MUM-01,BrewMalt India,Road (Truck),283,160,57.6,45280,16300.8,64.0,647.94,4,Yes,Delivered On Time,1.37
ORD-00750,2024-11-08,2024-11-09,2024-11-13,2024-11-14,South India,Bengaluru,IPA_330ml,General Trade,WH-BLR-01,AquaPure Beverages,Road (Truck),347,158,63.2,54826,21930.4,60.0,402.7,4,Yes,Delivered On Time,1.51
ORD-00751,2024-01-14,2024-01-15,2024-01-19,2024-01-20,Central India,Jabalpur,Premium_Lager_330ml,On-Premise (Bar/Restaurant),WH-DEL-01,PackRight Solutions,Road (Truck),355,202,90.9,71710,32269.5,55.0,527.02,4,Yes,Delivered On Time,0.93
ORD-00752,2024-11-28,2024-11-29,2024-12-03,2024-12-05,East India,Ranchi,Premium_Lager_330ml,E-Commerce,WH-HYD-01,HopCo Supplies,Road (Truck),233,220,99.0,51260,23067.0,55.0,414.25,4,Yes,Delivered On Time,1.32
ORD-00753,2024-12-17,2024-12-18,2024-12-23,2024-12-24,North India,Amritsar,Lager_500ml,On-Premise (Bar/Restaurant),WH-MUM-01,HopCo Supplies,Rail Freight,397,182,76.44,72254,30346.68,58.0,498.65,5,Yes,Delivered On Time,1.59
ORD-00754,2023-01-04,2023-01-05,2023-01-09,2023-01-10,South India,Chennai,Stout_650ml,On-Premise (Bar/Restaurant),WH-HYD-01,HopCo Supplies,Road (Truck),285,239,119.5,68115,34057.5,50.0,667.28,4,Yes,Delivered On Time,0.93
ORD-00755,2024-04-11,2024-04-12,2024-04-16,2024-04-17,South India,Hyderabad,Strong_Beer_500ml,Modern Trade,WH-MUM-01,BrewMalt India,Road (Truck),76,186,79.98,14136,6078.48,57.0,94.89,4,Yes,Delivered On Time,1.36
ORD-00756,2024-05-15,2024-05-16,2024-05-18,2024-05-20,South India,Bengaluru,Premium_Lager_330ml,On-Premise (Bar/Restaurant),WH-KOL-01,HopCo Supplies,Road (Mini-Truck),337,193,86.85,65041,29268.45,55.0,436.12,2,Yes,Delivered On Time,1.16
ORD-00757,2023-12-10,2023-12-13,2023-12-17,2023-12-16,Central India,Gwalior,Wheat_330ml,General Trade,WH-DEL-01,GrainSource Ltd,Road (Truck),630,151,57.38,95130,36149.4,62.0,518.52,4,No,Delivered Late,1.48
ORD-00758,2024-06-15,2024-06-18,2024-06-24,2024-06-22,East India,Patna,Premium_Lager_330ml,E-Commerce,WH-DEL-01,HopCo Supplies,Road (Truck),67,194,87.3,12998,5849.1,55.0,110.3,6,No,Delivered Late,1.12
ORD-00759,2024-01-22,2024-01-23,2024-01-27,2024-01-28,Central India,Jabalpur,Stout_650ml,General Trade,WH-DEL-01,PackRight Solutions,Road (Truck),207,238,119.0,49266,24633.0,50.0,513.04,4,Yes,Delivered On Time,1.09
ORD-00760,2024-03-03,2024-03-04,2024-03-08,2024-03-09,South India,Hyderabad,Strong_Beer_500ml,On-Premise (Bar/Restaurant),WH-BLR-01,BrewMalt India,Road (Truck),320,174,74.82,55680,23942.4,57.0,709.79,4,Yes,Delivered On Time,1.68
ORD-00761,2023-01-09,2023-01-10,2023-01-12,2023-01-14,West India,Surat,Premium_Lager_330ml,On-Premise (Bar/Restaurant),WH-BLR-01,HopCo Supplies,Road (Truck),420,194,87.3,81480,36666.0,55.0,781.39,2,No,Delivered On Time,1.05
ORD-00762,2023-02-11,2023-02-12,2023-02-17,2023-02-18,East India,Guwahati,Stout_650ml,Modern Trade,WH-BLR-01,BrewMalt India,Road (Truck),457,228,114.0,104196,52098.0,50.0,639.27,5,Yes,Delivered On Time,0.97
ORD-00763,2024-05-29,2024-05-30,2024-05-31,2024-06-02,North India,Chandigarh,Wheat_330ml,On-Premise (Bar/Restaurant),WH-BLR-01,HopCo Supplies,Road (Mini-Truck),487,157,59.66,76459,29054.42,62.0,1214.12,1,Yes,Delivered On Time,1.1
ORD-00764,2023-12-30,2023-12-31,2024-01-03,2024-01-04,West India,Nagpur,Lager_500ml,On-Premise (Bar/Restaurant),WH-MUM-01,GrainSource Ltd,Road (Truck),555,190,79.8,105450,44289.0,58.0,1286.58,3,Yes,Delivered On Time,1.4
ORD-00765,2023-05-23,2023-05-24,2023-05-30,2023-05-31,Central India,Raipur,Wheat_330ml,E-Commerce,WH-BLR-01,PackRight Solutions,Rail Freight,167,148,56.24,24716,9392.08,62.0,157.9,6,Yes,Delivered On Time,1.1
ORD-00766,2024-06-23,2024-06-25,2024-06-28,2024-06-28,West India,Nagpur,Wheat_330ml,E-Commerce,WH-KOL-01,AquaPure Beverages,Road (Truck),216,156,59.28,33696,12804.48,62.0,329.84,3,Yes,Delivered On Time,1.03
ORD-00767,2023-05-24,2023-05-25,2023-05-28,2023-05-29,West India,Surat,Lager_500ml,Modern Trade,WH-KOL-01,PackRight Solutions,Road (Truck),220,195,81.9,42900,18018.0,58.0,379.18,3,Yes,Delivered On Time,1.08
ORD-00768,2023-01-07,2023-01-08,2023-01-14,2023-01-14,East India,Kolkata,Light_Beer_330ml,E-Commerce,WH-MUM-01,BrewMalt India,Road (Truck),457,157,56.52,71749,25829.64,64.0,575.5,6,Yes,Delivered On Time,1.04
ORD-00769,2023-12-06,2023-12-07,2023-12-12,2023-12-13,East India,Ranchi,Lager_500ml,On-Premise (Bar/Restaurant),WH-HYD-01,PackRight Solutions,Road (Truck),184,193,81.06,35512,14915.04,58.0,366.65,5,Yes,Delivered On Time,1.65
ORD-00770,2024-11-22,2024-11-23,2024-11-27,2024-11-28,South India,Mysuru,Strong_Beer_500ml,E-Commerce,WH-MUM-01,PackRight Solutions,Road (Truck),201,174,74.82,34974,15038.82,57.0,436.08,4,Yes,Delivered On Time,1.56
ORD-00771,2023-05-04,2023-05-05,2023-05-07,2023-05-09,South India,Bengaluru,Lager_500ml,Modern Trade,WH-MUM-01,BrewMalt India,Road (Mini-Truck),186,176,73.92,32736,13749.12,58.0,272.34,2,Yes,Delivered On Time,1.06
ORD-00772,2024-07-13,2024-07-14,2024-07-21,2024-07-22,East India,Guwahati,IPA_330ml,General Trade,WH-MUM-01,BrewMalt India,Rail Freight,243,171,68.4,41553,16621.2,60.0,254.81,7,Yes,Delivered On Time,0.67
ORD-00773,2024-12-17,2024-12-18,2024-12-22,2024-12-23,South India,Chennai,Light_Beer_330ml,General Trade,WH-MUM-01,GrainSource Ltd,Road (Truck),445,145,52.2,64525,23229.0,64.0,728.93,4,No,Delivered On Time,1.52
ORD-00774,2024-03-11,2024-03-12,2024-03-15,2024-03-16,West India,Surat,Strong_Beer_500ml,Modern Trade,WH-KOL-01,PackRight Solutions,Road (Truck),265,179,76.97,47435,20397.05,57.0,227.35,3,Yes,Delivered On Time,1.36
ORD-00775,2024-04-14,2024-04-15,2024-04-21,2024-04-21,West India,Mumbai,Stout_650ml,General Trade,WH-KOL-01,PackRight Solutions,Rail Freight,184,221,110.5,40664,20332.0,50.0,429.52,6,Yes,Delivered On Time,1.41
ORD-00776,2024-07-30,2024-07-31,2024-08-03,2024-08-04,West India,Nagpur,Lager_500ml,General Trade,WH-MUM-01,AquaPure Beverages,Road (Truck),282,197,82.74,55554,23332.68,58.0,370.82,3,Yes,Delivered On Time,0.68
ORD-00777,2024-08-12,2024-08-13,2024-08-15,2024-08-16,North India,Jaipur,IPA_330ml,E-Commerce,WH-HYD-01,PackRight Solutions,Road (Mini-Truck),241,174,69.6,41934,16773.6,60.0,434.05,2,Yes,Delivered On Time,0.78
ORD-00778,2023-06-12,2023-06-13,2023-06-18,2023-06-19,East India,Ranchi,Premium_Lager_330ml,E-Commerce,WH-DEL-01,HopCo Supplies,Road (Truck),378,193,86.85,72954,32829.3,55.0,451.18,5,Yes,Delivered On Time,0.97
ORD-00779,2023-03-05,2023-03-07,2023-03-11,2023-03-12,North India,Lucknow,Strong_Beer_500ml,E-Commerce,WH-KOL-01,BrewMalt India,Rail Freight,166,166,71.38,27556,11849.08,57.0,303.96,4,Yes,Delivered On Time,1.54
ORD-00780,2024-10-14,2024-10-15,2024-10-19,2024-10-20,South India,Hyderabad,Lager_500ml,E-Commerce,WH-KOL-01,HopCo Supplies,Road (Truck),232,176,73.92,40832,17149.44,58.0,264.95,4,Yes,Delivered On Time,1.53
ORD-00781,2024-10-06,2024-10-07,2024-10-08,2024-10-10,West India,Nagpur,Light_Beer_330ml,General Trade,WH-DEL-01,PackRight Solutions,Road (Mini-Truck),166,136,48.96,22576,8127.36,64.0,351.33,1,Yes,Delivered On Time,1.68
ORD-00782,2023-08-01,2023-08-02,2023-08-06,2023-08-07,Central India,Bhopal,Stout_650ml,General Trade,WH-HYD-01,BrewMalt India,Road (Truck),216,226,113.0,48816,24408.0,50.0,223.43,4,Yes,Delivered On Time,0.74
ORD-00783,2023-05-11,2023-05-12,2023-05-14,2023-05-15,West India,Surat,Strong_Beer_500ml,E-Commerce,WH-DEL-01,HopCo Supplies,Road (Mini-Truck),228,168,72.24,38304,16470.72,57.0,310.66,2,Yes,Delivered On Time,1.13
ORD-00784,2023-06-11,2023-06-12,2023-06-20,2023-06-20,East India,Patna,IPA_330ml,On-Premise (Bar/Restaurant),WH-DEL-01,AquaPure Beverages,Rail Freight,104,167,66.8,17368,6947.2,60.0,171.61,8,Yes,Delivered On Time,1.19
ORD-00785,2023-09-27,2023-09-28,2023-10-02,2023-10-03,Central India,Bhopal,Premium_Lager_330ml,Modern Trade,WH-HYD-01,HopCo Supplies,Road (Truck),72,200,90.0,14400,6480.0,55.0,64.87,4,Yes,Delivered On Time,1.1
ORD-00786,2024-07-31,2024-08-01,2024-08-04,2024-08-06,Central India,Raipur,Light_Beer_330ml,Modern Trade,WH-MUM-01,PackRight Solutions,Road (Truck),339,156,56.16,52884,19038.24,64.0,818.63,3,No,Delivered On Time,0.83
ORD-00787,2023-02-12,2023-02-13,2023-02-17,2023-02-18,Central India,Bhopal,Premium_Lager_330ml,E-Commerce,WH-MUM-01,HopCo Supplies,Road (Truck),282,206,92.7,58092,26141.4,55.0,600.27,4,Yes,Delivered On Time,0.93
ORD-00788,2024-01-24,2024-01-25,2024-01-26,2024-01-28,North India,Delhi,Lager_500ml,General Trade,WH-HYD-01,AquaPure Beverages,Road (Mini-Truck),469,170,71.4,79730,33486.6,58.0,929.67,1,Yes,Delivered On Time,1.1
ORD-00789,2024-09-22,2024-09-23,2024-09-26,2024-09-27,West India,Nagpur,Wheat_330ml,Modern Trade,WH-KOL-01,PackRight Solutions,Road (Truck),283,151,57.38,42733,16238.54,62.0,338.03,3,Yes,Delivered On Time,1.19
ORD-00790,2023-09-13,2023-09-14,2023-09-18,2023-09-20,North India,Lucknow,IPA_330ml,Modern Trade,WH-DEL-01,HopCo Supplies,Rail Freight,101,151,60.4,15251,6100.4,60.0,140.84,4,Yes,Delivered On Time,1.14
ORD-00791,2024-11-03,2024-11-04,2024-11-08,2024-11-09,East India,Bhubaneswar,Premium_Lager_330ml,E-Commerce,WH-KOL-01,HopCo Supplies,Road (Mini-Truck),236,220,99.0,51920,23364.0,55.0,332.01,4,Yes,Delivered On Time,1.33
ORD-00792,2023-10-01,2023-10-02,2023-10-05,2023-10-06,West India,Ahmedabad,Stout_650ml,On-Premise (Bar/Restaurant),WH-MUM-01,AquaPure Beverages,Road (Truck),467,226,113.0,105542,52771.0,50.0,1128.25,3,Yes,Delivered On Time,1.43
ORD-00793,2024-07-20,2024-07-22,2024-07-26,2024-07-27,East India,Kolkata,Wheat_330ml,General Trade,WH-HYD-01,AquaPure Beverages,Road (Truck),156,163,61.94,25428,9662.64,62.0,310.0,4,No,Delivered On Time,0.65
ORD-00794,2024-01-29,2024-01-30,2024-02-02,2024-02-03,North India,Delhi,IPA_330ml,Modern Trade,WH-BLR-01,AquaPure Beverages,Road (Truck),92,151,60.4,13892,5556.8,60.0,208.54,3,Yes,Delivered On Time,0.99
ORD-00795,2024-03-17,2024-03-18,2024-03-22,2024-03-22,West India,Mumbai,Wheat_330ml,General Trade,WH-KOL-01,GrainSource Ltd,Road (Truck),585,149,56.62,87165,33122.7,62.0,1373.05,4,Yes,Delivered On Time,1.51
ORD-00796,2024-09-28,2024-09-29,2024-10-03,2024-10-04,East India,Ranchi,Wheat_330ml,Modern Trade,WH-BLR-01,AquaPure Beverages,Road (Mini-Truck),276,165,62.7,45540,17305.2,62.0,272.04,4,Yes,Delivered On Time,1.03
ORD-00797,2024-06-15,2024-06-16,2024-06-21,2024-06-21,East India,Ranchi,IPA_330ml,E-Commerce,WH-HYD-01,GrainSource Ltd,Road (Mini-Truck),240,164,65.6,39360,15744.0,60.0,198.19,5,Yes,Delivered On Time,0.98
ORD-00798,2023-02-09,2023-02-10,2023-02-13,2023-02-13,North India,Lucknow,Light_Beer_330ml,On-Premise (Bar/Restaurant),WH-BLR-01,BrewMalt India,Road (Mini-Truck),253,138,49.68,34914,12569.04,64.0,463.9,3,Yes,Delivered On Time,1.08
ORD-00799,2024-03-30,2024-03-31,2024-04-09,2024-04-08,East India,Ranchi,Strong_Beer_500ml,On-Premise (Bar/Restaurant),WH-BLR-01,BrewMalt India,Rail Freight,409,165,70.95,67485,29018.55,57.0,478.67,9,No,Delivered Late,1.49
ORD-00800,2023-09-22,2023-09-24,2023-09-27,2023-09-28,Central India,Bhopal,Stout_650ml,On-Premise (Bar/Restaurant),WH-DEL-01,PackRight Solutions,Road (Truck),215,218,109.0,46870,23435.0,50.0,225.69,3,Yes,Delivered On Time,1.13
ORD-00801,2024-03-26,2024-03-27,2024-03-28,2024-03-30,North India,Lucknow,Lager_500ml,Modern Trade,WH-MUM-01,GrainSource Ltd,Road (Mini-Truck),108,187,78.54,20196,8482.32,58.0,133.96,1,Yes,Delivered On Time,1.53
ORD-00802,2023-04-22,2023-04-23,2023-04-26,2023-04-27,North India,Chandigarh,Premium_Lager_330ml,Modern Trade,WH-HYD-01,AquaPure Beverages,Road (Truck),368,193,86.85,71024,31960.8,55.0,526.72,3,Yes,Delivered On Time,1.33
ORD-00803,2024-01-04,2024-01-05,2024-01-08,2024-01-09,North India,Jaipur,Stout_650ml,General Trade,WH-DEL-01,HopCo Supplies,Road (Truck),258,238,119.0,61404,30702.0,50.0,479.17,3,No,Delivered On Time,1.0
ORD-00804,2024-09-15,2024-09-16,2024-09-21,2024-09-22,East India,Kolkata,Stout_650ml,General Trade,WH-HYD-01,HopCo Supplies,Road (Truck),201,226,113.0,45426,22713.0,50.0,404.38,5,Yes,Delivered On Time,0.96
ORD-00805,2024-10-26,2024-10-28,2024-10-30,2024-10-30,West India,Nagpur,Lager_500ml,General Trade,WH-KOL-01,PackRight Solutions,Road (Mini-Truck),118,200,84.0,23600,9912.0,58.0,209.63,2,Yes,Delivered On Time,1.33
ORD-00806,2024-09-13,2024-09-14,2024-09-16,2024-09-17,West India,Nagpur,Strong_Beer_500ml,Modern Trade,WH-HYD-01,HopCo Supplies,Road (Mini-Truck),330,181,77.83,59730,25683.9,57.0,428.41,2,Yes,Delivered On Time,1.04
ORD-00807,2023-04-29,2023-05-02,2023-05-07,2023-05-06,East India,Bhubaneswar,Light_Beer_330ml,On-Premise (Bar/Restaurant),WH-MUM-01,GrainSource Ltd,Road (Truck),437,153,55.08,66861,24069.96,64.0,406.39,5,No,Delivered Late,1.58
ORD-00808,2023-05-09,2023-05-11,2023-05-14,2023-05-14,West India,Nagpur,Wheat_330ml,E-Commerce,WH-KOL-01,GrainSource Ltd,Road (Truck),206,164,62.32,33784,12837.92,62.0,376.86,3,Yes,Delivered On Time,1.18
ORD-00809,2023-06-01,2023-06-02,2023-06-08,2023-06-08,East India,Patna,Lager_500ml,Modern Trade,WH-KOL-01,BrewMalt India,Road (Truck),399,198,83.16,79002,33180.84,58.0,329.72,6,Yes,Delivered On Time,1.07
ORD-00810,2023-02-04,2023-02-05,2023-02-07,2023-02-09,West India,Ahmedabad,Light_Beer_330ml,E-Commerce,WH-DEL-01,AquaPure Beverages,Road (Truck),71,152,54.72,10792,3885.12,64.0,120.69,2,Yes,Delivered On Time,1.15
ORD-00811,2023-10-28,2023-10-29,2023-11-01,2023-11-02,West India,Ahmedabad,Wheat_330ml,E-Commerce,WH-HYD-01,BrewMalt India,Road (Truck),637,168,63.84,107016,40666.08,62.0,1291.65,3,Yes,Delivered On Time,1.35
ORD-00812,2024-05-03,2024-05-04,2024-05-09,2024-05-10,East India,Guwahati,IPA_330ml,E-Commerce,WH-KOL-01,HopCo Supplies,Road (Truck),471,155,62.0,73005,29202.0,60.0,784.66,5,Yes,Delivered On Time,1.11
ORD-00813,2024-03-25,2024-03-26,2024-03-30,2024-03-30,North India,Amritsar,Premium_Lager_330ml,On-Premise (Bar/Restaurant),WH-KOL-01,BrewMalt India,Road (Truck),574,208,93.6,119392,53726.4,55.0,940.56,4,Yes,Delivered On Time,1.37
ORD-00814,2023-11-23,2023-11-25,2023-11-29,2023-11-29,Central India,Gwalior,Premium_Lager_330ml,E-Commerce,WH-BLR-01,PackRight Solutions,Road (Truck),196,191,85.95,37436,16846.2,55.0,227.0,4,No,Delivered On Time,1.6
ORD-00815,2023-06-19,2023-06-20,2023-06-26,2023-06-26,East India,Ranchi,Premium_Lager_330ml,On-Premise (Bar/Restaurant),WH-DEL-01,PackRight Solutions,Road (Truck),178,205,92.25,36490,16420.5,55.0,420.09,6,Yes,Delivered On Time,0.94
ORD-00816,2024-07-19,2024-07-20,2024-07-24,2024-07-24,North India,Lucknow,Strong_Beer_500ml,On-Premise (Bar/Restaurant),WH-MUM-01,HopCo Supplies,Road (Truck),353,170,73.1,60010,25804.3,57.0,606.35,4,No,Delivered On Time,0.81
ORD-00817,2024-08-07,2024-08-08,2024-08-11,2024-08-12,North India,Jaipur,Light_Beer_330ml,Modern Trade,WH-BLR-01,BrewMalt India,Road (Truck),196,146,52.56,28616,10301.76,64.0,395.45,3,Yes,Delivered On Time,0.71
ORD-00818,2023-10-13,2023-10-14,2023-10-18,2023-10-20,West India,Surat,IPA_330ml,On-Premise (Bar/Restaurant),WH-DEL-01,GrainSource Ltd,Rail Freight,173,180,72.0,31140,12456.0,60.0,352.32,4,Yes,Delivered On Time,1.59
ORD-00819,2024-06-09,2024-06-10,2024-06-14,2024-06-14,South India,Mysuru,Stout_650ml,On-Premise (Bar/Restaurant),WH-KOL-01,PackRight Solutions,Road (Mini-Truck),95,232,116.0,22040,11020.0,50.0,92.22,4,Yes,Delivered On Time,1.1
ORD-00820,2024-08-23,2024-08-24,2024-08-29,2024-08-30,East India,Bhubaneswar,Light_Beer_330ml,Modern Trade,WH-DEL-01,AquaPure Beverages,Road (Truck),111,151,54.36,16761,6033.96,64.0,124.11,5,Yes,Delivered On Time,0.69
ORD-00821,2023-08-08,2023-08-09,2023-08-16,2023-08-17,East India,Bhubaneswar,Wheat_330ml,Modern Trade,WH-HYD-01,GrainSource Ltd,Rail Freight,50,155,58.9,7750,2945.0,62.0,75.54,7,Yes,Delivered On Time,0.6
ORD-00822,2024-11-03,2024-11-05,2024-11-10,2024-11-09,Central India,Jabalpur,Strong_Beer_500ml,General Trade,WH-BLR-01,PackRight Solutions,Road (Truck),838,174,74.82,145812,62699.16,57.0,1567.94,5,No,Delivered Late,1.68
ORD-00823,2023-10-22,2023-10-23,2023-10-28,2023-10-29,East India,Ranchi,IPA_330ml,On-Premise (Bar/Restaurant),WH-DEL-01,BrewMalt India,Road (Truck),408,160,64.0,65280,26112.0,60.0,989.7,5,Yes,Delivered On Time,1.47
ORD-00824,2024-05-15,2024-05-16,2024-05-23,2024-05-24,East India,Guwahati,Strong_Beer_500ml,General Trade,WH-KOL-01,AquaPure Beverages,Rail Freight,433,172,73.96,74476,32024.68,57.0,972.81,7,Yes,Delivered On Time,1.08
ORD-00825,2024-02-26,2024-02-27,2024-03-01,2024-03-01,North India,Amritsar,Light_Beer_330ml,On-Premise (Bar/Restaurant),WH-BLR-01,GrainSource Ltd,Road (Mini-Truck),281,143,51.48,40183,14465.88,64.0,572.65,3,Yes,Delivered On Time,1.02
ORD-00826,2023-06-20,2023-06-21,2023-06-25,2023-06-24,North India,Chandigarh,IPA_330ml,E-Commerce,WH-MUM-01,BrewMalt India,Road (Mini-Truck),475,170,68.0,80750,32300.0,60.0,815.86,4,No,Delivered Late,1.06
ORD-00827,2024-07-20,2024-07-21,2024-07-23,2024-07-24,West India,Mumbai,Light_Beer_330ml,On-Premise (Bar/Restaurant),WH-BLR-01,AquaPure Beverages,Road (Mini-Truck),46,146,52.56,6716,2417.76,64.0,102.34,2,No,Delivered On Time,0.62
ORD-00828,2023-08-09,2023-08-10,2023-08-15,2023-08-15,South India,Hyderabad,Light_Beer_330ml,General Trade,WH-BLR-01,PackRight Solutions,Road (Truck),130,160,57.6,20800,7488.0,64.0,220.37,5,Yes,Delivered On Time,0.74
ORD-00829,2023-08-24,2023-08-25,2023-08-28,2023-08-29,West India,Surat,Lager_500ml,General Trade,WH-BLR-01,AquaPure Beverages,Road (Truck),305,177,74.34,53985,22673.7,58.0,439.92,3,Yes,Delivered On Time,0.76
ORD-00830,2024-12-21,2024-12-22,2024-12-27,2024-12-27,South India,Hyderabad,Light_Beer_330ml,Modern Trade,WH-DEL-01,PackRight Solutions,Road (Truck),419,130,46.8,54470,19609.2,64.0,443.36,5,Yes,Delivered On Time,1.6
ORD-00831,2023-01-24,2023-01-25,2023-01-30,2023-01-29,West India,Pune,Light_Beer_330ml,On-Premise (Bar/Restaurant),WH-BLR-01,HopCo Supplies,Road (Truck),281,136,48.96,38216,13757.76,64.0,429.99,5,No,Delivered Late,0.99
ORD-00832,2024-06-30,2024-07-03,2024-07-08,2024-07-07,West India,Nagpur,Stout_650ml,E-Commerce,WH-BLR-01,AquaPure Beverages,Rail Freight,257,210,105.0,53970,26985.0,50.0,517.8,5,No,Delivered Late,1.05
ORD-00833,2024-05-03,2024-05-04,2024-05-09,2024-05-09,South India,Mysuru,Lager_500ml,E-Commerce,WH-MUM-01,HopCo Supplies,Road (Truck),405,179,75.18,72495,30447.9,58.0,389.68,5,No,Delivered On Time,1.07
ORD-00834,2024-09-23,2024-09-25,2024-09-30,2024-09-29,South India,Kochi,Premium_Lager_330ml,General Trade,WH-DEL-01,GrainSource Ltd,Road (Truck),364,213,95.85,77532,34889.4,55.0,546.06,5,No,Delivered Late,1.15
ORD-00835,2023-08-03,2023-08-04,2023-08-08,2023-08-09,South India,Bengaluru,Stout_650ml,E-Commerce,WH-DEL-01,AquaPure Beverages,Road (Truck),360,225,112.5,81000,40500.0,50.0,484.96,4,Yes,Delivered On Time,0.79
ORD-00836,2023-03-21,2023-03-22,2023-03-26,2023-03-27,Central India,Gwalior,Light_Beer_330ml,Modern Trade,WH-DEL-01,BrewMalt India,Road (Truck),633,130,46.8,82290,29624.4,64.0,977.3,4,Yes,Delivered On Time,1.45
ORD-00837,2024-07-14,2024-07-15,2024-07-20,2024-07-19,North India,Jaipur,IPA_330ml,General Trade,WH-HYD-01,GrainSource Ltd,Road (Truck),37,159,63.6,5883,2353.2,60.0,46.65,5,No,In Transit,0.7
ORD-00838,2024-12-02,2024-12-03,2024-12-07,2024-12-08,Central India,Raipur,Premium_Lager_330ml,General Trade,WH-MUM-01,GrainSource Ltd,Road (Truck),502,220,99.0,110440,49698.0,55.0,796.62,4,Yes,Delivered On Time,1.38
ORD-00839,2023-07-03,2023-07-04,2023-07-07,2023-07-09,South India,Chennai,Premium_Lager_330ml,E-Commerce,WH-DEL-01,GrainSource Ltd,Road (Truck),53,190,85.5,10070,4531.5,55.0,90.85,3,Yes,Delivered On Time,0.64
ORD-00840,2023-12-25,2023-12-26,2023-12-30,2023-12-30,North India,Delhi,Premium_Lager_330ml,E-Commerce,WH-HYD-01,AquaPure Beverages,Road (Truck),255,201,90.45,51255,23064.75,55.0,559.8,4,Yes,Delivered On Time,1.55
ORD-00841,2024-10-18,2024-10-19,2024-10-22,2024-10-23,Central India,Raipur,Stout_650ml,E-Commerce,WH-BLR-01,BrewMalt India,Road (Mini-Truck),138,228,114.0,31464,15732.0,50.0,172.09,3,Yes,Delivered On Time,1.56
ORD-00842,2024-08-29,2024-08-31,2024-09-03,2024-09-03,South India,Mysuru,Premium_Lager_330ml,E-Commerce,WH-BLR-01,HopCo Supplies,Road (Mini-Truck),347,213,95.85,73911,33259.95,55.0,376.76,3,Yes,Delivered On Time,0.75
ORD-00843,2023-01-01,2023-01-02,2023-01-06,2023-01-07,South India,Bengaluru,Light_Beer_330ml,General Trade,WH-MUM-01,PackRight Solutions,Road (Truck),76,134,48.24,10184,3666.24,64.0,103.06,4,Yes,Delivered On Time,1.0
ORD-00844,2024-12-24,2024-12-25,2024-12-27,2024-12-28,North India,Lucknow,Premium_Lager_330ml,E-Commerce,WH-KOL-01,HopCo Supplies,Road (Mini-Truck),311,216,97.2,67176,30229.2,55.0,694.07,2,Yes,Delivered On Time,1.49
ORD-00845,2024-12-12,2024-12-13,2024-12-18,2024-12-19,East India,Bhubaneswar,Light_Beer_330ml,E-Commerce,WH-HYD-01,GrainSource Ltd,Road (Truck),648,133,47.88,86184,31026.24,64.0,546.27,5,Yes,Delivered On Time,1.62
ORD-00846,2023-07-15,2023-07-16,2023-07-17,2023-07-19,West India,Ahmedabad,Strong_Beer_500ml,E-Commerce,WH-MUM-01,BrewMalt India,Road (Mini-Truck),98,194,83.42,19012,8175.16,57.0,166.03,1,Yes,Delivered On Time,0.7
ORD-00847,2024-05-29,2024-05-30,2024-06-05,2024-06-06,Central India,Raipur,Stout_650ml,Modern Trade,WH-BLR-01,GrainSource Ltd,Rail Freight,424,218,109.0,92432,46216.0,50.0,370.86,6,Yes,Delivered On Time,1.18
ORD-00848,2024-10-09,2024-10-10,2024-10-13,2024-10-14,East India,Kolkata,Premium_Lager_330ml,Modern Trade,WH-KOL-01,GrainSource Ltd,Air Freight,204,205,92.25,41820,18819.0,55.0,199.23,3,Yes,Delivered On Time,1.48
ORD-00849,2023-05-15,2023-05-16,2023-05-21,2023-05-22,North India,Amritsar,Strong_Beer_500ml,General Trade,WH-MUM-01,PackRight Solutions,Rail Freight,438,192,82.56,84096,36161.28,57.0,584.38,5,Yes,Delivered On Time,0.92
ORD-00850,2023-11-21,2023-11-24,2023-12-01,2023-11-30,East India,Bhubaneswar,Strong_Beer_500ml,Modern Trade,WH-BLR-01,AquaPure Beverages,Rail Freight,225,193,82.99,43425,18672.75,57.0,434.17,7,No,Delivered Late,1.66
ORD-00851,2024-03-30,2024-03-31,2024-04-03,2024-04-04,North India,Delhi,Wheat_330ml,General Trade,WH-BLR-01,BrewMalt India,Road (Truck),476,146,55.48,69496,26408.48,62.0,1062.25,3,Yes,Delivered On Time,1.32
ORD-00852,2024-08-04,2024-08-06,2024-08-10,2024-08-11,East India,Patna,Premium_Lager_330ml,On-Premise (Bar/Restaurant),WH-DEL-01,BrewMalt India,Road (Truck),76,208,93.6,15808,7113.6,55.0,84.38,4,Yes,Delivered On Time,0.81
ORD-00853,2023-08-11,2023-08-13,2023-08-17,2023-08-16,South India,Hyderabad,Premium_Lager_330ml,Modern Trade,WH-MUM-01,HopCo Supplies,Road (Mini-Truck),216,192,86.4,41472,18662.4,55.0,518.94,4,No,Delivered Late,0.76
ORD-00854,2023-05-24,2023-05-26,2023-05-30,2023-05-30,South India,Hyderabad,Lager_500ml,E-Commerce,WH-BLR-01,GrainSource Ltd,Road (Truck),279,177,74.34,49383,20740.86,58.0,687.67,4,Yes,Delivered On Time,1.07
ORD-00855,2023-12-24,2023-12-26,2023-12-28,2023-12-28,West India,Ahmedabad,Lager_500ml,E-Commerce,WH-BLR-01,PackRight Solutions,Road (Mini-Truck),510,184,77.28,93840,39412.8,58.0,1231.36,2,Yes,Delivered On Time,1.61
ORD-00856,2024-11-29,2024-11-30,2024-12-03,2024-12-04,West India,Pune,Premium_Lager_330ml,General Trade,WH-KOL-01,BrewMalt India,Road (Truck),252,200,90.0,50400,22680.0,55.0,541.88,3,Yes,Delivered On Time,1.62
ORD-00857,2023-04-29,2023-04-30,2023-05-04,2023-05-05,Central India,Indore,Stout_650ml,General Trade,WH-KOL-01,PackRight Solutions,Road (Truck),563,215,107.5,121045,60522.5,50.0,989.98,4,Yes,Delivered On Time,1.51
ORD-00858,2023-01-09,2023-01-10,2023-01-16,2023-01-16,North India,Chandigarh,Strong_Beer_500ml,Modern Trade,WH-BLR-01,HopCo Supplies,Rail Freight,278,175,75.25,48650,20919.5,57.0,391.59,6,Yes,Delivered On Time,0.95
ORD-00859,2024-04-12,2024-04-13,2024-04-18,2024-04-19,West India,Nagpur,Wheat_330ml,Modern Trade,WH-KOL-01,PackRight Solutions,Rail Freight,623,153,58.14,95319,36221.22,62.0,1264.52,5,Yes,Delivered On Time,1.54
ORD-00860,2023-08-28,2023-08-29,2023-09-04,2023-09-04,East India,Guwahati,Strong_Beer_500ml,E-Commerce,WH-BLR-01,BrewMalt India,Road (Truck),244,168,72.24,40992,17626.56,57.0,361.43,6,No,Delivered On Time,0.79
ORD-00861,2024-06-20,2024-06-21,2024-06-23,2024-06-24,South India,Mysuru,Wheat_330ml,On-Premise (Bar/Restaurant),WH-HYD-01,BrewMalt India,Air Freight,326,164,62.32,53464,20316.32,62.0,290.62,2,Yes,Delivered On Time,0.96
ORD-00862,2024-04-16,2024-04-18,2024-04-23,2024-04-23,East India,Bhubaneswar,Light_Beer_330ml,On-Premise (Bar/Restaurant),WH-KOL-01,HopCo Supplies,Road (Truck),162,136,48.96,22032,7931.52,64.0,194.64,5,Yes,Delivered On Time,1.3
ORD-00863,2024-01-19,2024-01-20,2024-01-22,2024-01-23,West India,Mumbai,Strong_Beer_500ml,General Trade,WH-MUM-01,AquaPure Beverages,Road (Mini-Truck),117,176,75.68,20592,8854.56,57.0,135.86,2,Yes,Delivered On Time,0.9
ORD-00864,2023-11-22,2023-11-23,2023-11-27,2023-11-27,West India,Surat,Strong_Beer_500ml,General Trade,WH-DEL-01,AquaPure Beverages,Road (Truck),189,177,76.11,33453,14384.79,57.0,385.87,4,Yes,Delivered On Time,1.61
ORD-00865,2024-08-23,2024-08-24,2024-08-28,2024-08-29,Central India,Jabalpur,Premium_Lager_330ml,Modern Trade,WH-BLR-01,PackRight Solutions,Road (Truck),220,195,87.75,42900,19305.0,55.0,483.89,4,Yes,Delivered On Time,0.61
ORD-00866,2023-02-15,2023-02-16,2023-02-20,2023-02-21,Central India,Jabalpur,Lager_500ml,General Trade,WH-MUM-01,AquaPure Beverages,Road (Truck),261,172,72.24,44892,18854.64,58.0,335.24,4,Yes,Delivered On Time,0.96
ORD-00867,2024-11-29,2024-12-01,2024-12-04,2024-12-04,West India,Mumbai,Stout_650ml,E-Commerce,WH-MUM-01,AquaPure Beverages,Road (Truck),157,224,112.0,35168,17584.0,50.0,300.65,3,Yes,Delivered On Time,1.51
ORD-00868,2024-12-03,2024-12-06,2024-12-09,2024-12-08,North India,Lucknow,Stout_650ml,General Trade,WH-HYD-01,BrewMalt India,Road (Truck),441,230,115.0,101430,50715.0,50.0,546.71,3,No,Delivered Late,1.48
ORD-00869,2024-07-01,2024-07-02,2024-07-05,2024-07-06,Central India,Jabalpur,Premium_Lager_330ml,On-Premise (Bar/Restaurant),WH-KOL-01,BrewMalt India,Road (Mini-Truck),89,215,96.75,19135,8610.75,55.0,202.88,3,Yes,Delivered On Time,0.84
ORD-00870,2024-09-21,2024-09-22,2024-09-26,2024-09-27,South India,Bengaluru,Stout_650ml,On-Premise (Bar/Restaurant),WH-MUM-01,GrainSource Ltd,Road (Truck),315,223,111.5,70245,35122.5,50.0,514.19,4,Yes,Delivered On Time,1.12
ORD-00871,2024-11-22,2024-11-23,2024-11-25,2024-11-27,North India,Amritsar,Strong_Beer_500ml,On-Premise (Bar/Restaurant),WH-BLR-01,GrainSource Ltd,Road (Truck),665,165,70.95,109725,47181.75,57.0,551.81,2,Yes,Delivered On Time,1.42
ORD-00872,2024-06-28,2024-06-29,2024-07-02,2024-07-04,East India,Kolkata,Premium_Lager_330ml,Modern Trade,WH-BLR-01,AquaPure Beverages,Road (Mini-Truck),198,195,87.75,38610,17374.5,55.0,371.44,3,Yes,Delivered On Time,1.12
ORD-00873,2023-02-11,2023-02-12,2023-02-18,2023-02-17,East India,Patna,IPA_330ml,General Trade,WH-HYD-01,BrewMalt India,Road (Mini-Truck),220,151,60.4,33220,13288.0,60.0,318.84,6,No,In Transit,0.92
ORD-00874,2023-09-21,2023-09-22,2023-09-28,2023-09-28,East India,Patna,IPA_330ml,E-Commerce,WH-DEL-01,PackRight Solutions,Road (Truck),481,178,71.2,85618,34247.2,60.0,1033.76,6,No,Delivered On Time,1.12
ORD-00875,2024-04-29,2024-04-30,2024-05-06,2024-05-06,East India,Patna,Premium_Lager_330ml,General Trade,WH-DEL-01,PackRight Solutions,Road (Truck),379,198,89.1,75042,33768.9,55.0,735.81,6,Yes,Delivered On Time,1.39
ORD-00876,2023-08-01,2023-08-02,2023-08-05,2023-08-06,West India,Pune,Strong_Beer_500ml,On-Premise (Bar/Restaurant),WH-BLR-01,GrainSource Ltd,Road (Truck),157,186,79.98,29202,12556.86,57.0,386.07,3,Yes,Delivered On Time,0.6
ORD-00877,2024-09-18,2024-09-20,2024-09-23,2024-09-23,North India,Lucknow,Wheat_330ml,Modern Trade,WH-BLR-01,AquaPure Beverages,Road (Truck),409,159,60.42,65031,24711.78,62.0,555.78,3,Yes,Delivered On Time,0.99
ORD-00878,2024-03-31,2024-04-01,2024-04-04,2024-04-05,West India,Nagpur,Lager_500ml,On-Premise (Bar/Restaurant),WH-BLR-01,AquaPure Beverages,Road (Truck),662,193,81.06,127766,53661.72,58.0,968.57,3,Yes,Delivered On Time,1.36
ORD-00879,2023-03-27,2023-03-28,2023-03-30,2023-03-30,North India,Amritsar,Lager_500ml,E-Commerce,WH-HYD-01,HopCo Supplies,Air Freight,442,181,76.02,80002,33600.84,58.0,704.79,2,Yes,Delivered On Time,1.38
ORD-00880,2023-01-24,2023-01-25,2023-01-31,2023-01-30,Central India,Gwalior,Wheat_330ml,On-Premise (Bar/Restaurant),WH-HYD-01,BrewMalt India,Road (Truck),220,157,59.66,34540,13125.2,62.0,317.53,6,No,Delivered Late,1.13
ORD-00881,2023-07-02,2023-07-05,2023-07-09,2023-07-06,North India,Jaipur,Wheat_330ml,General Trade,WH-DEL-01,PackRight Solutions,Road (Mini-Truck),362,164,62.32,59368,22559.84,62.0,423.6,4,No,Delivered Late,0.82
ORD-00882,2024-12-04,2024-12-05,2024-12-09,2024-12-10,East India,Patna,Light_Beer_330ml,On-Premise (Bar/Restaurant),WH-DEL-01,AquaPure Beverages,Road (Mini-Truck),739,150,54.0,110850,39906.0,64.0,1670.43,4,Yes,Delivered On Time,1.68
ORD-00883,2023-07-01,2023-07-03,2023-07-09,2023-07-08,West India,Ahmedabad,Light_Beer_330ml,E-Commerce,WH-MUM-01,PackRight Solutions,Rail Freight,35,147,52.92,5145,1852.2,64.0,33.85,6,No,Delivered Late,0.7
ORD-00884,2023-05-22,2023-05-23,2023-05-25,2023-05-26,West India,Surat,IPA_330ml,General Trade,WH-DEL-01,HopCo Supplies,Road (Mini-Truck),331,152,60.8,50312,20124.8,60.0,447.69,2,Yes,Delivered On Time,1.08
ORD-00885,2023-01-24,2023-01-25,2023-01-27,2023-01-28,South India,Mysuru,Strong_Beer_500ml,E-Commerce,WH-DEL-01,AquaPure Beverages,Air Freight,508,185,79.55,93980,40411.4,57.0,1195.05,2,Yes,Delivered On Time,1.12
ORD-00886,2023-10-28,2023-10-29,2023-11-03,2023-11-04,East India,Bhubaneswar,Wheat_330ml,E-Commerce,WH-MUM-01,HopCo Supplies,Road (Truck),86,146,55.48,12556,4771.28,62.0,133.66,5,Yes,Delivered On Time,1.33
ORD-00887,2023-06-13,2023-06-14,2023-06-20,2023-06-21,South India,Kochi,Premium_Lager_330ml,Modern Trade,WH-HYD-01,PackRight Solutions,Rail Freight,406,220,99.0,89320,40194.0,55.0,605.26,6,Yes,Delivered On Time,0.97
ORD-00888,2024-07-04,2024-07-05,2024-07-10,2024-07-11,West India,Surat,Lager_500ml,E-Commerce,WH-BLR-01,BrewMalt India,Rail Freight,281,189,79.38,53109,22305.78,58.0,454.48,5,Yes,Delivered On Time,0.63
ORD-00889,2024-06-07,2024-06-08,2024-06-12,2024-06-14,East India,Guwahati,Light_Beer_330ml,Modern Trade,WH-BLR-01,PackRight Solutions,Road (Truck),299,143,51.48,42757,15392.52,64.0,624.46,4,Yes,Delivered On Time,1.09
ORD-00890,2023-09-06,2023-09-07,2023-09-10,2023-09-11,North India,Lucknow,Stout_650ml,E-Commerce,WH-BLR-01,AquaPure Beverages,Road (Truck),178,218,109.0,38804,19402.0,50.0,414.5,3,Yes,Delivered On Time,1.14
ORD-00891,2024-04-06,2024-04-07,2024-04-12,2024-04-12,South India,Hyderabad,Stout_650ml,On-Premise (Bar/Restaurant),WH-KOL-01,HopCo Supplies,Road (Truck),537,218,109.0,117066,58533.0,50.0,692.91,5,Yes,Delivered On Time,1.58
ORD-00892,2023-06-12,2023-06-13,2023-06-20,2023-06-21,East India,Ranchi,Stout_650ml,On-Premise (Bar/Restaurant),WH-BLR-01,HopCo Supplies,Rail Freight,220,225,112.5,49500,24750.0,50.0,477.14,7,Yes,Delivered On Time,1.07
ORD-00893,2023-01-29,2023-01-30,2023-02-01,2023-02-03,South India,Mysuru,Stout_650ml,E-Commerce,WH-BLR-01,PackRight Solutions,Road (Mini-Truck),403,219,109.5,88257,44128.5,50.0,670.84,2,Yes,Delivered On Time,1.16
ORD-00894,2024-08-24,2024-08-25,2024-08-28,2024-08-28,West India,Surat,Premium_Lager_330ml,General Trade,WH-BLR-01,PackRight Solutions,Road (Mini-Truck),170,206,92.7,35020,15759.0,55.0,184.88,3,Yes,Delivered On Time,0.81
ORD-00895,2023-03-08,2023-03-09,2023-03-11,2023-03-12,West India,Pune,IPA_330ml,E-Commerce,WH-DEL-01,HopCo Supplies,Road (Mini-Truck),299,156,62.4,46644,18657.6,60.0,640.39,2,Yes,Delivered On Time,1.44
ORD-00896,2023-07-27,2023-07-28,2023-08-06,2023-08-05,East India,Guwahati,IPA_330ml,Modern Trade,WH-HYD-01,PackRight Solutions,Rail Freight,45,162,64.8,7290,2916.0,60.0,109.57,9,No,Delivered Late,0.69
ORD-00897,2023-07-07,2023-07-08,2023-07-11,2023-07-12,North India,Delhi,IPA_330ml,General Trade,WH-MUM-01,PackRight Solutions,Road (Truck),294,177,70.8,52038,20815.2,60.0,255.31,3,Yes,Delivered On Time,0.77
ORD-00898,2023-03-07,2023-03-08,2023-03-12,2023-03-13,East India,Ranchi,Stout_650ml,Modern Trade,WH-MUM-01,AquaPure Beverages,Road (Mini-Truck),194,226,113.0,43844,21922.0,50.0,406.4,4,Yes,Delivered On Time,1.66
ORD-00899,2023-03-16,2023-03-17,2023-03-18,2023-03-20,West India,Mumbai,Premium_Lager_330ml,Modern Trade,WH-BLR-01,AquaPure Beverages,Road (Mini-Truck),150,204,91.8,30600,13770.0,55.0,174.82,1,Yes,Delivered On Time,1.38
ORD-00900,2024-03-29,2024-03-31,2024-04-04,2024-04-04,East India,Ranchi,Lager_500ml,E-Commerce,WH-DEL-01,AquaPure Beverages,Road (Mini-Truck),239,188,78.96,44932,18871.44,58.0,191.4,4,Yes,Delivered On Time,1.61
ORD-00901,2024-06-10,2024-06-11,2024-06-15,2024-06-16,Central India,Raipur,IPA_330ml,General Trade,WH-BLR-01,PackRight Solutions,Road (Truck),376,159,63.6,59784,23913.6,60.0,734.08,4,Yes,Delivered On Time,0.99
ORD-00902,2024-06-05,2024-06-06,2024-06-11,2024-06-12,East India,Guwahati,Lager_500ml,General Trade,WH-KOL-01,AquaPure Beverages,Road (Truck),138,175,73.5,24150,10143.0,58.0,327.47,5,Yes,Delivered On Time,1.04
ORD-00903,2023-08-26,2023-08-27,2023-08-31,2023-09-01,East India,Ranchi,Light_Beer_330ml,General Trade,WH-MUM-01,PackRight Solutions,Road (Mini-Truck),198,139,50.04,27522,9907.92,64.0,259.4,4,Yes,Delivered On Time,0.65
ORD-00904,2024-02-10,2024-02-11,2024-02-14,2024-02-16,South India,Mysuru,Strong_Beer_500ml,General Trade,WH-BLR-01,PackRight Solutions,Road (Truck),554,170,73.1,94180,40497.4,57.0,1367.25,3,No,Delivered On Time,1.14
ORD-00905,2023-11-07,2023-11-08,2023-11-14,2023-11-14,West India,Ahmedabad,Wheat_330ml,On-Premise (Bar/Restaurant),WH-KOL-01,PackRight Solutions,Rail Freight,298,150,57.0,44700,16986.0,62.0,394.44,6,Yes,Delivered On Time,1.45
ORD-00906,2023-12-29,2023-12-30,2023-12-30,2024-01-01,West India,Surat,Lager_500ml,E-Commerce,WH-DEL-01,GrainSource Ltd,Air Freight,188,184,77.28,34592,14528.64,58.0,217.07,0,Yes,Delivered On Time,1.56
ORD-00907,2023-11-30,2023-12-01,2023-12-05,2023-12-06,East India,Patna,Lager_500ml,On-Premise (Bar/Restaurant),WH-KOL-01,BrewMalt India,Road (Mini-Truck),650,176,73.92,114400,48048.0,58.0,822.73,4,Yes,Delivered On Time,1.52
ORD-00908,2023-02-17,2023-02-20,2023-02-24,2023-02-23,South India,Chennai,Stout_650ml,E-Commerce,WH-HYD-01,BrewMalt India,Road (Truck),281,232,116.0,65192,32596.0,50.0,504.79,4,No,In Transit,1.13
ORD-00909,2024-03-24,2024-03-25,2024-03-28,2024-03-29,North India,Delhi,Strong_Beer_500ml,On-Premise (Bar/Restaurant),WH-BLR-01,AquaPure Beverages,Road (Truck),177,180,77.4,31860,13699.8,57.0,374.87,3,Yes,Delivered On Time,1.67
ORD-00910,2023-04-01,2023-04-02,2023-04-06,2023-04-07,South India,Chennai,Premium_Lager_330ml,On-Premise (Bar/Restaurant),WH-HYD-01,BrewMalt India,Road (Truck),321,208,93.6,66768,30045.6,55.0,702.81,4,Yes,Delivered On Time,1.48
ORD-00911,2024-04-01,2024-04-02,2024-04-08,2024-04-09,South India,Bengaluru,Light_Beer_330ml,On-Premise (Bar/Restaurant),WH-BLR-01,GrainSource Ltd,Rail Freight,254,135,48.6,34290,12344.4,64.0,289.12,6,Yes,Delivered On Time,1.6
ORD-00912,2024-02-25,2024-02-26,2024-03-03,2024-03-03,East India,Ranchi,Strong_Beer_500ml,Modern Trade,WH-MUM-01,GrainSource Ltd,Road (Truck),475,180,77.4,85500,36765.0,57.0,1179.14,6,Yes,Delivered On Time,1.03
ORD-00913,2023-12-01,2023-12-02,2023-12-07,2023-12-08,North India,Amritsar,IPA_330ml,Modern Trade,WH-HYD-01,PackRight Solutions,Rail Freight,487,159,63.6,77433,30973.2,60.0,857.62,5,Yes,Delivered On Time,1.62
ORD-00914,2024-09-16,2024-09-17,2024-09-22,2024-09-23,North India,Amritsar,Wheat_330ml,Modern Trade,WH-HYD-01,HopCo Supplies,Rail Freight,161,164,62.32,26404,10033.52,62.0,256.27,5,Yes,Delivered On Time,1.1
ORD-00915,2024-12-10,2024-12-11,2024-12-16,2024-12-17,East India,Kolkata,Wheat_330ml,On-Premise (Bar/Restaurant),WH-KOL-01,BrewMalt India,Road (Truck),433,168,63.84,72744,27642.72,62.0,956.05,5,Yes,Delivered On Time,1.6
ORD-00916,2023-08-17,2023-08-18,2023-08-21,2023-08-22,North India,Lucknow,Stout_650ml,E-Commerce,WH-MUM-01,GrainSource Ltd,Road (Truck),332,220,110.0,73040,36520.0,50.0,729.27,3,Yes,Delivered On Time,0.75
ORD-00917,2023-04-14,2023-04-16,2023-04-21,2023-04-20,Central India,Indore,Wheat_330ml,General Trade,WH-MUM-01,GrainSource Ltd,Road (Truck),468,170,64.6,79560,30232.8,62.0,634.93,5,No,In Transit,1.31
ORD-00918,2023-10-05,2023-10-06,2023-10-09,2023-10-11,South India,Chennai,Wheat_330ml,On-Premise (Bar/Restaurant),WH-MUM-01,AquaPure Beverages,Road (Truck),223,164,62.32,36572,13897.36,62.0,345.07,3,Yes,Delivered On Time,1.39
ORD-00919,2024-03-25,2024-03-26,2024-03-30,2024-03-30,North India,Jaipur,Light_Beer_330ml,General Trade,WH-KOL-01,PackRight Solutions,Road (Truck),226,154,55.44,34804,12529.44,64.0,248.07,4,Yes,Delivered On Time,1.46
ORD-00920,2024-09-11,2024-09-12,2024-09-20,2024-09-19,Central India,Bhopal,Wheat_330ml,General Trade,WH-DEL-01,BrewMalt India,Rail Freight,214,153,58.14,32742,12441.96,62.0,264.07,8,No,Delivered Late,1.01
ORD-00921,2023-04-13,2023-04-14,2023-04-18,2023-04-18,West India,Mumbai,Lager_500ml,E-Commerce,WH-KOL-01,BrewMalt India,Road (Truck),299,196,82.32,58604,24613.68,58.0,355.78,4,Yes,Delivered On Time,1.44
ORD-00922,2023-09-12,2023-09-13,2023-09-15,2023-09-17,West India,Surat,Lager_500ml,On-Premise (Bar/Restaurant),WH-BLR-01,PackRight Solutions,Road (Truck),51,174,73.08,8874,3727.08,58.0,44.18,2,Yes,Delivered On Time,0.95
ORD-00923,2023-06-28,2023-06-30,2023-07-04,2023-07-04,South India,Hyderabad,Stout_650ml,E-Commerce,WH-MUM-01,HopCo Supplies,Road (Truck),149,233,116.5,34717,17358.5,50.0,353.49,4,Yes,Delivered On Time,1.18
ORD-00924,2023-09-29,2023-09-30,2023-10-01,2023-10-03,North India,Jaipur,Wheat_330ml,On-Premise (Bar/Restaurant),WH-KOL-01,HopCo Supplies,Road (Mini-Truck),69,165,62.7,11385,4326.3,62.0,141.41,1,Yes,Delivered On Time,1.09
ORD-00925,2023-06-23,2023-06-25,2023-06-26,2023-06-27,West India,Mumbai,Premium_Lager_330ml,E-Commerce,WH-HYD-01,AquaPure Beverages,Road (Mini-Truck),54,201,90.45,10854,4884.3,55.0,53.52,1,No,Delivered On Time,0.95
ORD-00926,2024-10-14,2024-10-16,2024-10-21,2024-10-21,West India,Surat,Light_Beer_330ml,E-Commerce,WH-MUM-01,PackRight Solutions,Rail Freight,380,145,52.2,55100,19836.0,64.0,652.83,5,Yes,Delivered On Time,1.3
ORD-00927,2023-05-13,2023-05-14,2023-05-17,2023-05-18,North India,Jaipur,IPA_330ml,General Trade,WH-MUM-01,PackRight Solutions,Road (Truck),140,157,62.8,21980,8792.0,60.0,179.19,3,Yes,Delivered On Time,1.14
ORD-00928,2023-11-05,2023-11-06,2023-11-08,2023-11-09,North India,Lucknow,Wheat_330ml,On-Premise (Bar/Restaurant),WH-MUM-01,HopCo Supplies,Road (Mini-Truck),408,161,61.18,65688,24961.44,62.0,511.4,2,No,Delivered On Time,1.43
ORD-00929,2023-02-05,2023-02-06,2023-02-11,2023-02-11,East India,Guwahati,Stout_650ml,General Trade,WH-HYD-01,BrewMalt India,Road (Mini-Truck),514,222,111.0,114108,57054.0,50.0,423.71,5,No,Delivered On Time,1.12
ORD-00930,2024-05-10,2024-05-12,2024-05-17,2024-05-15,South India,Chennai,IPA_330ml,On-Premise (Bar/Restaurant),WH-DEL-01,GrainSource Ltd,Road (Mini-Truck),169,170,68.0,28730,11492.0,60.0,265.4,5,No,In Transit,1.16
ORD-00931,2023-12-12,2023-12-13,2023-12-20,2023-12-20,Central India,Jabalpur,Lager_500ml,On-Premise (Bar/Restaurant),WH-HYD-01,BrewMalt India,Rail Freight,246,178,74.76,43788,18390.96,58.0,387.63,7,Yes,Delivered On Time,1.7
ORD-00932,2023-01-27,2023-01-28,2023-02-02,2023-02-03,East India,Ranchi,Stout_650ml,Modern Trade,WH-BLR-01,GrainSource Ltd,Road (Truck),135,213,106.5,28755,14377.5,50.0,234.33,5,Yes,Delivered On Time,1.19
ORD-00933,2023-03-26,2023-03-27,2023-03-31,2023-03-31,South India,Hyderabad,Stout_650ml,E-Commerce,WH-KOL-01,HopCo Supplies,Road (Mini-Truck),520,215,107.5,111800,55900.0,50.0,588.27,4,No,Delivered On Time,1.69
ORD-00934,2023-06-05,2023-06-06,2023-06-08,2023-06-09,North India,Lucknow,Strong_Beer_500ml,On-Premise (Bar/Restaurant),WH-HYD-01,PackRight Solutions,Road (Mini-Truck),343,181,77.83,62083,26695.69,57.0,678.89,2,Yes,Delivered On Time,1.07
ORD-00935,2024-09-25,2024-09-26,2024-09-30,2024-09-30,South India,Hyderabad,Wheat_330ml,Modern Trade,WH-MUM-01,GrainSource Ltd,Road (Mini-Truck),420,162,61.56,68040,25855.2,62.0,948.82,4,Yes,Delivered On Time,0.97
ORD-00936,2024-05-02,2024-05-04,2024-05-04,2024-05-05,North India,Jaipur,Stout_650ml,E-Commerce,WH-HYD-01,GrainSource Ltd,Air Freight,123,233,116.5,28659,14329.5,50.0,214.61,0,Yes,Delivered On Time,1.04
ORD-00937,2023-05-24,2023-05-25,2023-05-29,2023-05-29,South India,Mysuru,Premium_Lager_330ml,Modern Trade,WH-DEL-01,HopCo Supplies,Road (Mini-Truck),442,195,87.75,86190,38785.5,55.0,535.79,4,No,Delivered On Time,0.94
ORD-00938,2023-03-14,2023-03-16,2023-03-20,2023-03-21,West India,Surat,Premium_Lager_330ml,General Trade,WH-MUM-01,HopCo Supplies,Rail Freight,265,194,87.3,51410,23134.5,55.0,637.43,4,Yes,Delivered On Time,1.39
ORD-00939,2023-05-01,2023-05-02,2023-05-06,2023-05-07,South India,Kochi,Wheat_330ml,On-Premise (Bar/Restaurant),WH-BLR-01,BrewMalt India,Road (Truck),337,143,54.34,48191,18312.58,62.0,520.69,4,Yes,Delivered On Time,1.06
ORD-00940,2023-12-16,2023-12-18,2023-12-24,2023-12-24,Central India,Gwalior,IPA_330ml,General Trade,WH-DEL-01,HopCo Supplies,Rail Freight,115,162,64.8,18630,7452.0,60.0,175.27,6,Yes,Delivered On Time,1.65
ORD-00941,2024-09-09,2024-09-10,2024-09-12,2024-09-12,West India,Ahmedabad,Wheat_330ml,Modern Trade,WH-DEL-01,AquaPure Beverages,Air Freight,585,151,57.38,88335,33567.3,62.0,1165.74,2,Yes,Delivered On Time,1.19
ORD-00942,2023-10-10,2023-10-11,2023-10-16,2023-10-17,West India,Mumbai,Strong_Beer_500ml,Modern Trade,WH-BLR-01,BrewMalt India,Rail Freight,625,181,77.83,113125,48643.75,57.0,878.95,5,Yes,Delivered On Time,1.66
ORD-00943,2024-11-12,2024-11-13,2024-11-15,2024-11-16,North India,Jaipur,Wheat_330ml,E-Commerce,WH-MUM-01,PackRight Solutions,Road (Mini-Truck),633,166,63.08,105078,39929.64,62.0,910.82,2,Yes,Delivered On Time,1.41
ORD-00944,2024-10-20,2024-10-21,2024-10-27,2024-10-27,West India,Mumbai,Premium_Lager_330ml,Modern Trade,WH-HYD-01,PackRight Solutions,Rail Freight,577,193,86.85,111361,50112.45,55.0,1121.36,6,Yes,Delivered On Time,1.68
ORD-00945,2024-03-26,2024-03-27,2024-03-30,2024-03-30,West India,Surat,Strong_Beer_500ml,Modern Trade,WH-BLR-01,AquaPure Beverages,Road (Mini-Truck),562,192,82.56,107904,46398.72,57.0,1049.7,3,Yes,Delivered On Time,1.64
ORD-00946,2023-12-03,2023-12-04,2023-12-06,2023-12-07,North India,Lucknow,Premium_Lager_330ml,General Trade,WH-DEL-01,GrainSource Ltd,Road (Mini-Truck),349,215,96.75,75035,33765.75,55.0,491.95,2,Yes,Delivered On Time,1.34
ORD-00947,2024-12-16,2024-12-17,2024-12-22,2024-12-23,East India,Bhubaneswar,Stout_650ml,E-Commerce,WH-DEL-01,GrainSource Ltd,Road (Truck),312,234,117.0,73008,36504.0,50.0,539.88,5,Yes,Delivered On Time,1.7
ORD-00948,2023-12-08,2023-12-10,2023-12-17,2023-12-15,West India,Ahmedabad,Light_Beer_330ml,General Trade,WH-KOL-01,BrewMalt India,Rail Freight,468,153,55.08,71604,25777.44,64.0,1101.71,7,No,Delivered Late,1.44
ORD-00949,2023-07-27,2023-07-28,2023-07-31,2023-07-31,West India,Ahmedabad,Premium_Lager_330ml,E-Commerce,WH-MUM-01,HopCo Supplies,Road (Mini-Truck),276,205,92.25,56580,25461.0,55.0,574.94,3,Yes,Delivered On Time,0.67
ORD-00950,2024-06-02,2024-06-03,2024-06-08,2024-06-09,East India,Kolkata,Lager_500ml,General Trade,WH-HYD-01,HopCo Supplies,Road (Truck),372,179,75.18,66588,27966.96,58.0,737.52,5,Yes,Delivered On Time,1.11
ORD-00951,2023-12-15,2023-12-17,2023-12-19,2023-12-20,North India,Delhi,Strong_Beer_500ml,E-Commerce,WH-BLR-01,GrainSource Ltd,Road (Truck),382,169,72.67,64558,27759.94,57.0,834.58,2,No,Delivered On Time,1.51
ORD-00952,2023-02-11,2023-02-14,2023-02-17,2023-02-17,Central India,Gwalior,Lager_500ml,On-Premise (Bar/Restaurant),WH-MUM-01,HopCo Supplies,Road (Truck),125,191,80.22,23875,10027.5,58.0,247.7,3,Yes,Delivered On Time,0.97
ORD-00953,2023-09-07,2023-09-08,2023-09-12,2023-09-13,South India,Chennai,IPA_330ml,General Trade,WH-MUM-01,HopCo Supplies,Road (Truck),581,169,67.6,98189,39275.6,60.0,1450.89,4,Yes,Delivered On Time,1.19
ORD-00954,2024-02-01,2024-02-04,2024-02-10,2024-02-08,West India,Pune,Light_Beer_330ml,E-Commerce,WH-HYD-01,HopCo Supplies,Rail Freight,460,155,55.8,71300,25668.0,64.0,1071.84,6,No,Delivered Late,1.12
ORD-00955,2024-12-20,2024-12-21,2024-12-28,2024-12-27,East India,Ranchi,Stout_650ml,Modern Trade,WH-MUM-01,GrainSource Ltd,Road (Truck),454,228,114.0,103512,51756.0,50.0,730.37,7,No,Delivered Late,1.4
ORD-00956,2023-08-18,2023-08-19,2023-08-24,2023-08-25,North India,Amritsar,Wheat_330ml,On-Premise (Bar/Restaurant),WH-HYD-01,HopCo Supplies,Rail Freight,247,166,63.08,41002,15580.76,62.0,380.75,5,Yes,Delivered On Time,0.72
ORD-00957,2024-12-24,2024-12-25,2024-12-28,2024-12-29,North India,Amritsar,IPA_330ml,Modern Trade,WH-BLR-01,BrewMalt India,Road (Truck),542,161,64.4,87262,34904.8,60.0,1306.49,3,Yes,Delivered On Time,1.36
ORD-00958,2024-04-07,2024-04-08,2024-04-12,2024-04-13,Central India,Jabalpur,IPA_330ml,General Trade,WH-KOL-01,AquaPure Beverages,Road (Truck),576,171,68.4,98496,39398.4,60.0,958.19,4,Yes,Delivered On Time,1.42
ORD-00959,2023-02-24,2023-02-25,2023-03-01,2023-02-28,South India,Mysuru,Strong_Beer_500ml,On-Premise (Bar/Restaurant),WH-DEL-01,HopCo Supplies,Air Freight,258,183,78.69,47214,20302.02,57.0,526.74,4,No,Delivered Late,1.11
ORD-00960,2024-05-21,2024-05-22,2024-05-26,2024-05-27,South India,Mysuru,Light_Beer_330ml,General Trade,WH-MUM-01,AquaPure Beverages,Road (Truck),245,132,47.52,32340,11642.4,64.0,481.45,4,Yes,Delivered On Time,1.12
ORD-00961,2023-12-30,2023-12-31,2024-01-02,2024-01-04,West India,Surat,Wheat_330ml,On-Premise (Bar/Restaurant),WH-MUM-01,GrainSource Ltd,Road (Truck),369,168,63.84,61992,23556.96,62.0,421.04,2,Yes,Delivered On Time,1.37
ORD-00962,2024-09-12,2024-09-13,2024-09-15,2024-09-17,North India,Chandigarh,IPA_330ml,Modern Trade,WH-HYD-01,BrewMalt India,Road (Truck),308,151,60.4,46508,18603.2,60.0,762.21,2,Yes,Delivered On Time,0.92
ORD-00963,2024-08-04,2024-08-07,2024-08-11,2024-08-11,North India,Chandigarh,IPA_330ml,On-Premise (Bar/Restaurant),WH-DEL-01,HopCo Supplies,Rail Freight,361,152,60.8,54872,21948.8,60.0,400.36,4,Yes,Delivered On Time,0.74
ORD-00964,2023-07-01,2023-07-03,2023-07-07,2023-07-08,East India,Kolkata,Light_Beer_330ml,General Trade,WH-HYD-01,BrewMalt India,Road (Truck),337,157,56.52,52909,19047.24,64.0,738.8,4,Yes,Delivered On Time,0.82
ORD-00965,2023-04-21,2023-04-22,2023-04-29,2023-04-29,Central India,Bhopal,Premium_Lager_330ml,Modern Trade,WH-BLR-01,PackRight Solutions,Rail Freight,204,208,93.6,42432,19094.4,55.0,372.49,7,Yes,Delivered On Time,1.44
ORD-00966,2024-11-15,2024-11-16,2024-11-23,2024-11-24,East India,Guwahati,Strong_Beer_500ml,E-Commerce,WH-KOL-01,AquaPure Beverages,Rail Freight,338,172,73.96,58136,24998.48,57.0,378.62,7,Yes,Delivered On Time,1.52
ORD-00967,2024-06-16,2024-06-18,2024-06-21,2024-06-21,North India,Chandigarh,Lager_500ml,E-Commerce,WH-HYD-01,PackRight Solutions,Road (Truck),358,180,75.6,64440,27064.8,58.0,603.89,3,Yes,Delivered On Time,0.93
ORD-00968,2023-10-27,2023-10-28,2023-10-30,2023-11-01,South India,Hyderabad,Stout_650ml,General Trade,WH-KOL-01,PackRight Solutions,Road (Mini-Truck),450,222,111.0,99900,49950.0,50.0,439.8,2,Yes,Delivered On Time,1.68
ORD-00969,2023-10-22,2023-10-23,2023-10-23,2023-10-25,West India,Nagpur,IPA_330ml,On-Premise (Bar/Restaurant),WH-KOL-01,PackRight Solutions,Air Freight,655,151,60.4,98905,39562.0,60.0,865.98,0,Yes,Delivered On Time,1.61
ORD-00970,2023-02-18,2023-02-19,2023-02-23,2023-02-24,Central India,Gwalior,Wheat_330ml,On-Premise (Bar/Restaurant),WH-DEL-01,AquaPure Beverages,Road (Truck),293,146,55.48,42778,16255.64,62.0,575.18,4,Yes,Delivered On Time,1.19
ORD-00971,2024-12-16,2024-12-17,2024-12-20,2024-12-22,Central India,Gwalior,Light_Beer_330ml,General Trade,WH-HYD-01,HopCo Supplies,Road (Truck),209,133,47.88,27797,10006.92,64.0,281.01,3,Yes,Delivered On Time,1.32
ORD-00972,2023-07-30,2023-07-31,2023-08-06,2023-08-06,West India,Pune,Premium_Lager_330ml,Modern Trade,WH-DEL-01,GrainSource Ltd,Rail Freight,90,219,98.55,19710,8869.5,55.0,212.03,6,Yes,Delivered On Time,0.83
ORD-00973,2024-02-16,2024-02-17,2024-02-23,2024-02-24,South India,Kochi,Light_Beer_330ml,General Trade,WH-BLR-01,PackRight Solutions,Rail Freight,111,149,53.64,16539,5954.04,64.0,168.59,6,Yes,Delivered On Time,0.91
ORD-00974,2024-03-01,2024-03-03,2024-03-06,2024-03-07,East India,Bhubaneswar,Strong_Beer_500ml,On-Premise (Bar/Restaurant),WH-KOL-01,BrewMalt India,Road (Mini-Truck),396,173,74.39,68508,29458.44,57.0,487.41,3,Yes,Delivered On Time,1.63
ORD-00975,2023-08-17,2023-08-18,2023-08-21,2023-08-21,West India,Mumbai,Strong_Beer_500ml,E-Commerce,WH-MUM-01,HopCo Supplies,Road (Mini-Truck),66,168,72.24,11088,4767.84,57.0,113.04,3,Yes,Delivered On Time,0.62
ORD-00976,2023-09-25,2023-09-27,2023-10-05,2023-10-04,East India,Guwahati,Stout_650ml,On-Premise (Bar/Restaurant),WH-BLR-01,HopCo Supplies,Rail Freight,103,222,111.0,22866,11433.0,50.0,169.59,8,No,Delivered Late,0.93
ORD-00977,2023-02-08,2023-02-09,2023-02-14,2023-02-14,Central India,Bhopal,IPA_330ml,E-Commerce,WH-DEL-01,AquaPure Beverages,Road (Truck),165,152,60.8,25080,10032.0,60.0,304.6,5,Yes,Delivered On Time,1.15
ORD-00978,2023-07-13,2023-07-14,2023-07-16,2023-07-18,South India,Kochi,Premium_Lager_330ml,Modern Trade,WH-HYD-01,GrainSource Ltd,Road (Mini-Truck),332,200,90.0,66400,29880.0,55.0,750.69,2,Yes,Delivered On Time,0.79
ORD-00979,2023-06-06,2023-06-07,2023-06-11,2023-06-12,South India,Hyderabad,IPA_330ml,General Trade,WH-DEL-01,BrewMalt India,Road (Truck),363,152,60.8,55176,22070.4,60.0,735.44,4,Yes,Delivered On Time,1.18
ORD-00980,2024-07-24,2024-07-25,2024-07-27,2024-07-29,West India,Mumbai,Light_Beer_330ml,General Trade,WH-HYD-01,BrewMalt India,Road (Truck),211,160,57.6,33760,12153.6,64.0,354.62,2,Yes,Delivered On Time,0.64
ORD-00981,2023-04-17,2023-04-18,2023-04-21,2023-04-23,Central India,Indore,Strong_Beer_500ml,On-Premise (Bar/Restaurant),WH-BLR-01,HopCo Supplies,Road (Truck),83,177,76.11,14691,6317.13,57.0,146.4,3,Yes,Delivered On Time,1.57
ORD-00982,2024-05-02,2024-05-03,2024-05-05,2024-05-06,North India,Amritsar,Premium_Lager_330ml,Modern Trade,WH-DEL-01,AquaPure Beverages,Road (Mini-Truck),448,202,90.9,90496,40723.2,55.0,928.13,2,Yes,Delivered On Time,1.18
ORD-00983,2023-06-06,2023-06-07,2023-06-13,2023-06-14,Central India,Raipur,Stout_650ml,E-Commerce,WH-KOL-01,AquaPure Beverages,Rail Freight,520,221,110.5,114920,57460.0,50.0,1267.33,6,Yes,Delivered On Time,1.04
ORD-00984,2023-05-28,2023-05-30,2023-06-07,2023-06-06,East India,Bhubaneswar,Stout_650ml,Modern Trade,WH-KOL-01,HopCo Supplies,Rail Freight,236,232,116.0,54752,27376.0,50.0,440.15,8,No,Delivered Late,0.91
ORD-00985,2024-02-02,2024-02-03,2024-02-05,2024-02-07,West India,Surat,IPA_330ml,E-Commerce,WH-KOL-01,HopCo Supplies,Road (Truck),230,160,64.0,36800,14720.0,60.0,280.19,2,Yes,Delivered On Time,1.04
ORD-00986,2024-02-23,2024-02-24,2024-02-28,2024-02-29,Central India,Indore,Light_Beer_330ml,On-Premise (Bar/Restaurant),WH-KOL-01,PackRight Solutions,Road (Truck),209,136,48.96,28424,10232.64,64.0,327.91,4,Yes,Delivered On Time,1.01
ORD-00987,2023-06-10,2023-06-11,2023-06-13,2023-06-14,West India,Mumbai,Wheat_330ml,General Trade,WH-BLR-01,HopCo Supplies,Road (Mini-Truck),345,153,58.14,52785,20058.3,62.0,502.37,2,Yes,Delivered On Time,1.1
ORD-00988,2023-07-22,2023-07-23,2023-07-27,2023-07-28,East India,Ranchi,Light_Beer_330ml,General Trade,WH-KOL-01,PackRight Solutions,Road (Mini-Truck),135,144,51.84,19440,6998.4,64.0,219.69,4,Yes,Delivered On Time,0.64
ORD-00989,2023-03-29,2023-03-30,2023-04-03,2023-04-03,Central India,Gwalior,Strong_Beer_500ml,Modern Trade,WH-DEL-01,HopCo Supplies,Road (Mini-Truck),643,192,82.56,123456,53086.08,57.0,1500.16,4,Yes,Delivered On Time,1.31
ORD-00990,2023-11-20,2023-11-21,2023-11-24,2023-11-25,South India,Chennai,Stout_650ml,Modern Trade,WH-BLR-01,PackRight Solutions,Road (Mini-Truck),725,224,112.0,162400,81200.0,50.0,705.1,3,Yes,Delivered On Time,1.53
ORD-00991,2024-09-25,2024-09-26,2024-09-30,2024-10-01,South India,Chennai,Wheat_330ml,E-Commerce,WH-DEL-01,HopCo Supplies,Road (Truck),343,157,59.66,53851,20463.38,62.0,768.87,4,Yes,Delivered On Time,1.02
ORD-00992,2024-01-26,2024-01-27,2024-01-30,2024-01-31,North India,Lucknow,IPA_330ml,Modern Trade,WH-DEL-01,AquaPure Beverages,Road (Truck),305,155,62.0,47275,18910.0,60.0,431.9,3,No,Delivered On Time,1.04
ORD-00993,2024-11-18,2024-11-20,2024-11-21,2024-11-22,Central India,Gwalior,Wheat_330ml,E-Commerce,WH-DEL-01,AquaPure Beverages,Air Freight,341,142,53.96,48422,18400.36,62.0,446.77,1,Yes,Delivered On Time,1.53
ORD-00994,2023-03-27,2023-03-28,2023-04-02,2023-04-02,South India,Bengaluru,Light_Beer_330ml,General Trade,WH-BLR-01,GrainSource Ltd,Road (Truck),660,145,52.2,95700,34452.0,64.0,717.69,5,Yes,Delivered On Time,1.44
ORD-00995,2023-06-20,2023-06-21,2023-06-25,2023-06-26,South India,Mysuru,Stout_650ml,Modern Trade,WH-KOL-01,AquaPure Beverages,Road (Truck),158,232,116.0,36656,18328.0,50.0,137.27,4,Yes,Delivered On Time,0.92
ORD-00996,2024-10-01,2024-10-02,2024-10-06,2024-10-08,North India,Chandigarh,Premium_Lager_330ml,Modern Trade,WH-MUM-01,GrainSource Ltd,Rail Freight,445,190,85.5,84550,38047.5,55.0,649.82,4,Yes,Delivered On Time,1.3
ORD-00997,2023-05-16,2023-05-17,2023-05-19,2023-05-20,West India,Ahmedabad,Stout_650ml,E-Commerce,WH-KOL-01,BrewMalt India,Road (Mini-Truck),493,218,109.0,107474,53737.0,50.0,1159.88,2,Yes,Delivered On Time,1.18
ORD-00998,2023-04-20,2023-04-21,2023-04-28,2023-04-29,East India,Ranchi,Lager_500ml,Modern Trade,WH-MUM-01,BrewMalt India,Rail Freight,196,181,76.02,35476,14899.92,58.0,185.92,7,Yes,Delivered On Time,1.4
ORD-00999,2024-08-19,2024-08-20,2024-08-23,2024-08-24,North India,Delhi,Strong_Beer_500ml,On-Premise (Bar/Restaurant),WH-HYD-01,BrewMalt India,Road (Truck),376,179,76.97,67304,28940.72,57.0,692.35,3,Yes,Delivered On Time,0.76
ORD-01000,2023-04-04,2023-04-05,2023-04-08,2023-04-10,South India,Chennai,Strong_Beer_500ml,Modern Trade,WH-MUM-01,PackRight Solutions,Road (Truck),591,186,79.98,109926,47268.18,57.0,794.71,3,Yes,Delivered On Time,1.3
ORD-01001,2023-07-10,2023-07-11,2023-07-15,2023-07-15,South India,Kochi,Light_Beer_330ml,General Trade,WH-KOL-01,BrewMalt India,Road (Mini-Truck),305,151,54.36,46055,16579.8,64.0,507.18,4,Yes,Delivered On Time,0.72
ORD-01002,2023-07-13,2023-07-14,2023-07-16,2023-07-18,South India,Chennai,Stout_650ml,General Trade,WH-HYD-01,HopCo Supplies,Road (Mini-Truck),314,234,117.0,73476,36738.0,50.0,780.72,2,Yes,Delivered On Time,0.77
ORD-01003,2023-08-12,2023-08-13,2023-08-15,2023-08-16,West India,Nagpur,Stout_650ml,E-Commerce,WH-HYD-01,GrainSource Ltd,Road (Mini-Truck),335,221,110.5,74035,37017.5,50.0,819.36,2,Yes,Delivered On Time,0.71
ORD-01004,2023-03-03,2023-03-04,2023-03-10,2023-03-10,East India,Bhubaneswar,Lager_500ml,Modern Trade,WH-DEL-01,BrewMalt India,Road (Truck),725,183,76.86,132675,55723.5,58.0,594.79,6,Yes,Delivered On Time,1.55
ORD-01005,2023-03-09,2023-03-10,2023-03-14,2023-03-15,East India,Ranchi,Light_Beer_330ml,On-Premise (Bar/Restaurant),WH-HYD-01,GrainSource Ltd,Road (Mini-Truck),645,156,56.16,100620,36223.2,64.0,922.19,4,Yes,Delivered On Time,1.53
ORD-01006,2023-02-13,2023-02-15,2023-02-17,2023-02-17,West India,Ahmedabad,Premium_Lager_330ml,General Trade,WH-MUM-01,AquaPure Beverages,Road (Mini-Truck),287,204,91.8,58548,26346.6,55.0,690.77,2,Yes,Delivered On Time,1.11
ORD-01007,2024-01-30,2024-01-31,2024-02-02,2024-02-03,West India,Surat,IPA_330ml,General Trade,WH-MUM-01,AquaPure Beverages,Road (Mini-Truck),63,177,70.8,11151,4460.4,60.0,118.11,2,No,Delivered On Time,1.03
ORD-01008,2023-07-08,2023-07-09,2023-07-13,2023-07-14,East India,Kolkata,IPA_330ml,General Trade,WH-MUM-01,HopCo Supplies,Road (Mini-Truck),37,162,64.8,5994,2397.6,60.0,60.88,4,Yes,Delivered On Time,0.65
ORD-01009,2024-05-26,2024-05-27,2024-06-01,2024-06-02,East India,Ranchi,Stout_650ml,General Trade,WH-MUM-01,GrainSource Ltd,Road (Truck),500,215,107.5,107500,53750.0,50.0,490.11,5,Yes,Delivered On Time,1.03
ORD-01010,2024-05-21,2024-05-22,2024-05-25,2024-05-26,West India,Nagpur,Stout_650ml,General Trade,WH-MUM-01,PackRight Solutions,Road (Truck),299,225,112.5,67275,33637.5,50.0,559.66,3,Yes,Delivered On Time,1.14
ORD-01011,2024-01-18,2024-01-19,2024-01-24,2024-01-23,West India,Nagpur,Lager_500ml,General Trade,WH-HYD-01,HopCo Supplies,Road (Truck),560,174,73.08,97440,40924.8,58.0,844.98,5,No,Delivered Late,1.14
ORD-01012,2024-07-22,2024-07-23,2024-07-28,2024-07-28,East India,Bhubaneswar,Light_Beer_330ml,On-Premise (Bar/Restaurant),WH-KOL-01,PackRight Solutions,Road (Mini-Truck),314,140,50.4,43960,15825.6,64.0,668.42,5,No,Delivered On Time,0.69
ORD-01013,2024-04-26,2024-04-28,2024-05-02,2024-05-02,South India,Mysuru,Premium_Lager_330ml,General Trade,WH-MUM-01,PackRight Solutions,Road (Truck),348,206,92.7,71688,32259.6,55.0,468.69,4,Yes,Delivered On Time,1.66
ORD-01014,2023-07-17,2023-07-18,2023-07-22,2023-07-22,West India,Surat,Premium_Lager_330ml,On-Premise (Bar/Restaurant),WH-DEL-01,BrewMalt India,Road (Truck),152,212,95.4,32224,14500.8,55.0,185.32,4,Yes,Delivered On Time,0.8
ORD-01015,2023-10-07,2023-10-08,2023-10-13,2023-10-14,East India,Patna,Light_Beer_330ml,E-Commerce,WH-HYD-01,PackRight Solutions,Road (Truck),500,140,50.4,70000,25200.0,64.0,948.97,5,Yes,Delivered On Time,1.68
ORD-01016,2024-05-31,2024-06-01,2024-06-06,2024-06-06,Central India,Bhopal,Stout_650ml,Modern Trade,WH-MUM-01,HopCo Supplies,Road (Truck),444,222,111.0,98568,49284.0,50.0,552.19,5,Yes,Delivered On Time,0.98
ORD-01017,2023-06-01,2023-06-02,2023-06-07,2023-06-08,East India,Kolkata,Lager_500ml,E-Commerce,WH-DEL-01,AquaPure Beverages,Road (Truck),252,187,78.54,47124,19792.08,58.0,602.97,5,Yes,Delivered On Time,1.03
ORD-01018,2023-05-12,2023-05-13,2023-05-18,2023-05-19,East India,Bhubaneswar,Strong_Beer_500ml,E-Commerce,WH-BLR-01,AquaPure Beverages,Road (Truck),58,168,72.24,9744,4189.92,57.0,60.38,5,Yes,Delivered On Time,1.0
ORD-01019,2023-12-01,2023-12-02,2023-12-06,2023-12-07,Central India,Bhopal,Strong_Beer_500ml,E-Commerce,WH-BLR-01,PackRight Solutions,Road (Truck),680,166,71.38,112880,48538.4,57.0,589.52,4,Yes,Delivered On Time,1.55
ORD-01020,2023-04-15,2023-04-16,2023-04-19,2023-04-20,North India,Lucknow,IPA_330ml,Modern Trade,WH-DEL-01,GrainSource Ltd,Road (Truck),626,157,62.8,98282,39312.8,60.0,587.17,3,Yes,Delivered On Time,1.51
ORD-01021,2024-02-10,2024-02-11,2024-02-14,2024-02-15,North India,Jaipur,IPA_330ml,Modern Trade,WH-HYD-01,GrainSource Ltd,Road (Truck),366,176,70.4,64416,25766.4,60.0,767.39,3,Yes,Delivered On Time,1.11
ORD-01022,2024-12-15,2024-12-16,2024-12-19,2024-12-20,South India,Chennai,Lager_500ml,Modern Trade,WH-DEL-01,PackRight Solutions,Road (Mini-Truck),98,171,71.82,16758,7038.36,58.0,223.42,3,Yes,Delivered On Time,1.39
ORD-01023,2023-10-24,2023-10-25,2023-10-30,2023-10-31,East India,Patna,IPA_330ml,E-Commerce,WH-DEL-01,HopCo Supplies,Road (Truck),588,172,68.8,101136,40454.4,60.0,1059.83,5,Yes,Delivered On Time,1.5
ORD-01024,2024-08-18,2024-08-20,2024-08-23,2024-08-23,South India,Mysuru,IPA_330ml,Modern Trade,WH-BLR-01,PackRight Solutions,Road (Mini-Truck),254,178,71.2,45212,18084.8,60.0,206.37,3,Yes,Delivered On Time,0.82
ORD-01025,2023-07-26,2023-07-27,2023-08-02,2023-08-02,East India,Patna,Premium_Lager_330ml,On-Premise (Bar/Restaurant),WH-HYD-01,AquaPure Beverages,Road (Truck),142,200,90.0,28400,12780.0,55.0,270.62,6,Yes,Delivered On Time,0.79
ORD-01026,2023-02-12,2023-02-14,2023-02-17,2023-02-17,North India,Jaipur,Premium_Lager_330ml,E-Commerce,WH-MUM-01,GrainSource Ltd,Road (Truck),106,213,95.85,22578,10160.1,55.0,217.37,3,Yes,Delivered On Time,1.02
ORD-01027,2024-10-25,2024-10-27,2024-10-31,2024-10-31,South India,Mysuru,Light_Beer_330ml,On-Premise (Bar/Restaurant),WH-BLR-01,HopCo Supplies,Road (Truck),527,158,56.88,83266,29975.76,64.0,699.24,4,Yes,Delivered On Time,1.55
ORD-01028,2024-04-13,2024-04-14,2024-04-17,2024-04-18,South India,Hyderabad,Wheat_330ml,E-Commerce,WH-KOL-01,HopCo Supplies,Road (Mini-Truck),605,164,62.32,99220,37703.6,62.0,777.47,3,Yes,Delivered On Time,1.69
ORD-01029,2023-01-12,2023-01-13,2023-01-15,2023-01-16,North India,Amritsar,Lager_500ml,Modern Trade,WH-DEL-01,GrainSource Ltd,Road (Mini-Truck),59,179,75.18,10561,4435.62,58.0,56.95,2,No,Delivered On Time,1.18
ORD-01030,2024-10-31,2024-11-02,2024-11-06,2024-11-06,South India,Chennai,IPA_330ml,On-Premise (Bar/Restaurant),WH-DEL-01,HopCo Supplies,Road (Truck),581,151,60.4,87731,35092.4,60.0,1383.49,4,Yes,Delivered On Time,1.31
ORD-01031,2023-08-29,2023-08-30,2023-09-02,2023-09-03,North India,Delhi,IPA_330ml,General Trade,WH-DEL-01,HopCo Supplies,Road (Truck),245,172,68.8,42140,16856.0,60.0,395.81,3,Yes,Delivered On Time,0.71
ORD-01032,2024-03-18,2024-03-21,2024-03-25,2024-03-24,South India,Bengaluru,IPA_330ml,E-Commerce,WH-DEL-01,GrainSource Ltd,Road (Truck),425,155,62.0,65875,26350.0,60.0,895.99,4,No,Delivered Late,1.63
ORD-01033,2023-07-12,2023-07-13,2023-07-17,2023-07-18,East India,Guwahati,Wheat_330ml,On-Premise (Bar/Restaurant),WH-DEL-01,AquaPure Beverages,Road (Mini-Truck),184,165,62.7,30360,11536.8,62.0,408.51,4,Yes,Delivered On Time,0.66
ORD-01034,2023-04-01,2023-04-02,2023-04-05,2023-04-07,Central India,Jabalpur,Light_Beer_330ml,General Trade,WH-DEL-01,PackRight Solutions,Road (Truck),435,156,56.16,67860,24429.6,64.0,622.56,3,Yes,Delivered On Time,1.54
ORD-01035,2024-02-16,2024-02-17,2024-02-22,2024-02-22,Central India,Indore,Stout_650ml,On-Premise (Bar/Restaurant),WH-KOL-01,PackRight Solutions,Road (Truck),229,234,117.0,53586,26793.0,50.0,375.71,5,Yes,Delivered On Time,1.01
ORD-01036,2023-05-21,2023-05-22,2023-05-26,2023-05-26,West India,Ahmedabad,IPA_330ml,Modern Trade,WH-HYD-01,BrewMalt India,Road (Truck),233,170,68.0,39610,15844.0,60.0,251.47,4,Yes,Delivered On Time,1.0
ORD-01037,2024-10-09,2024-10-10,2024-10-14,2024-10-16,East India,Ranchi,Light_Beer_330ml,General Trade,WH-HYD-01,AquaPure Beverages,Road (Truck),213,157,56.52,33441,12038.76,64.0,244.92,4,Yes,Delivered On Time,1.63
ORD-01038,2023-01-05,2023-01-07,2023-01-10,2023-01-10,North India,Jaipur,Lager_500ml,Modern Trade,WH-HYD-01,AquaPure Beverages,Road (Truck),324,191,80.22,61884,25991.28,58.0,693.08,3,Yes,Delivered On Time,0.98
ORD-01039,2024-06-19,2024-06-20,2024-06-25,2024-06-26,North India,Chandigarh,Strong_Beer_500ml,On-Premise (Bar/Restaurant),WH-HYD-01,HopCo Supplies,Rail Freight,276,172,73.96,47472,20412.96,57.0,684.35,5,Yes,Delivered On Time,1.1
ORD-01040,2024-05-31,2024-06-02,2024-06-07,2024-06-07,West India,Pune,Light_Beer_330ml,General Trade,WH-DEL-01,GrainSource Ltd,Rail Freight,345,134,48.24,46230,16642.8,64.0,719.28,5,Yes,Delivered On Time,1.14
ORD-01041,2023-02-01,2023-02-03,2023-02-07,2023-02-07,South India,Mysuru,Strong_Beer_500ml,Modern Trade,WH-MUM-01,BrewMalt India,Road (Truck),154,170,73.1,26180,11257.4,57.0,241.69,4,Yes,Delivered On Time,0.99
ORD-01042,2023-11-04,2023-11-05,2023-11-07,2023-11-08,West India,Ahmedabad,Strong_Beer_500ml,E-Commerce,WH-DEL-01,PackRight Solutions,Road (Mini-Truck),347,171,73.53,59337,25514.91,57.0,652.32,2,Yes,Delivered On Time,1.44
ORD-01043,2023-09-19,2023-09-20,2023-09-23,2023-09-24,North India,Jaipur,Lager_500ml,E-Commerce,WH-BLR-01,PackRight Solutions,Road (Truck),543,195,81.9,105885,44471.7,58.0,1070.04,3,Yes,Delivered On Time,1.11
ORD-01044,2023-03-30,2023-03-31,2023-04-03,2023-04-04,East India,Guwahati,Lager_500ml,E-Commerce,WH-DEL-01,AquaPure Beverages,Air Freight,488,172,72.24,83936,35253.12,58.0,1155.55,3,Yes,Delivered On Time,1.49
ORD-01045,2024-07-19,2024-07-20,2024-07-23,2024-07-24,West India,Ahmedabad,Wheat_330ml,E-Commerce,WH-DEL-01,BrewMalt India,Road (Truck),384,154,58.52,59136,22471.68,62.0,391.01,3,Yes,Delivered On Time,0.79
ORD-01046,2024-08-01,2024-08-02,2024-08-06,2024-08-07,Central India,Jabalpur,Lager_500ml,General Trade,WH-KOL-01,HopCo Supplies,Road (Truck),226,190,79.8,42940,18034.8,58.0,379.33,4,Yes,Delivered On Time,0.7
ORD-01047,2023-12-06,2023-12-09,2023-12-11,2023-12-11,West India,Ahmedabad,Light_Beer_330ml,General Trade,WH-DEL-01,AquaPure Beverages,Road (Truck),589,134,48.24,78926,28413.36,64.0,720.57,2,Yes,Delivered On Time,1.47
ORD-01048,2024-11-30,2024-12-01,2024-12-06,2024-12-06,South India,Kochi,Lager_500ml,On-Premise (Bar/Restaurant),WH-MUM-01,HopCo Supplies,Road (Truck),462,177,74.34,81774,34345.08,58.0,460.78,5,Yes,Delivered On Time,1.53
ORD-01049,2024-12-16,2024-12-18,2024-12-22,2024-12-22,South India,Chennai,Strong_Beer_500ml,Modern Trade,WH-KOL-01,BrewMalt India,Road (Truck),605,181,77.83,109505,47087.15,57.0,914.56,4,Yes,Delivered On Time,1.47
ORD-01050,2023-09-27,2023-09-28,2023-10-03,2023-10-04,East India,Guwahati,Premium_Lager_330ml,E-Commerce,WH-DEL-01,HopCo Supplies,Road (Truck),452,201,90.45,90852,40883.4,55.0,1074.57,5,Yes,Delivered On Time,1.16
ORD-01051,2023-07-21,2023-07-22,2023-07-25,2023-07-26,North India,Delhi,Wheat_330ml,Modern Trade,WH-HYD-01,PackRight Solutions,Road (Truck),233,151,57.38,35183,13369.54,62.0,446.35,3,No,Delivered On Time,0.71
ORD-01052,2023-11-04,2023-11-05,2023-11-07,2023-11-09,West India,Mumbai,Premium_Lager_330ml,Modern Trade,WH-MUM-01,GrainSource Ltd,Road (Truck),552,202,90.9,111504,50176.8,55.0,547.41,2,Yes,Delivered On Time,1.35
ORD-01053,2023-09-07,2023-09-08,2023-09-12,2023-09-13,Central India,Gwalior,Lager_500ml,On-Premise (Bar/Restaurant),WH-MUM-01,AquaPure Beverages,Road (Truck),533,176,73.92,93808,39399.36,58.0,516.15,4,Yes,Delivered On Time,1.16
ORD-01054,2024-06-06,2024-06-07,2024-06-12,2024-06-11,Central India,Gwalior,Light_Beer_330ml,Modern Trade,WH-MUM-01,AquaPure Beverages,Road (Mini-Truck),412,132,47.52,54384,19578.24,64.0,768.71,5,No,Delivered Late,0.94
ORD-01055,2024-03-18,2024-03-19,2024-03-23,2024-03-25,East India,Bhubaneswar,Light_Beer_330ml,On-Premise (Bar/Restaurant),WH-KOL-01,AquaPure Beverages,Road (Truck),282,154,55.44,43428,15634.08,64.0,404.74,4,Yes,Delivered On Time,1.32
ORD-01056,2024-06-05,2024-06-06,2024-06-08,2024-06-10,Central India,Indore,Strong_Beer_500ml,General Trade,WH-KOL-01,BrewMalt India,Road (Mini-Truck),444,192,82.56,85248,36656.64,57.0,572.3,2,Yes,Delivered On Time,1.17
ORD-01057,2024-12-22,2024-12-23,2024-12-25,2024-12-26,West India,Nagpur,Lager_500ml,E-Commerce,WH-DEL-01,GrainSource Ltd,Road (Mini-Truck),205,194,81.48,39770,16703.4,58.0,325.88,2,Yes,Delivered On Time,1.66
ORD-01058,2024-04-26,2024-04-28,2024-05-05,2024-05-05,East India,Ranchi,Premium_Lager_330ml,On-Premise (Bar/Restaurant),WH-BLR-01,PackRight Solutions,Rail Freight,370,214,96.3,79180,35631.0,55.0,876.85,7,Yes,Delivered On Time,1.5
ORD-01059,2024-05-16,2024-05-17,2024-05-20,2024-05-22,Central India,Gwalior,Wheat_330ml,E-Commerce,WH-BLR-01,GrainSource Ltd,Road (Truck),383,156,59.28,59748,22704.24,62.0,914.63,3,Yes,Delivered On Time,1.19
ORD-01060,2024-08-02,2024-08-04,2024-08-10,2024-08-10,Central India,Gwalior,Wheat_330ml,On-Premise (Bar/Restaurant),WH-BLR-01,AquaPure Beverages,Rail Freight,133,146,55.48,19418,7378.84,62.0,166.07,6,Yes,Delivered On Time,0.65
ORD-01061,2024-12-03,2024-12-04,2024-12-09,2024-12-09,South India,Mysuru,Light_Beer_330ml,General Trade,WH-BLR-01,GrainSource Ltd,Road (Truck),470,147,52.92,69090,24872.4,64.0,514.56,5,Yes,Delivered On Time,1.44
ORD-01062,2024-05-23,2024-05-24,2024-05-31,2024-05-31,South India,Chennai,Premium_Lager_330ml,On-Premise (Bar/Restaurant),WH-MUM-01,GrainSource Ltd,Rail Freight,252,205,92.25,51660,23247.0,55.0,347.86,7,Yes,Delivered On Time,1.01
ORD-01063,2024-02-07,2024-02-09,2024-02-16,2024-02-15,Central India,Bhopal,Stout_650ml,Modern Trade,WH-KOL-01,GrainSource Ltd,Rail Freight,131,235,117.5,30785,15392.5,50.0,234.76,7,No,In Transit,0.9
ORD-01064,2024-03-13,2024-03-14,2024-03-18,2024-03-19,Central India,Gwalior,IPA_330ml,General Trade,WH-BLR-01,BrewMalt India,Road (Truck),465,169,67.6,78585,31434.0,60.0,482.45,4,Yes,Delivered On Time,1.55
ORD-01065,2024-07-02,2024-07-04,2024-07-09,2024-07-09,East India,Kolkata,Lager_500ml,Modern Trade,WH-BLR-01,PackRight Solutions,Road (Truck),302,173,72.66,52246,21943.32,58.0,699.2,5,Yes,Delivered On Time,0.67
ORD-01066,2023-10-19,2023-10-20,2023-10-22,2023-10-23,North India,Delhi,Lager_500ml,On-Premise (Bar/Restaurant),WH-HYD-01,HopCo Supplies,Road (Mini-Truck),246,177,74.34,43542,18287.64,58.0,427.9,2,Yes,Delivered On Time,1.47
ORD-01067,2024-01-28,2024-01-31,2024-02-03,2024-02-03,South India,Bengaluru,Premium_Lager_330ml,On-Premise (Bar/Restaurant),WH-MUM-01,GrainSource Ltd,Road (Truck),350,190,85.5,66500,29925.0,55.0,862.31,3,Yes,Delivered On Time,0.96
ORD-01068,2024-04-15,2024-04-16,2024-04-18,2024-04-20,West India,Mumbai,Lager_500ml,General Trade,WH-KOL-01,PackRight Solutions,Road (Truck),212,199,83.58,42188,17718.96,58.0,280.78,2,Yes,Delivered On Time,1.54
ORD-01069,2023-03-25,2023-03-26,2023-03-31,2023-03-31,Central India,Jabalpur,IPA_330ml,General Trade,WH-MUM-01,BrewMalt India,Road (Truck),404,164,65.6,66256,26502.4,60.0,838.78,5,Yes,Delivered On Time,1.46
ORD-01070,2024-06-20,2024-06-21,2024-06-24,2024-06-25,Central India,Raipur,Wheat_330ml,E-Commerce,WH-KOL-01,HopCo Supplies,Road (Mini-Truck),60,155,58.9,9300,3534.0,62.0,68.96,3,Yes,Delivered On Time,1.0
ORD-01071,2023-08-01,2023-08-02,2023-08-04,2023-08-05,North India,Amritsar,Light_Beer_330ml,E-Commerce,WH-MUM-01,AquaPure Beverages,Road (Mini-Truck),149,142,51.12,21158,7616.88,64.0,215.31,2,Yes,Delivered On Time,0.65
ORD-01072,2023-01-23,2023-01-24,2023-01-26,2023-01-27,North India,Amritsar,Wheat_330ml,Modern Trade,WH-KOL-01,BrewMalt India,Road (Mini-Truck),230,151,57.38,34730,13197.4,62.0,539.49,2,Yes,Delivered On Time,1.02
ORD-01073,2023-09-24,2023-09-26,2023-09-29,2023-09-29,West India,Ahmedabad,Stout_650ml,General Trade,WH-BLR-01,BrewMalt India,Road (Truck),141,217,108.5,30597,15298.5,50.0,306.99,3,Yes,Delivered On Time,1.04
ORD-01074,2023-06-12,2023-06-13,2023-06-14,2023-06-16,West India,Ahmedabad,Lager_500ml,General Trade,WH-DEL-01,GrainSource Ltd,Road (Mini-Truck),377,187,78.54,70499,29609.58,58.0,591.99,1,Yes,Delivered On Time,0.93
ORD-01075,2023-06-20,2023-06-21,2023-06-24,2023-06-26,South India,Kochi,Stout_650ml,General Trade,WH-MUM-01,HopCo Supplies,Road (Truck),178,237,118.5,42186,21093.0,50.0,379.72,3,Yes,Delivered On Time,1.06
ORD-01076,2023-07-20,2023-07-21,2023-07-26,2023-07-27,East India,Ranchi,IPA_330ml,E-Commerce,WH-MUM-01,AquaPure Beverages,Road (Truck),66,152,60.8,10032,4012.8,60.0,112.71,5,Yes,Delivered On Time,0.75
ORD-01077,2023-07-11,2023-07-13,2023-07-18,2023-07-17,Central India,Raipur,Strong_Beer_500ml,General Trade,WH-MUM-01,BrewMalt India,Road (Truck),35,175,75.25,6125,2633.75,57.0,58.02,5,No,Delivered Late,0.66
ORD-01078,2023-05-16,2023-05-17,2023-05-21,2023-05-21,West India,Pune,Wheat_330ml,Modern Trade,WH-KOL-01,BrewMalt India,Road (Truck),350,166,63.08,58100,22078.0,62.0,550.69,4,Yes,Delivered On Time,0.97
ORD-01079,2023-05-20,2023-05-21,2023-05-23,2023-05-24,South India,Chennai,Strong_Beer_500ml,Modern Trade,WH-DEL-01,AquaPure Beverages,Air Freight,256,181,77.83,46336,19924.48,57.0,440.45,2,Yes,Delivered On Time,0.9
ORD-01080,2024-02-19,2024-02-20,2024-02-23,2024-02-24,Central India,Jabalpur,Strong_Beer_500ml,On-Premise (Bar/Restaurant),WH-HYD-01,HopCo Supplies,Road (Mini-Truck),359,194,83.42,69646,29947.78,57.0,778.39,3,Yes,Delivered On Time,1.13
ORD-01081,2024-02-27,2024-02-28,2024-03-01,2024-03-02,North India,Amritsar,Stout_650ml,On-Premise (Bar/Restaurant),WH-DEL-01,HopCo Supplies,Road (Mini-Truck),205,221,110.5,45305,22652.5,50.0,239.13,2,Yes,Delivered On Time,1.01
ORD-01082,2023-05-26,2023-05-27,2023-05-30,2023-05-31,West India,Nagpur,Light_Beer_330ml,General Trade,WH-BLR-01,HopCo Supplies,Road (Truck),149,158,56.88,23542,8475.12,64.0,237.04,3,Yes,Delivered On Time,0.9
ORD-01083,2024-10-17,2024-10-18,2024-10-23,2024-10-24,West India,Pune,IPA_330ml,Modern Trade,WH-MUM-01,AquaPure Beverages,Rail Freight,335,161,64.4,53935,21574.0,60.0,640.13,5,Yes,Delivered On Time,1.67
ORD-01084,2023-02-11,2023-02-12,2023-02-14,2023-02-15,North India,Amritsar,Stout_650ml,On-Premise (Bar/Restaurant),WH-HYD-01,HopCo Supplies,Road (Mini-Truck),582,237,118.5,137934,68967.0,50.0,1377.81,2,Yes,Delivered On Time,1.18
ORD-01085,2023-08-12,2023-08-13,2023-08-16,2023-08-17,North India,Delhi,Wheat_330ml,On-Premise (Bar/Restaurant),WH-DEL-01,GrainSource Ltd,Road (Truck),182,140,53.2,25480,9682.4,62.0,252.94,3,Yes,Delivered On Time,0.76
ORD-01086,2024-03-19,2024-03-20,2024-03-24,2024-03-25,East India,Patna,Lager_500ml,Modern Trade,WH-KOL-01,HopCo Supplies,Road (Mini-Truck),109,191,80.22,20819,8743.98,58.0,99.67,4,Yes,Delivered On Time,1.61
ORD-01087,2023-07-21,2023-07-22,2023-07-24,2023-07-26,West India,Ahmedabad,Strong_Beer_500ml,E-Commerce,WH-BLR-01,HopCo Supplies,Road (Truck),152,173,74.39,26296,11307.28,57.0,368.0,2,Yes,Delivered On Time,0.62
ORD-01088,2024-08-04,2024-08-07,2024-08-09,2024-08-09,West India,Nagpur,Wheat_330ml,E-Commerce,WH-MUM-01,BrewMalt India,Road (Truck),103,140,53.2,14420,5479.6,62.0,209.74,2,Yes,Delivered On Time,0.66
ORD-01089,2024-04-15,2024-04-16,2024-04-20,2024-04-21,South India,Kochi,Wheat_330ml,E-Commerce,WH-DEL-01,PackRight Solutions,Road (Truck),364,159,60.42,57876,21992.88,62.0,883.1,4,Yes,Delivered On Time,1.62
ORD-01090,2024-11-14,2024-11-15,2024-11-19,2024-11-20,Central India,Gwalior,Light_Beer_330ml,On-Premise (Bar/Restaurant),WH-BLR-01,HopCo Supplies,Road (Truck),653,148,53.28,96644,34791.84,64.0,1517.7,4,Yes,Delivered On Time,1.57
ORD-01091,2023-11-04,2023-11-05,2023-11-10,2023-11-11,North India,Jaipur,IPA_330ml,On-Premise (Bar/Restaurant),WH-BLR-01,HopCo Supplies,Rail Freight,630,162,64.8,102060,40824.0,60.0,779.93,5,Yes,Delivered On Time,1.5
ORD-01092,2023-06-06,2023-06-07,2023-06-11,2023-06-12,Central India,Indore,Light_Beer_330ml,General Trade,WH-MUM-01,GrainSource Ltd,Road (Truck),480,147,52.92,70560,25401.6,64.0,846.32,4,Yes,Delivered On Time,1.18
ORD-01093,2023-02-28,2023-03-01,2023-03-03,2023-03-04,North India,Lucknow,Wheat_330ml,E-Commerce,WH-DEL-01,BrewMalt India,Road (Mini-Truck),481,153,58.14,73593,27965.34,62.0,1151.47,2,Yes,Delivered On Time,1.03
ORD-01094,2024-02-20,2024-02-21,2024-02-26,2024-02-26,East India,Bhubaneswar,IPA_330ml,E-Commerce,WH-KOL-01,PackRight Solutions,Road (Mini-Truck),175,159,63.6,27825,11130.0,60.0,317.9,5,Yes,Delivered On Time,1.03
ORD-01095,2023-01-09,2023-01-11,2023-01-14,2023-01-13,West India,Mumbai,Lager_500ml,Modern Trade,WH-DEL-01,BrewMalt India,Road (Mini-Truck),255,185,77.7,47175,19813.5,58.0,269.84,3,No,Delivered Late,0.95
ORD-01096,2024-01-11,2024-01-12,2024-01-15,2024-01-16,North India,Jaipur,Wheat_330ml,Modern Trade,WH-MUM-01,GrainSource Ltd,Road (Truck),520,162,61.56,84240,32011.2,62.0,1205.31,3,Yes,Delivered On Time,1.1
ORD-01097,2023-07-16,2023-07-19,2023-07-20,2023-07-20,North India,Delhi,Premium_Lager_330ml,Modern Trade,WH-DEL-01,PackRight Solutions,Road (Mini-Truck),200,216,97.2,43200,19440.0,55.0,369.25,1,Yes,Delivered On Time,0.8
ORD-01098,2023-09-24,2023-09-25,2023-09-28,2023-09-29,North India,Amritsar,Stout_650ml,General Trade,WH-DEL-01,AquaPure Beverages,Road (Truck),424,232,116.0,98368,49184.0,50.0,543.69,3,Yes,Delivered On Time,0.95
ORD-01099,2024-06-05,2024-06-07,2024-06-12,2024-06-12,East India,Bhubaneswar,Strong_Beer_500ml,E-Commerce,WH-KOL-01,GrainSource Ltd,Road (Truck),380,187,80.41,71060,30555.8,57.0,817.09,5,Yes,Delivered On Time,0.99
ORD-01100,2023-02-07,2023-02-08,2023-02-11,2023-02-13,East India,Bhubaneswar,Wheat_330ml,E-Commerce,WH-MUM-01,BrewMalt India,Road (Mini-Truck),322,168,63.84,54096,20556.48,62.0,339.34,3,Yes,Delivered On Time,0.92
ORD-01101,2024-05-08,2024-05-09,2024-05-15,2024-05-15,East India,Patna,Strong_Beer_500ml,On-Premise (Bar/Restaurant),WH-HYD-01,HopCo Supplies,Road (Truck),115,194,83.42,22310,9593.3,57.0,206.89,6,Yes,Delivered On Time,1.03
ORD-01102,2023-03-09,2023-03-11,2023-03-14,2023-03-14,West India,Mumbai,Stout_650ml,General Trade,WH-KOL-01,AquaPure Beverages,Road (Truck),633,237,118.5,150021,75010.5,50.0,1005.18,3,Yes,Delivered On Time,1.32
ORD-01103,2024-08-03,2024-08-05,2024-08-08,2024-08-09,East India,Guwahati,Wheat_330ml,On-Premise (Bar/Restaurant),WH-KOL-01,GrainSource Ltd,Road (Mini-Truck),118,140,53.2,16520,6277.6,62.0,113.1,3,Yes,Delivered On Time,0.82
ORD-01104,2023-10-12,2023-10-13,2023-10-17,2023-10-17,South India,Bengaluru,Wheat_330ml,General Trade,WH-HYD-01,PackRight Solutions,Road (Mini-Truck),695,145,55.1,100775,38294.5,62.0,1396.48,4,Yes,Delivered On Time,1.66
ORD-01105,2024-05-28,2024-05-29,2024-06-03,2024-06-03,East India,Patna,Lager_500ml,Modern Trade,WH-KOL-01,AquaPure Beverages,Road (Mini-Truck),120,180,75.6,21600,9072.0,58.0,151.78,5,Yes,Delivered On Time,0.96
ORD-01106,2023-02-10,2023-02-11,2023-02-14,2023-02-15,Central India,Gwalior,Premium_Lager_330ml,General Trade,WH-KOL-01,GrainSource Ltd,Road (Mini-Truck),434,208,93.6,90272,40622.4,55.0,380.04,3,Yes,Delivered On Time,1.04
ORD-01107,2024-03-03,2024-03-04,2024-03-09,2024-03-10,North India,Jaipur,Premium_Lager_330ml,Modern Trade,WH-KOL-01,GrainSource Ltd,Rail Freight,602,208,93.6,125216,56347.2,55.0,941.38,5,Yes,Delivered On Time,1.67
ORD-01108,2024-06-27,2024-06-29,2024-07-02,2024-07-02,North India,Lucknow,Strong_Beer_500ml,On-Premise (Bar/Restaurant),WH-KOL-01,BrewMalt India,Road (Truck),158,195,83.85,30810,13248.3,57.0,139.23,3,Yes,Delivered On Time,0.97
ORD-01109,2024-10-17,2024-10-18,2024-10-23,2024-10-24,East India,Ranchi,Light_Beer_330ml,E-Commerce,WH-DEL-01,PackRight Solutions,Road (Truck),717,149,53.64,106833,38459.88,64.0,1224.6,5,Yes,Delivered On Time,1.62
ORD-01110,2023-12-03,2023-12-04,2023-12-08,2023-12-09,East India,Kolkata,Light_Beer_330ml,General Trade,WH-KOL-01,AquaPure Beverages,Road (Mini-Truck),527,136,48.96,71672,25801.92,64.0,641.63,4,Yes,Delivered On Time,1.37
ORD-01111,2024-11-18,2024-11-19,2024-11-21,2024-11-22,North India,Delhi,Wheat_330ml,On-Premise (Bar/Restaurant),WH-MUM-01,GrainSource Ltd,Road (Mini-Truck),184,168,63.84,30912,11746.56,62.0,386.52,2,Yes,Delivered On Time,1.4
ORD-01112,2023-05-05,2023-05-06,2023-05-10,2023-05-10,East India,Ranchi,Strong_Beer_500ml,Modern Trade,WH-DEL-01,HopCo Supplies,Air Freight,59,195,83.85,11505,4947.15,57.0,141.92,4,Yes,Delivered On Time,1.16
ORD-01113,2024-07-01,2024-07-02,2024-07-04,2024-07-05,North India,Jaipur,Stout_650ml,Modern Trade,WH-HYD-01,GrainSource Ltd,Road (Mini-Truck),80,225,112.5,18000,9000.0,50.0,171.3,2,Yes,Delivered On Time,0.72
ORD-01114,2023-01-19,2023-01-22,2023-01-29,2023-01-27,South India,Kochi,Light_Beer_330ml,General Trade,WH-HYD-01,PackRight Solutions,Rail Freight,429,155,55.8,66495,23938.2,64.0,592.69,7,No,Delivered Late,1.17
ORD-01115,2024-02-03,2024-02-05,2024-02-10,2024-02-09,Central India,Indore,IPA_330ml,On-Premise (Bar/Restaurant),WH-DEL-01,AquaPure Beverages,Road (Truck),308,153,61.2,47124,18849.6,60.0,571.59,5,No,Delivered Late,1.14
ORD-01116,2024-04-13,2024-04-14,2024-04-16,2024-04-18,Central India,Bhopal,Strong_Beer_500ml,General Trade,WH-KOL-01,GrainSource Ltd,Road (Mini-Truck),548,176,75.68,96448,41472.64,57.0,441.87,2,Yes,Delivered On Time,1.45
ORD-01117,2023-01-08,2023-01-09,2023-01-12,2023-01-12,North India,Chandigarh,Strong_Beer_500ml,On-Premise (Bar/Restaurant),WH-KOL-01,BrewMalt India,Road (Mini-Truck),584,179,76.97,104536,44950.48,57.0,1024.57,3,Yes,Delivered On Time,1.19
ORD-01118,2023-12-15,2023-12-16,2023-12-18,2023-12-19,Central India,Indore,IPA_330ml,E-Commerce,WH-HYD-01,AquaPure Beverages,Air Freight,627,151,60.4,94677,37870.8,60.0,1074.08,2,Yes,Delivered On Time,1.35
ORD-01119,2024-11-11,2024-11-12,2024-11-19,2024-11-20,East India,Kolkata,Light_Beer_330ml,Modern Trade,WH-DEL-01,AquaPure Beverages,Rail Freight,202,152,54.72,30704,11053.44,64.0,278.34,7,Yes,Delivered On Time,1.69
ORD-01120,2023-11-04,2023-11-05,2023-11-08,2023-11-09,North India,Amritsar,Stout_650ml,Modern Trade,WH-KOL-01,PackRight Solutions,Road (Truck),91,219,109.5,19929,9964.5,50.0,216.89,3,Yes,Delivered On Time,1.46
ORD-01121,2023-12-08,2023-12-09,2023-12-11,2023-12-12,Central India,Bhopal,Stout_650ml,Modern Trade,WH-DEL-01,GrainSource Ltd,Air Freight,161,215,107.5,34615,17307.5,50.0,142.23,2,Yes,Delivered On Time,1.43
ORD-01122,2024-12-08,2024-12-09,2024-12-16,2024-12-16,Central India,Gwalior,Light_Beer_330ml,Modern Trade,WH-HYD-01,AquaPure Beverages,Rail Freight,504,151,54.36,76104,27397.44,64.0,438.1,7,Yes,Delivered On Time,1.52
ORD-01123,2024-08-25,2024-08-26,2024-08-29,2024-08-30,North India,Chandigarh,Stout_650ml,Modern Trade,WH-MUM-01,PackRight Solutions,Road (Truck),176,211,105.5,37136,18568.0,50.0,219.87,3,Yes,Delivered On Time,0.6
ORD-01124,2024-08-05,2024-08-07,2024-08-11,2024-08-11,Central India,Indore,Lager_500ml,On-Premise (Bar/Restaurant),WH-MUM-01,PackRight Solutions,Road (Truck),80,190,79.8,15200,6384.0,58.0,81.23,4,Yes,Delivered On Time,0.78
ORD-01125,2023-07-12,2023-07-13,2023-07-16,2023-07-17,South India,Kochi,Lager_500ml,On-Premise (Bar/Restaurant),WH-HYD-01,GrainSource Ltd,Road (Mini-Truck),123,171,71.82,21033,8833.86,58.0,270.91,3,Yes,Delivered On Time,0.72
ORD-01126,2023-09-13,2023-09-14,2023-09-19,2023-09-20,East India,Bhubaneswar,IPA_330ml,E-Commerce,WH-HYD-01,AquaPure Beverages,Road (Truck),122,172,68.8,20984,8393.6,60.0,300.4,5,Yes,Delivered On Time,1.08
ORD-01127,2024-10-18,2024-10-19,2024-10-21,2024-10-23,Central India,Indore,Strong_Beer_500ml,On-Premise (Bar/Restaurant),WH-MUM-01,BrewMalt India,Road (Mini-Truck),601,172,73.96,103372,44449.96,57.0,1241.84,2,No,Delivered On Time,1.53
ORD-01128,2024-10-29,2024-10-30,2024-11-01,2024-11-02,West India,Pune,Wheat_330ml,On-Premise (Bar/Restaurant),WH-DEL-01,HopCo Supplies,Road (Mini-Truck),146,166,63.08,24236,9209.68,62.0,227.76,2,Yes,Delivered On Time,1.38
ORD-01129,2024-11-27,2024-11-29,2024-11-30,2024-12-01,North India,Chandigarh,Stout_650ml,E-Commerce,WH-KOL-01,HopCo Supplies,Road (Mini-Truck),548,216,108.0,118368,59184.0,50.0,613.54,1,Yes,Delivered On Time,1.41
ORD-01130,2024-03-19,2024-03-21,2024-03-23,2024-03-24,West India,Surat,Stout_650ml,E-Commerce,WH-DEL-01,AquaPure Beverages,Road (Truck),120,235,117.5,28200,14100.0,50.0,154.97,2,Yes,Delivered On Time,1.49
ORD-01131,2023-01-15,2023-01-16,2023-01-19,2023-01-20,North India,Chandigarh,Wheat_330ml,On-Premise (Bar/Restaurant),WH-BLR-01,HopCo Supplies,Road (Truck),457,156,59.28,71292,27090.96,62.0,539.87,3,Yes,Delivered On Time,1.04
ORD-01132,2024-03-24,2024-03-25,2024-03-30,2024-03-31,East India,Guwahati,IPA_330ml,On-Premise (Bar/Restaurant),WH-MUM-01,PackRight Solutions,Road (Truck),96,174,69.6,16704,6681.6,60.0,231.6,5,Yes,Delivered On Time,1.66
ORD-01133,2023-04-12,2023-04-13,2023-04-17,2023-04-18,South India,Bengaluru,Stout_650ml,On-Premise (Bar/Restaurant),WH-HYD-01,BrewMalt India,Road (Truck),545,226,113.0,123170,61585.0,50.0,961.47,4,Yes,Delivered On Time,1.41
ORD-01134,2024-08-11,2024-08-12,2024-08-18,2024-08-19,South India,Hyderabad,Stout_650ml,General Trade,WH-HYD-01,BrewMalt India,Rail Freight,256,239,119.5,61184,30592.0,50.0,269.69,6,Yes,Delivered On Time,0.8
ORD-01135,2023-07-11,2023-07-12,2023-07-17,2023-07-18,East India,Ranchi,IPA_330ml,On-Premise (Bar/Restaurant),WH-DEL-01,AquaPure Beverages,Road (Truck),129,173,69.2,22317,8926.8,60.0,231.75,5,Yes,Delivered On Time,0.63
ORD-01136,2024-10-01,2024-10-02,2024-10-06,2024-10-07,Central India,Gwalior,Premium_Lager_330ml,On-Premise (Bar/Restaurant),WH-DEL-01,GrainSource Ltd,Road (Truck),241,200,90.0,48200,21690.0,55.0,291.61,4,Yes,Delivered On Time,1.38
ORD-01137,2023-05-21,2023-05-22,2023-05-25,2023-05-26,West India,Pune,IPA_330ml,Modern Trade,WH-DEL-01,PackRight Solutions,Road (Truck),478,151,60.4,72178,28871.2,60.0,441.4,3,No,Delivered On Time,0.97
ORD-01138,2023-02-07,2023-02-08,2023-02-11,2023-02-12,West India,Pune,Wheat_330ml,General Trade,WH-MUM-01,HopCo Supplies,Road (Truck),343,153,58.14,52479,19942.02,62.0,536.7,3,Yes,Delivered On Time,0.98
ORD-01139,2024-09-04,2024-09-05,2024-09-09,2024-09-11,North India,Chandigarh,Wheat_330ml,Modern Trade,WH-DEL-01,BrewMalt India,Rail Freight,394,170,64.6,66980,25452.4,62.0,677.61,4,Yes,Delivered On Time,1.06
ORD-01140,2024-05-30,2024-05-31,2024-06-03,2024-06-04,West India,Pune,Light_Beer_330ml,E-Commerce,WH-BLR-01,PackRight Solutions,Road (Truck),368,138,49.68,50784,18282.24,64.0,765.68,3,Yes,Delivered On Time,1.07
ORD-01141,2023-10-09,2023-10-10,2023-10-13,2023-10-15,South India,Bengaluru,Strong_Beer_500ml,Modern Trade,WH-HYD-01,HopCo Supplies,Road (Truck),649,170,73.1,110330,47441.9,57.0,1431.94,3,Yes,Delivered On Time,1.38
ORD-01142,2023-05-18,2023-05-19,2023-05-23,2023-05-24,South India,Hyderabad,IPA_330ml,Modern Trade,WH-KOL-01,AquaPure Beverages,Road (Truck),383,179,71.6,68557,27422.8,60.0,801.95,4,Yes,Delivered On Time,0.91
ORD-01143,2023-06-25,2023-06-26,2023-07-01,2023-07-01,South India,Bengaluru,Light_Beer_330ml,General Trade,WH-KOL-01,HopCo Supplies,Road (Truck),325,135,48.6,43875,15795.0,64.0,682.34,5,Yes,Delivered On Time,1.01
ORD-01144,2023-06-20,2023-06-21,2023-06-24,2023-06-25,North India,Lucknow,IPA_330ml,Modern Trade,WH-KOL-01,PackRight Solutions,Road (Truck),309,172,68.8,53148,21259.2,60.0,736.81,3,Yes,Delivered On Time,0.98
ORD-01145,2024-09-17,2024-09-18,2024-09-23,2024-09-24,East India,Guwahati,Wheat_330ml,General Trade,WH-KOL-01,BrewMalt India,Road (Truck),318,148,56.24,47064,17884.32,62.0,685.96,5,Yes,Delivered On Time,1.15
ORD-01146,2023-04-04,2023-04-05,2023-04-10,2023-04-10,South India,Kochi,Stout_650ml,E-Commerce,WH-HYD-01,BrewMalt India,Road (Truck),179,235,117.5,42065,21032.5,50.0,356.29,5,Yes,Delivered On Time,1.65
ORD-01147,2024-07-05,2024-07-06,2024-07-09,2024-07-11,Central India,Jabalpur,IPA_330ml,General Trade,WH-DEL-01,BrewMalt India,Road (Truck),376,154,61.6,57904,23161.6,60.0,648.31,3,Yes,Delivered On Time,0.82
ORD-01148,2023-04-06,2023-04-07,2023-04-10,2023-04-12,South India,Mysuru,Premium_Lager_330ml,Modern Trade,WH-BLR-01,HopCo Supplies,Road (Truck),308,207,93.15,63756,28690.2,55.0,691.59,3,Yes,Delivered On Time,1.4
ORD-01149,2024-03-28,2024-03-29,2024-04-02,2024-04-03,South India,Chennai,Strong_Beer_500ml,Modern Trade,WH-HYD-01,GrainSource Ltd,Road (Truck),557,185,79.55,103045,44309.35,57.0,601.49,4,Yes,Delivered On Time,1.33
ORD-01150,2024-12-08,2024-12-09,2024-12-13,2024-12-14,East India,Kolkata,Lager_500ml,Modern Trade,WH-DEL-01,PackRight Solutions,Road (Mini-Truck),607,193,81.06,117151,49203.42,58.0,1319.35,4,Yes,Delivered On Time,1.31
ORD-01151,2023-04-11,2023-04-12,2023-04-14,2023-04-14,North India,Delhi,Strong_Beer_500ml,General Trade,WH-KOL-01,HopCo Supplies,Air Freight,481,185,79.55,88985,38263.55,57.0,879.4,2,Yes,Delivered On Time,1.48
ORD-01152,2023-10-27,2023-10-29,2023-11-02,2023-11-02,East India,Patna,IPA_330ml,Modern Trade,WH-HYD-01,AquaPure Beverages,Road (Mini-Truck),130,167,66.8,21710,8684.0,60.0,209.37,4,Yes,Delivered On Time,1.4
ORD-01153,2023-02-13,2023-02-14,2023-02-18,2023-02-19,Central India,Bhopal,Wheat_330ml,General Trade,WH-BLR-01,GrainSource Ltd,Road (Truck),287,141,53.58,40467,15377.46,62.0,253.44,4,Yes,Delivered On Time,0.99
ORD-01154,2024-06-12,2024-06-13,2024-06-16,2024-06-18,South India,Kochi,Stout_650ml,On-Premise (Bar/Restaurant),WH-DEL-01,PackRight Solutions,Road (Truck),123,222,111.0,27306,13653.0,50.0,265.2,3,Yes,Delivered On Time,0.98
ORD-01155,2023-06-24,2023-06-25,2023-06-29,2023-06-30,South India,Hyderabad,Stout_650ml,Modern Trade,WH-BLR-01,HopCo Supplies,Road (Truck),275,233,116.5,64075,32037.5,50.0,244.79,4,Yes,Delivered On Time,1.14
ORD-01156,2023-01-18,2023-01-21,2023-01-26,2023-01-24,South India,Kochi,Premium_Lager_330ml,E-Commerce,WH-HYD-01,BrewMalt India,Road (Truck),506,210,94.5,106260,47817.0,55.0,457.02,5,No,Delivered Late,1.13
ORD-01157,2023-01-06,2023-01-09,2023-01-14,2023-01-13,North India,Jaipur,Stout_650ml,Modern Trade,WH-HYD-01,HopCo Supplies,Rail Freight,416,218,109.0,90688,45344.0,50.0,955.46,5,No,Delivered Late,0.98
ORD-01158,2024-02-14,2024-02-15,2024-02-18,2024-02-19,Central India,Indore,IPA_330ml,General Trade,WH-HYD-01,HopCo Supplies,Road (Mini-Truck),126,171,68.4,21546,8618.4,60.0,164.02,3,Yes,Delivered On Time,0.98
ORD-01159,2023-01-22,2023-01-23,2023-01-27,2023-01-28,Central India,Gwalior,Strong_Beer_500ml,On-Premise (Bar/Restaurant),WH-KOL-01,HopCo Supplies,Road (Truck),256,189,81.27,48384,20805.12,57.0,434.73,4,Yes,Delivered On Time,0.97
ORD-01160,2023-02-11,2023-02-14,2023-02-17,2023-02-16,North India,Chandigarh,Light_Beer_330ml,On-Premise (Bar/Restaurant),WH-DEL-01,BrewMalt India,Road (Truck),228,160,57.6,36480,13132.8,64.0,476.07,3,No,Delivered Late,1.15
ORD-01161,2024-11-30,2024-12-02,2024-12-06,2024-12-06,South India,Kochi,Light_Beer_330ml,General Trade,WH-BLR-01,GrainSource Ltd,Road (Truck),202,160,57.6,32320,11635.2,64.0,322.94,4,Yes,Delivered On Time,1.37
ORD-01162,2024-06-27,2024-06-28,2024-06-29,2024-07-01,West India,Ahmedabad,Light_Beer_330ml,On-Premise (Bar/Restaurant),WH-HYD-01,PackRight Solutions,Road (Mini-Truck),64,154,55.44,9856,3548.16,64.0,127.08,1,Yes,Delivered On Time,1.05
ORD-01163,2024-12-14,2024-12-15,2024-12-18,2024-12-19,South India,Hyderabad,Stout_650ml,General Trade,WH-KOL-01,HopCo Supplies,Road (Mini-Truck),530,220,110.0,116600,58300.0,50.0,1192.52,3,Yes,Delivered On Time,1.32
ORD-01164,2023-09-21,2023-09-22,2023-09-28,2023-09-29,South India,Chennai,Wheat_330ml,On-Premise (Bar/Restaurant),WH-MUM-01,BrewMalt India,Rail Freight,444,143,54.34,63492,24126.96,62.0,432.32,6,Yes,Delivered On Time,1.08
ORD-01165,2024-09-13,2024-09-14,2024-09-18,2024-09-19,Central India,Jabalpur,Premium_Lager_330ml,E-Commerce,WH-DEL-01,GrainSource Ltd,Road (Truck),205,208,93.6,42640,19188.0,55.0,210.95,4,Yes,Delivered On Time,1.19
ORD-01166,2024-09-18,2024-09-21,2024-09-25,2024-09-22,South India,Bengaluru,IPA_330ml,Modern Trade,WH-DEL-01,PackRight Solutions,Air Freight,343,174,69.6,59682,23872.8,60.0,774.92,4,No,In Transit,1.13
ORD-01167,2023-01-31,2023-02-01,2023-02-07,2023-02-08,Central India,Bhopal,Lager_500ml,General Trade,WH-MUM-01,BrewMalt India,Rail Freight,238,194,81.48,46172,19392.24,58.0,402.36,6,Yes,Delivered On Time,1.08
ORD-01168,2023-10-18,2023-10-21,2023-10-26,2023-10-24,South India,Kochi,Stout_650ml,E-Commerce,WH-KOL-01,AquaPure Beverages,Road (Truck),578,213,106.5,123114,61557.0,50.0,1130.69,5,No,In Transit,1.63
ORD-01169,2023-03-20,2023-03-21,2023-03-28,2023-03-29,East India,Ranchi,Light_Beer_330ml,On-Premise (Bar/Restaurant),WH-MUM-01,PackRight Solutions,Rail Freight,122,155,55.8,18910,6807.6,64.0,157.09,7,Yes,Delivered On Time,1.42
ORD-01170,2023-01-28,2023-01-29,2023-02-04,2023-02-04,East India,Bhubaneswar,Wheat_330ml,E-Commerce,WH-HYD-01,PackRight Solutions,Road (Truck),471,153,58.14,72063,27383.94,62.0,549.42,6,Yes,Delivered On Time,1.08
ORD-01171,2023-12-12,2023-12-14,2023-12-18,2023-12-18,Central India,Indore,Lager_500ml,General Trade,WH-KOL-01,PackRight Solutions,Road (Truck),142,178,74.76,25276,10615.92,58.0,184.56,4,Yes,Delivered On Time,1.47
ORD-01172,2023-12-12,2023-12-13,2023-12-17,2023-12-17,Central India,Jabalpur,Strong_Beer_500ml,Modern Trade,WH-BLR-01,BrewMalt India,Road (Mini-Truck),352,178,76.54,62656,26942.08,57.0,696.7,4,Yes,Delivered On Time,1.4
ORD-01173,2023-02-26,2023-02-27,2023-03-06,2023-03-06,South India,Kochi,Light_Beer_330ml,Modern Trade,WH-DEL-01,BrewMalt India,Rail Freight,163,141,50.76,22983,8273.88,64.0,371.82,7,Yes,Delivered On Time,1.06
ORD-01174,2023-08-06,2023-08-07,2023-08-11,2023-08-11,West India,Pune,Strong_Beer_500ml,E-Commerce,WH-DEL-01,PackRight Solutions,Road (Truck),86,189,81.27,16254,6989.22,57.0,188.3,4,Yes,Delivered On Time,0.62
ORD-01175,2024-05-11,2024-05-13,2024-05-16,2024-05-16,Central India,Indore,IPA_330ml,Modern Trade,WH-KOL-01,GrainSource Ltd,Road (Mini-Truck),347,170,68.0,58990,23596.0,60.0,768.04,3,No,Delivered On Time,1.03
ORD-01176,2024-06-24,2024-06-25,2024-06-28,2024-06-29,North India,Delhi,Wheat_330ml,On-Premise (Bar/Restaurant),WH-HYD-01,PackRight Solutions,Road (Truck),538,146,55.48,78548,29848.24,62.0,1265.18,3,Yes,Delivered On Time,1.2
ORD-01177,2024-09-21,2024-09-22,2024-09-25,2024-09-26,South India,Kochi,Lager_500ml,General Trade,WH-MUM-01,BrewMalt India,Road (Mini-Truck),86,173,72.66,14878,6248.76,58.0,157.35,3,Yes,Delivered On Time,1.12
ORD-01178,2023-07-06,2023-07-09,2023-07-13,2023-07-12,Central India,Raipur,Premium_Lager_330ml,Modern Trade,WH-BLR-01,PackRight Solutions,Road (Truck),344,204,91.8,70176,31579.2,55.0,688.16,4,No,Delivered Late,0.83
ORD-01179,2024-10-19,2024-10-20,2024-10-25,2024-10-26,West India,Nagpur,Premium_Lager_330ml,E-Commerce,WH-BLR-01,PackRight Solutions,Rail Freight,549,213,95.85,116937,52621.65,55.0,864.97,5,No,Delivered On Time,1.54
ORD-01180,2024-08-05,2024-08-06,2024-08-10,2024-08-12,East India,Bhubaneswar,Premium_Lager_330ml,On-Premise (Bar/Restaurant),WH-HYD-01,PackRight Solutions,Road (Truck),144,208,93.6,29952,13478.4,55.0,190.99,4,Yes,Delivered On Time,0.66
ORD-01181,2023-08-17,2023-08-20,2023-08-26,2023-08-25,South India,Chennai,Wheat_330ml,Modern Trade,WH-MUM-01,BrewMalt India,Rail Freight,81,164,62.32,13284,5047.92,62.0,120.96,6,No,In Transit,0.67
ORD-01182,2024-03-03,2024-03-04,2024-03-08,2024-03-09,Central India,Jabalpur,Wheat_330ml,E-Commerce,WH-DEL-01,HopCo Supplies,Road (Truck),109,160,60.8,17440,6627.2,62.0,261.94,4,Yes,Delivered On Time,1.69
ORD-01183,2024-10-27,2024-10-28,2024-11-03,2024-11-04,Central India,Gwalior,Wheat_330ml,On-Premise (Bar/Restaurant),WH-HYD-01,GrainSource Ltd,Rail Freight,442,144,54.72,63648,24186.24,62.0,968.83,6,Yes,Delivered On Time,1.4
ORD-01184,2024-08-02,2024-08-03,2024-08-09,2024-08-09,North India,Chandigarh,IPA_330ml,Modern Trade,WH-MUM-01,GrainSource Ltd,Rail Freight,168,150,60.0,25200,10080.0,60.0,303.05,6,Yes,Delivered On Time,0.75
ORD-01185,2024-01-27,2024-01-28,2024-02-01,2024-02-01,Central India,Indore,IPA_330ml,On-Premise (Bar/Restaurant),WH-DEL-01,AquaPure Beverages,Road (Mini-Truck),241,163,65.2,39283,15713.2,60.0,422.97,4,Yes,Delivered On Time,1.07
ORD-01186,2023-12-11,2023-12-12,2023-12-14,2023-12-16,North India,Lucknow,Light_Beer_330ml,General Trade,WH-HYD-01,HopCo Supplies,Road (Truck),733,133,47.88,97489,35096.04,64.0,1261.12,2,Yes,Delivered On Time,1.69
ORD-01187,2023-06-18,2023-06-19,2023-06-26,2023-06-26,Central India,Raipur,Light_Beer_330ml,On-Premise (Bar/Restaurant),WH-DEL-01,AquaPure Beverages,Rail Freight,170,130,46.8,22100,7956.0,64.0,248.9,7,Yes,Delivered On Time,1.04
ORD-01188,2023-03-25,2023-03-26,2023-03-31,2023-03-30,North India,Delhi,Lager_500ml,E-Commerce,WH-HYD-01,PackRight Solutions,Road (Truck),731,189,79.38,138159,58026.78,58.0,667.09,5,No,Delivered Late,1.57
ORD-01189,2024-09-13,2024-09-14,2024-09-17,2024-09-18,North India,Amritsar,Strong_Beer_500ml,On-Premise (Bar/Restaurant),WH-DEL-01,HopCo Supplies,Road (Truck),392,175,75.25,68600,29498.0,57.0,733.12,3,Yes,Delivered On Time,0.92
ORD-01190,2024-01-13,2024-01-14,2024-01-18,2024-01-19,Central India,Jabalpur,Strong_Beer_500ml,E-Commerce,WH-MUM-01,HopCo Supplies,Road (Truck),187,173,74.39,32351,13910.93,57.0,239.09,4,Yes,Delivered On Time,0.97
ORD-01191,2024-09-02,2024-09-03,2024-09-05,2024-09-06,North India,Jaipur,Wheat_330ml,E-Commerce,WH-KOL-01,AquaPure Beverages,Road (Mini-Truck),55,157,59.66,8635,3281.3,62.0,102.47,2,Yes,Delivered On Time,0.94
ORD-01192,2024-06-20,2024-06-23,2024-06-25,2024-06-25,West India,Mumbai,Wheat_330ml,Modern Trade,WH-BLR-01,HopCo Supplies,Road (Truck),202,142,53.96,28684,10899.92,62.0,192.23,2,Yes,Delivered On Time,1.1
ORD-01193,2024-02-15,2024-02-16,2024-02-20,2024-02-22,East India,Patna,Strong_Beer_500ml,General Trade,WH-MUM-01,HopCo Supplies,Road (Truck),305,194,83.42,59170,25443.1,57.0,710.19,4,Yes,Delivered On Time,0.93
ORD-01194,2023-08-13,2023-08-14,2023-08-17,2023-08-18,North India,Delhi,Premium_Lager_330ml,General Trade,WH-DEL-01,PackRight Solutions,Road (Truck),135,216,97.2,29160,13122.0,55.0,221.77,3,Yes,Delivered On Time,0.79
ORD-01195,2024-11-14,2024-11-15,2024-11-20,2024-11-21,East India,Guwahati,Lager_500ml,General Trade,WH-MUM-01,BrewMalt India,Road (Truck),314,178,74.76,55892,23474.64,58.0,560.17,5,Yes,Delivered On Time,1.52
ORD-01196,2023-10-19,2023-10-20,2023-10-24,2023-10-25,South India,Kochi,Stout_650ml,Modern Trade,WH-DEL-01,BrewMalt India,Road (Truck),290,224,112.0,64960,32480.0,50.0,463.91,4,Yes,Delivered On Time,1.7
ORD-01197,2023-07-11,2023-07-12,2023-07-17,2023-07-17,South India,Kochi,Strong_Beer_500ml,E-Commerce,WH-HYD-01,HopCo Supplies,Road (Truck),295,170,73.1,50150,21564.5,57.0,531.38,5,Yes,Delivered On Time,0.62
ORD-01198,2023-12-15,2023-12-16,2023-12-18,2023-12-19,North India,Lucknow,Stout_650ml,E-Commerce,WH-MUM-01,HopCo Supplies,Road (Mini-Truck),478,235,117.5,112330,56165.0,50.0,728.58,2,Yes,Delivered On Time,1.59
ORD-01199,2023-11-23,2023-11-24,2023-11-27,2023-11-28,Central India,Indore,Lager_500ml,General Trade,WH-HYD-01,PackRight Solutions,Road (Mini-Truck),325,177,74.34,57525,24160.5,58.0,532.29,3,Yes,Delivered On Time,1.46
ORD-01200,2023-03-04,2023-03-06,2023-03-10,2023-03-10,Central India,Jabalpur,IPA_330ml,Modern Trade,WH-KOL-01,BrewMalt India,Road (Truck),443,157,62.8,69551,27820.4,60.0,1002.14,4,Yes,Delivered On Time,1.46
ORD-01201,2023-06-25,2023-06-26,2023-06-29,2023-07-01,East India,Kolkata,IPA_330ml,General Trade,WH-DEL-01,GrainSource Ltd,Road (Mini-Truck),353,161,64.4,56833,22733.2,60.0,689.72,3,No,Delivered On Time,0.95
ORD-01202,2024-02-19,2024-02-20,2024-02-23,2024-02-23,North India,Chandigarh,Premium_Lager_330ml,E-Commerce,WH-DEL-01,HopCo Supplies,Road (Mini-Truck),454,192,86.4,87168,39225.6,55.0,1120.88,3,Yes,Delivered On Time,1.07
ORD-01203,2024-07-24,2024-07-25,2024-07-28,2024-07-29,East India,Ranchi,IPA_330ml,E-Commerce,WH-HYD-01,PackRight Solutions,Air Freight,333,171,68.4,56943,22777.2,60.0,429.89,3,Yes,Delivered On Time,0.75
ORD-01204,2024-09-11,2024-09-13,2024-09-15,2024-09-15,North India,Lucknow,Wheat_330ml,Modern Trade,WH-BLR-01,GrainSource Ltd,Road (Mini-Truck),185,161,61.18,29785,11318.3,62.0,373.42,2,Yes,Delivered On Time,1.11
ORD-01205,2023-12-12,2023-12-13,2023-12-18,2023-12-20,Central India,Raipur,Strong_Beer_500ml,General Trade,WH-BLR-01,PackRight Solutions,Rail Freight,593,181,77.83,107333,46153.19,57.0,823.99,5,Yes,Delivered On Time,1.64
ORD-01206,2023-07-03,2023-07-04,2023-07-08,2023-07-09,Central India,Jabalpur,Light_Beer_330ml,Modern Trade,WH-KOL-01,HopCo Supplies,Road (Truck),216,142,51.12,30672,11041.92,64.0,529.76,4,Yes,Delivered On Time,0.66
ORD-01207,2024-09-20,2024-09-23,2024-09-25,2024-09-24,North India,Amritsar,IPA_330ml,On-Premise (Bar/Restaurant),WH-KOL-01,PackRight Solutions,Road (Mini-Truck),341,171,68.4,58311,23324.4,60.0,359.71,2,No,Delivered Late,0.92
ORD-01208,2023-05-13,2023-05-14,2023-05-20,2023-05-21,Central India,Jabalpur,Premium_Lager_330ml,E-Commerce,WH-MUM-01,PackRight Solutions,Rail Freight,345,196,88.2,67620,30429.0,55.0,588.1,6,Yes,Delivered On Time,1.0
ORD-01209,2024-12-13,2024-12-15,2024-12-18,2024-12-18,North India,Jaipur,Strong_Beer_500ml,General Trade,WH-MUM-01,PackRight Solutions,Road (Truck),91,186,79.98,16926,7278.18,57.0,131.73,3,No,Delivered On Time,1.41
ORD-01210,2023-06-21,2023-06-22,2023-06-26,2023-06-27,East India,Guwahati,Premium_Lager_330ml,Modern Trade,WH-DEL-01,PackRight Solutions,Road (Mini-Truck),320,195,87.75,62400,28080.0,55.0,392.66,4,Yes,Delivered On Time,0.98
ORD-01211,2024-09-18,2024-09-19,2024-09-21,2024-09-23,West India,Surat,Premium_Lager_330ml,E-Commerce,WH-MUM-01,GrainSource Ltd,Road (Truck),372,197,88.65,73284,32977.8,55.0,661.9,2,Yes,Delivered On Time,0.99
ORD-01212,2024-08-09,2024-08-10,2024-08-10,2024-08-12,West India,Pune,Light_Beer_330ml,General Trade,WH-HYD-01,PackRight Solutions,Air Freight,185,142,51.12,26270,9457.2,64.0,251.12,0,Yes,Delivered On Time,0.83
ORD-01213,2024-08-12,2024-08-14,2024-08-19,2024-08-19,East India,Guwahati,Wheat_330ml,On-Premise (Bar/Restaurant),WH-KOL-01,GrainSource Ltd,Road (Truck),224,147,55.86,32928,12512.64,62.0,476.86,5,Yes,Delivered On Time,0.64
ORD-01214,2024-01-14,2024-01-15,2024-01-19,2024-01-18,North India,Lucknow,Light_Beer_330ml,Modern Trade,WH-HYD-01,GrainSource Ltd,Road (Mini-Truck),383,145,52.2,55535,19992.6,64.0,316.58,4,No,Delivered Late,1.01
ORD-01215,2023-11-10,2023-11-11,2023-11-14,2023-11-15,West India,Ahmedabad,Light_Beer_330ml,On-Premise (Bar/Restaurant),WH-MUM-01,BrewMalt India,Road (Truck),172,158,56.88,27176,9783.36,64.0,408.46,3,Yes,Delivered On Time,1.55
ORD-01216,2024-12-22,2024-12-23,2024-12-25,2024-12-27,West India,Nagpur,IPA_330ml,General Trade,WH-DEL-01,BrewMalt India,Road (Truck),243,158,63.2,38394,15357.6,60.0,357.38,2,Yes,Delivered On Time,1.43
ORD-01217,2023-07-27,2023-07-28,2023-08-05,2023-08-05,East India,Patna,IPA_330ml,Modern Trade,WH-BLR-01,PackRight Solutions,Rail Freight,266,155,62.0,41230,16492.0,60.0,427.98,8,Yes,Delivered On Time,0.63
ORD-01218,2023-02-16,2023-02-19,2023-02-23,2023-02-23,North India,Lucknow,Light_Beer_330ml,E-Commerce,WH-KOL-01,GrainSource Ltd,Rail Freight,330,138,49.68,45540,16394.4,64.0,714.14,4,Yes,Delivered On Time,0.9
ORD-01219,2024-09-22,2024-09-23,2024-09-26,2024-09-27,North India,Delhi,Light_Beer_330ml,On-Premise (Bar/Restaurant),WH-MUM-01,HopCo Supplies,Road (Truck),118,152,54.72,17936,6456.96,64.0,241.34,3,Yes,Delivered On Time,1.06
ORD-01220,2024-06-10,2024-06-11,2024-06-13,2024-06-15,West India,Mumbai,Stout_650ml,On-Premise (Bar/Restaurant),WH-MUM-01,AquaPure Beverages,Road (Truck),517,234,117.0,120978,60489.0,50.0,704.42,2,Yes,Delivered On Time,1.06
ORD-01221,2023-10-14,2023-10-15,2023-10-18,2023-10-19,West India,Mumbai,Stout_650ml,E-Commerce,WH-KOL-01,GrainSource Ltd,Road (Truck),191,214,107.0,40874,20437.0,50.0,393.34,3,Yes,Delivered On Time,1.42
ORD-01222,2023-11-21,2023-11-22,2023-11-25,2023-11-26,Central India,Raipur,Strong_Beer_500ml,E-Commerce,WH-BLR-01,BrewMalt India,Road (Mini-Truck),777,184,79.12,142968,61476.24,57.0,1433.14,3,Yes,Delivered On Time,1.62
ORD-01223,2023-01-07,2023-01-09,2023-01-14,2023-01-14,North India,Jaipur,Stout_650ml,Modern Trade,WH-MUM-01,HopCo Supplies,Rail Freight,82,214,107.0,17548,8774.0,50.0,155.84,5,Yes,Delivered On Time,1.16
ORD-01224,2023-03-12,2023-03-13,2023-03-18,2023-03-19,North India,Lucknow,Wheat_330ml,Modern Trade,WH-BLR-01,HopCo Supplies,Rail Freight,296,150,57.0,44400,16872.0,62.0,451.0,5,Yes,Delivered On Time,1.38
ORD-01225,2024-01-28,2024-01-29,2024-02-01,2024-02-02,North India,Chandigarh,Stout_650ml,On-Premise (Bar/Restaurant),WH-HYD-01,HopCo Supplies,Road (Truck),374,232,116.0,86768,43384.0,50.0,928.94,3,Yes,Delivered On Time,1.02
ORD-01226,2023-06-03,2023-06-05,2023-06-09,2023-06-07,West India,Surat,Strong_Beer_500ml,E-Commerce,WH-BLR-01,BrewMalt India,Road (Mini-Truck),129,176,75.68,22704,9762.72,57.0,166.34,4,No,In Transit,1.12
ORD-01227,2023-04-19,2023-04-20,2023-04-26,2023-04-27,Central India,Indore,Light_Beer_330ml,General Trade,WH-HYD-01,BrewMalt India,Rail Freight,233,156,56.16,36348,13085.28,64.0,519.59,6,Yes,Delivered On Time,1.59
ORD-01228,2023-04-03,2023-04-04,2023-04-08,2023-04-09,East India,Ranchi,Lager_500ml,Modern Trade,WH-KOL-01,PackRight Solutions,Road (Mini-Truck),395,178,74.76,70310,29530.2,58.0,547.67,4,Yes,Delivered On Time,1.51
ORD-01229,2023-07-05,2023-07-06,2023-07-10,2023-07-11,South India,Kochi,IPA_330ml,Modern Trade,WH-KOL-01,AquaPure Beverages,Road (Truck),241,164,65.6,39524,15809.6,60.0,449.98,4,Yes,Delivered On Time,0.82
ORD-01230,2023-04-03,2023-04-04,2023-04-08,2023-04-09,South India,Kochi,Wheat_330ml,Modern Trade,WH-BLR-01,BrewMalt India,Road (Truck),670,167,63.46,111890,42518.2,62.0,1166.78,4,Yes,Delivered On Time,1.5
ORD-01231,2024-10-22,2024-10-23,2024-10-23,2024-10-25,West India,Mumbai,Premium_Lager_330ml,General Trade,WH-KOL-01,PackRight Solutions,Air Freight,122,204,91.8,24888,11199.6,55.0,248.65,0,Yes,Delivered On Time,1.49
ORD-01232,2023-06-08,2023-06-09,2023-06-13,2023-06-14,Central India,Indore,Light_Beer_330ml,Modern Trade,WH-BLR-01,AquaPure Beverages,Road (Truck),363,159,57.24,57717,20778.12,64.0,879.94,4,Yes,Delivered On Time,1.07
ORD-01233,2023-05-28,2023-05-29,2023-06-02,2023-06-03,East India,Ranchi,Lager_500ml,On-Premise (Bar/Restaurant),WH-MUM-01,PackRight Solutions,Road (Mini-Truck),130,180,75.6,23400,9828.0,58.0,231.65,4,Yes,Delivered On Time,0.97
ORD-01234,2024-05-15,2024-05-16,2024-05-20,2024-05-21,South India,Hyderabad,Premium_Lager_330ml,On-Premise (Bar/Restaurant),WH-BLR-01,HopCo Supplies,Road (Truck),321,213,95.85,68373,30767.85,55.0,471.3,4,Yes,Delivered On Time,1.12
ORD-01235,2024-05-25,2024-05-26,2024-05-28,2024-05-29,North India,Amritsar,Stout_650ml,On-Premise (Bar/Restaurant),WH-BLR-01,AquaPure Beverages,Road (Mini-Truck),454,213,106.5,96702,48351.0,50.0,1027.42,2,Yes,Delivered On Time,1.08
ORD-01236,2023-02-26,2023-02-27,2023-03-03,2023-03-03,North India,Lucknow,Premium_Lager_330ml,General Trade,WH-KOL-01,HopCo Supplies,Road (Truck),391,218,98.1,85238,38357.1,55.0,790.56,4,Yes,Delivered On Time,1.0
ORD-01237,2024-11-22,2024-11-23,2024-11-26,2024-11-27,West India,Ahmedabad,Wheat_330ml,General Trade,WH-MUM-01,PackRight Solutions,Road (Truck),160,144,54.72,23040,8755.2,62.0,362.73,3,Yes,Delivered On Time,1.6
ORD-01238,2024-05-15,2024-05-16,2024-05-19,2024-05-20,South India,Chennai,Lager_500ml,Modern Trade,WH-BLR-01,HopCo Supplies,Road (Mini-Truck),433,198,83.16,85734,36008.28,58.0,669.08,3,Yes,Delivered On Time,1.08
ORD-01239,2024-02-08,2024-02-10,2024-02-15,2024-02-14,East India,Ranchi,Stout_650ml,General Trade,WH-MUM-01,GrainSource Ltd,Road (Mini-Truck),540,236,118.0,127440,63720.0,50.0,447.92,5,No,Delivered Late,1.18
ORD-01240,2024-08-10,2024-08-11,2024-08-18,2024-08-18,South India,Kochi,Strong_Beer_500ml,Modern Trade,WH-HYD-01,PackRight Solutions,Rail Freight,193,167,71.81,32231,13859.33,57.0,440.51,7,No,Delivered On Time,0.68
ORD-01241,2024-08-23,2024-08-24,2024-08-26,2024-08-28,North India,Delhi,Light_Beer_330ml,General Trade,WH-HYD-01,PackRight Solutions,Road (Truck),307,130,46.8,39910,14367.6,64.0,698.53,2,Yes,Delivered On Time,0.79
ORD-01242,2024-04-26,2024-04-27,2024-04-30,2024-05-01,South India,Bengaluru,Premium_Lager_330ml,General Trade,WH-DEL-01,HopCo Supplies,Road (Mini-Truck),533,208,93.6,110864,49888.8,55.0,786.86,3,Yes,Delivered On Time,1.33
ORD-01243,2024-12-18,2024-12-19,2024-12-24,2024-12-26,South India,Bengaluru,Wheat_330ml,General Trade,WH-DEL-01,BrewMalt India,Rail Freight,435,154,58.52,66990,25456.2,62.0,918.43,5,Yes,Delivered On Time,1.68
ORD-01244,2023-07-05,2023-07-06,2023-07-08,2023-07-10,North India,Delhi,IPA_330ml,E-Commerce,WH-DEL-01,PackRight Solutions,Road (Truck),223,173,69.2,38579,15431.6,60.0,459.91,2,Yes,Delivered On Time,0.61
ORD-01245,2023-07-17,2023-07-18,2023-07-21,2023-07-22,West India,Pune,Wheat_330ml,General Trade,WH-DEL-01,GrainSource Ltd,Road (Truck),157,146,55.48,22922,8710.36,62.0,359.64,3,Yes,Delivered On Time,0.71
ORD-01246,2023-10-19,2023-10-20,2023-10-24,2023-10-25,Central India,Bhopal,Wheat_330ml,On-Premise (Bar/Restaurant),WH-MUM-01,PackRight Solutions,Road (Truck),438,161,61.18,70518,26796.84,62.0,990.64,4,Yes,Delivered On Time,1.31
ORD-01247,2024-08-28,2024-08-31,2024-09-05,2024-09-04,East India,Bhubaneswar,Wheat_330ml,On-Premise (Bar/Restaurant),WH-KOL-01,BrewMalt India,Road (Truck),313,151,57.38,47263,17959.94,62.0,681.65,5,No,Delivered Late,0.65
ORD-01248,2024-08-20,2024-08-21,2024-08-26,2024-08-25,South India,Mysuru,Premium_Lager_330ml,On-Premise (Bar/Restaurant),WH-MUM-01,GrainSource Ltd,Road (Mini-Truck),41,214,96.3,8774,3948.3,55.0,62.34,5,No,Delivered Late,0.72
ORD-01249,2023-05-14,2023-05-16,2023-05-21,2023-05-20,Central India,Raipur,Premium_Lager_330ml,On-Premise (Bar/Restaurant),WH-KOL-01,BrewMalt India,Road (Truck),60,198,89.1,11880,5346.0,55.0,148.99,5,No,Delivered Late,0.96
ORD-01250,2024-05-21,2024-05-22,2024-05-25,2024-05-26,West India,Mumbai,Stout_650ml,General Trade,WH-KOL-01,AquaPure Beverages,Road (Truck),132,229,114.5,30228,15114.0,50.0,124.76,3,Yes,Delivered On Time,0.98
ORD-01251,2023-10-16,2023-10-17,2023-10-23,2023-10-22,Central India,Bhopal,IPA_330ml,General Trade,WH-MUM-01,BrewMalt India,Road (Truck),157,160,64.0,25120,10048.0,60.0,294.21,6,No,In Transit,1.51
ORD-01252,2024-09-22,2024-09-23,2024-09-28,2024-09-28,South India,Hyderabad,Lager_500ml,General Trade,WH-DEL-01,GrainSource Ltd,Road (Truck),259,200,84.0,51800,21756.0,58.0,369.48,5,Yes,Delivered On Time,1.01
ORD-01253,2023-12-23,2023-12-24,2023-12-27,2023-12-28,Central India,Bhopal,Stout_650ml,E-Commerce,WH-HYD-01,GrainSource Ltd,Road (Mini-Truck),387,236,118.0,91332,45666.0,50.0,379.62,3,Yes,Delivered On Time,1.45
ORD-01254,2023-05-02,2023-05-03,2023-05-04,2023-05-06,West India,Surat,Lager_500ml,Modern Trade,WH-DEL-01,PackRight Solutions,Road (Mini-Truck),356,173,72.66,61588,25866.96,58.0,764.44,1,Yes,Delivered On Time,1.14
ORD-01255,2023-04-03,2023-04-04,2023-04-06,2023-04-08,South India,Bengaluru,IPA_330ml,E-Commerce,WH-BLR-01,GrainSource Ltd,Road (Mini-Truck),399,166,66.4,66234,26493.6,60.0,812.16,2,Yes,Delivered On Time,1.5
ORD-01256,2024-12-22,2024-12-23,2024-12-24,2024-12-25,West India,Mumbai,Wheat_330ml,Modern Trade,WH-DEL-01,HopCo Supplies,Air Freight,122,146,55.48,17812,6768.56,62.0,108.78,1,Yes,Delivered On Time,1.32
ORD-01257,2023-10-10,2023-10-11,2023-10-13,2023-10-15,East India,Kolkata,Lager_500ml,On-Premise (Bar/Restaurant),WH-BLR-01,AquaPure Beverages,Air Freight,228,195,81.9,44460,18673.2,58.0,189.16,2,Yes,Delivered On Time,1.5
ORD-01258,2024-03-15,2024-03-16,2024-03-20,2024-03-21,South India,Hyderabad,Premium_Lager_330ml,On-Premise (Bar/Restaurant),WH-KOL-01,HopCo Supplies,Road (Truck),468,190,85.5,88920,40014.0,55.0,1169.81,4,Yes,Delivered On Time,1.54
ORD-01259,2024-02-08,2024-02-09,2024-02-14,2024-02-16,Central India,Jabalpur,Wheat_330ml,E-Commerce,WH-BLR-01,AquaPure Beverages,Rail Freight,129,142,53.96,18318,6960.84,62.0,133.51,5,Yes,Delivered On Time,1.03
ORD-01260,2023-04-13,2023-04-14,2023-04-18,2023-04-18,North India,Delhi,Lager_500ml,On-Premise (Bar/Restaurant),WH-KOL-01,PackRight Solutions,Road (Truck),310,190,79.8,58900,24738.0,58.0,274.65,4,Yes,Delivered On Time,1.42
ORD-01261,2024-11-01,2024-11-02,2024-11-05,2024-11-06,West India,Surat,Lager_500ml,On-Premise (Bar/Restaurant),WH-DEL-01,GrainSource Ltd,Road (Truck),239,187,78.54,44693,18771.06,58.0,419.91,3,Yes,Delivered On Time,1.41
ORD-01262,2023-06-26,2023-06-27,2023-07-02,2023-07-02,Central India,Bhopal,Stout_650ml,General Trade,WH-DEL-01,AquaPure Beverages,Road (Truck),329,229,114.5,75341,37670.5,50.0,727.49,5,Yes,Delivered On Time,0.91
ORD-01263,2023-07-23,2023-07-24,2023-07-26,2023-07-27,West India,Nagpur,Premium_Lager_330ml,E-Commerce,WH-MUM-01,BrewMalt India,Road (Mini-Truck),197,211,94.95,41567,18705.15,55.0,408.74,2,Yes,Delivered On Time,0.72
ORD-01264,2023-02-20,2023-02-21,2023-02-25,2023-02-25,West India,Surat,Lager_500ml,General Trade,WH-MUM-01,HopCo Supplies,Road (Truck),359,178,74.76,63902,26838.84,58.0,553.84,4,Yes,Delivered On Time,1.05
ORD-01265,2023-04-27,2023-04-28,2023-05-01,2023-05-02,Central India,Gwalior,Premium_Lager_330ml,On-Premise (Bar/Restaurant),WH-HYD-01,AquaPure Beverages,Road (Mini-Truck),472,215,96.75,101480,45666.0,55.0,510.11,3,Yes,Delivered On Time,1.7
ORD-01266,2024-07-07,2024-07-08,2024-07-13,2024-07-13,South India,Bengaluru,Wheat_330ml,E-Commerce,WH-DEL-01,GrainSource Ltd,Road (Truck),84,142,53.96,11928,4532.64,62.0,161.34,5,Yes,Delivered On Time,0.81
ORD-01267,2024-12-19,2024-12-20,2024-12-24,2024-12-24,North India,Amritsar,Light_Beer_330ml,Modern Trade,WH-MUM-01,HopCo Supplies,Road (Truck),547,146,52.56,79862,28750.32,64.0,854.73,4,Yes,Delivered On Time,1.6
ORD-01268,2024-08-24,2024-08-25,2024-08-29,2024-08-29,North India,Delhi,IPA_330ml,Modern Trade,WH-HYD-01,AquaPure Beverages,Road (Truck),325,166,66.4,53950,21580.0,60.0,562.01,4,Yes,Delivered On Time,0.84
ORD-01269,2024-04-07,2024-04-08,2024-04-13,2024-04-13,East India,Patna,Premium_Lager_330ml,General Trade,WH-MUM-01,PackRight Solutions,Road (Mini-Truck),389,206,92.7,80134,36060.3,55.0,602.41,5,Yes,Delivered On Time,1.68
ORD-01270,2023-09-23,2023-09-24,2023-10-01,2023-10-02,East India,Guwahati,Lager_500ml,General Trade,WH-DEL-01,HopCo Supplies,Rail Freight,279,185,77.7,51615,21678.3,58.0,308.49,7,Yes,Delivered On Time,1.06
ORD-01271,2024-10-25,2024-10-27,2024-10-30,2024-10-30,West India,Nagpur,Lager_500ml,On-Premise (Bar/Restaurant),WH-HYD-01,PackRight Solutions,Road (Truck),204,186,78.12,37944,15936.48,58.0,437.68,3,Yes,Delivered On Time,1.57
ORD-01272,2024-02-06,2024-02-08,2024-02-10,2024-02-10,West India,Nagpur,Premium_Lager_330ml,General Trade,WH-KOL-01,GrainSource Ltd,Road (Mini-Truck),420,219,98.55,91980,41391.0,55.0,366.8,2,Yes,Delivered On Time,1.07
ORD-01273,2023-12-30,2023-12-31,2024-01-04,2024-01-05,South India,Bengaluru,Stout_650ml,Modern Trade,WH-HYD-01,PackRight Solutions,Road (Truck),445,238,119.0,105910,52955.0,50.0,866.03,4,Yes,Delivered On Time,1.47
ORD-01274,2024-04-16,2024-04-17,2024-04-21,2024-04-22,Central India,Indore,Stout_650ml,E-Commerce,WH-BLR-01,PackRight Solutions,Road (Truck),748,235,117.5,175780,87890.0,50.0,1412.22,4,Yes,Delivered On Time,1.53
ORD-01275,2023-09-29,2023-09-30,2023-10-03,2023-10-04,West India,Ahmedabad,Light_Beer_330ml,E-Commerce,WH-KOL-01,HopCo Supplies,Road (Truck),317,130,46.8,41210,14835.6,64.0,492.84,3,Yes,Delivered On Time,1.18
ORD-01276,2023-12-31,2024-01-01,2024-01-05,2024-01-06,Central India,Raipur,Lager_500ml,E-Commerce,WH-MUM-01,PackRight Solutions,Road (Truck),266,196,82.32,52136,21897.12,58.0,212.96,4,Yes,Delivered On Time,1.53
ORD-01277,2023-08-22,2023-08-23,2023-08-26,2023-08-27,South India,Hyderabad,Premium_Lager_330ml,E-Commerce,WH-HYD-01,PackRight Solutions,Road (Mini-Truck),375,203,91.35,76125,34256.25,55.0,931.5,3,Yes,Delivered On Time,0.75
ORD-01278,2023-03-06,2023-03-09,2023-03-11,2023-03-11,West India,Nagpur,Premium_Lager_330ml,Modern Trade,WH-KOL-01,HopCo Supplies,Road (Truck),116,196,88.2,22736,10231.2,55.0,288.86,2,Yes,Delivered On Time,1.34
ORD-01279,2023-04-21,2023-04-22,2023-04-25,2023-04-27,East India,Ranchi,Strong_Beer_500ml,General Trade,WH-MUM-01,GrainSource Ltd,Road (Mini-Truck),407,188,80.84,76516,32901.88,57.0,497.62,3,Yes,Delivered On Time,1.39
ORD-01280,2024-12-18,2024-12-20,2024-12-25,2024-12-25,East India,Ranchi,Premium_Lager_330ml,Modern Trade,WH-KOL-01,BrewMalt India,Road (Truck),175,201,90.45,35175,15828.75,55.0,183.03,5,Yes,Delivered On Time,1.31
ORD-01281,2024-12-14,2024-12-15,2024-12-21,2024-12-22,Central India,Bhopal,IPA_330ml,On-Premise (Bar/Restaurant),WH-DEL-01,AquaPure Beverages,Rail Freight,90,175,70.0,15750,6300.0,60.0,187.61,6,Yes,Delivered On Time,1.42
ORD-01282,2024-07-13,2024-07-16,2024-07-19,2024-07-18,North India,Amritsar,Wheat_330ml,On-Premise (Bar/Restaurant),WH-HYD-01,BrewMalt India,Road (Truck),250,157,59.66,39250,14915.0,62.0,434.24,3,No,Delivered Late,0.76
ORD-01283,2023-04-18,2023-04-19,2023-04-25,2023-04-25,East India,Kolkata,IPA_330ml,On-Premise (Bar/Restaurant),WH-KOL-01,PackRight Solutions,Road (Truck),771,160,64.0,123360,49344.0,60.0,1858.28,6,Yes,Delivered On Time,1.61
ORD-01284,2024-09-25,2024-09-26,2024-09-29,2024-09-30,West India,Nagpur,Strong_Beer_500ml,General Trade,WH-HYD-01,GrainSource Ltd,Road (Truck),221,194,83.42,42874,18435.82,57.0,502.43,3,Yes,Delivered On Time,1.06
ORD-01285,2024-09-20,2024-09-21,2024-09-27,2024-09-27,East India,Ranchi,Stout_650ml,On-Premise (Bar/Restaurant),WH-DEL-01,HopCo Supplies,Road (Truck),334,231,115.5,77154,38577.0,50.0,831.98,6,Yes,Delivered On Time,0.94
ORD-01286,2024-03-08,2024-03-10,2024-03-13,2024-03-13,West India,Mumbai,Stout_650ml,Modern Trade,WH-DEL-01,HopCo Supplies,Road (Truck),127,217,108.5,27559,13779.5,50.0,275.94,3,Yes,Delivered On Time,1.57
ORD-01287,2024-08-16,2024-08-17,2024-08-20,2024-08-21,West India,Ahmedabad,Wheat_330ml,E-Commerce,WH-MUM-01,PackRight Solutions,Road (Truck),158,159,60.42,25122,9546.36,62.0,285.98,3,Yes,Delivered On Time,0.66
ORD-01288,2024-01-21,2024-01-22,2024-01-28,2024-01-28,East India,Bhubaneswar,Stout_650ml,On-Premise (Bar/Restaurant),WH-MUM-01,AquaPure Beverages,Road (Truck),478,237,118.5,113286,56643.0,50.0,880.84,6,Yes,Delivered On Time,1.2
ORD-01289,2023-01-15,2023-01-16,2023-01-19,2023-01-20,West India,Surat,Lager_500ml,On-Premise (Bar/Restaurant),WH-KOL-01,BrewMalt India,Road (Truck),240,180,75.6,43200,18144.0,58.0,330.69,3,Yes,Delivered On Time,1.15
ORD-01290,2023-07-16,2023-07-17,2023-07-18,2023-07-20,Central India,Jabalpur,Light_Beer_330ml,On-Premise (Bar/Restaurant),WH-BLR-01,AquaPure Beverages,Air Freight,369,149,53.64,54981,19793.16,64.0,527.01,1,Yes,Delivered On Time,0.8
ORD-01291,2023-10-24,2023-10-25,2023-10-28,2023-10-29,West India,Pune,Light_Beer_330ml,General Trade,WH-KOL-01,AquaPure Beverages,Road (Truck),333,150,54.0,49950,17982.0,64.0,296.8,3,Yes,Delivered On Time,1.32
ORD-01292,2024-04-07,2024-04-08,2024-04-12,2024-04-13,South India,Chennai,Lager_500ml,General Trade,WH-MUM-01,BrewMalt India,Road (Truck),432,192,80.64,82944,34836.48,58.0,577.67,4,Yes,Delivered On Time,1.47
ORD-01293,2023-04-13,2023-04-15,2023-04-18,2023-04-18,West India,Mumbai,Lager_500ml,Modern Trade,WH-MUM-01,BrewMalt India,Road (Truck),651,186,78.12,121086,50856.12,58.0,1228.44,3,Yes,Delivered On Time,1.34
ORD-01294,2024-02-10,2024-02-11,2024-02-14,2024-02-14,North India,Amritsar,Lager_500ml,Modern Trade,WH-KOL-01,GrainSource Ltd,Road (Mini-Truck),315,187,78.54,58905,24740.1,58.0,570.9,3,Yes,Delivered On Time,1.04
ORD-01295,2024-02-23,2024-02-24,2024-02-27,2024-02-28,West India,Mumbai,Light_Beer_330ml,On-Premise (Bar/Restaurant),WH-KOL-01,HopCo Supplies,Road (Truck),554,135,48.6,74790,26924.4,64.0,547.65,3,Yes,Delivered On Time,1.14
ORD-01296,2024-05-05,2024-05-06,2024-05-08,2024-05-09,North India,Lucknow,Premium_Lager_330ml,On-Premise (Bar/Restaurant),WH-MUM-01,AquaPure Beverages,Road (Mini-Truck),270,201,90.45,54270,24421.5,55.0,460.32,2,Yes,Delivered On Time,1.0
ORD-01297,2024-06-10,2024-06-11,2024-06-13,2024-06-14,Central India,Raipur,Light_Beer_330ml,General Trade,WH-BLR-01,GrainSource Ltd,Air Freight,109,133,47.88,14497,5218.92,64.0,147.29,2,Yes,Delivered On Time,0.95
ORD-01298,2024-10-30,2024-10-31,2024-11-04,2024-11-06,East India,Patna,Lager_500ml,Modern Trade,WH-KOL-01,BrewMalt India,Road (Truck),555,184,77.28,102120,42890.4,58.0,1274.33,4,Yes,Delivered On Time,1.45
ORD-01299,2024-09-21,2024-09-22,2024-09-25,2024-09-26,South India,Chennai,Wheat_330ml,E-Commerce,WH-BLR-01,AquaPure Beverages,Road (Mini-Truck),479,155,58.9,74245,28213.1,62.0,452.31,3,Yes,Delivered On Time,1.13
ORD-01300,2023-02-01,2023-02-02,2023-02-05,2023-02-06,West India,Pune,Wheat_330ml,On-Premise (Bar/Restaurant),WH-MUM-01,GrainSource Ltd,Road (Truck),456,157,59.66,71592,27204.96,62.0,1060.73,3,Yes,Delivered On Time,0.96
ORD-01301,2023-09-10,2023-09-11,2023-09-12,2023-09-14,North India,Amritsar,Lager_500ml,Modern Trade,WH-HYD-01,HopCo Supplies,Road (Mini-Truck),206,180,75.6,37080,15573.6,58.0,513.01,1,Yes,Delivered On Time,1.15
ORD-01302,2023-08-23,2023-08-24,2023-08-27,2023-08-29,East India,Ranchi,Premium_Lager_330ml,General Trade,WH-BLR-01,BrewMalt India,Road (Mini-Truck),113,218,98.1,24634,11085.3,55.0,224.87,3,Yes,Delivered On Time,0.68
ORD-01303,2023-10-21,2023-10-22,2023-10-28,2023-10-27,Central India,Bhopal,Strong_Beer_500ml,E-Commerce,WH-KOL-01,GrainSource Ltd,Road (Truck),126,191,82.13,24066,10348.38,57.0,244.32,6,No,Delivered Late,1.51
ORD-01304,2024-07-01,2024-07-02,2024-07-07,2024-07-08,East India,Patna,IPA_330ml,Modern Trade,WH-HYD-01,BrewMalt India,Road (Truck),329,152,60.8,50008,20003.2,60.0,701.85,5,Yes,Delivered On Time,0.82
ORD-01305,2024-05-29,2024-05-30,2024-06-02,2024-06-03,North India,Chandigarh,Wheat_330ml,Modern Trade,WH-MUM-01,PackRight Solutions,Road (Truck),189,167,63.46,31563,11993.94,62.0,337.32,3,Yes,Delivered On Time,1.05
ORD-01306,2023-11-19,2023-11-21,2023-11-24,2023-11-25,Central India,Gwalior,Light_Beer_330ml,General Trade,WH-HYD-01,GrainSource Ltd,Road (Truck),609,134,48.24,81606,29378.16,64.0,1192.26,3,Yes,Delivered On Time,1.49
ORD-01307,2024-01-26,2024-01-27,2024-01-30,2024-01-31,West India,Pune,Lager_500ml,Modern Trade,WH-HYD-01,AquaPure Beverages,Road (Truck),154,178,74.76,27412,11513.04,58.0,182.47,3,Yes,Delivered On Time,1.11
ORD-01308,2023-06-04,2023-06-05,2023-06-07,2023-06-09,South India,Mysuru,Wheat_330ml,General Trade,WH-HYD-01,PackRight Solutions,Road (Mini-Truck),452,161,61.18,72772,27653.36,62.0,482.33,2,Yes,Delivered On Time,1.19
ORD-01309,2023-08-06,2023-08-08,2023-08-10,2023-08-11,South India,Chennai,Premium_Lager_330ml,Modern Trade,WH-HYD-01,BrewMalt India,Road (Mini-Truck),71,191,85.95,13561,6102.45,55.0,164.1,2,Yes,Delivered On Time,0.64
ORD-01310,2023-02-16,2023-02-17,2023-02-20,2023-02-21,North India,Amritsar,IPA_330ml,E-Commerce,WH-KOL-01,AquaPure Beverages,Road (Truck),362,176,70.4,63712,25484.8,60.0,783.17,3,Yes,Delivered On Time,1.17
ORD-01311,2024-01-28,2024-01-30,2024-02-02,2024-02-02,West India,Mumbai,Lager_500ml,Modern Trade,WH-BLR-01,HopCo Supplies,Road (Truck),224,171,71.82,38304,16087.68,58.0,532.79,3,Yes,Delivered On Time,1.14
ORD-01312,2024-07-17,2024-07-18,2024-07-22,2024-07-22,North India,Amritsar,Premium_Lager_330ml,Modern Trade,WH-KOL-01,BrewMalt India,Road (Truck),113,200,90.0,22600,10170.0,55.0,250.24,4,Yes,Delivered On Time,0.76
ORD-01313,2024-02-18,2024-02-20,2024-02-25,2024-02-25,North India,Delhi,Wheat_330ml,Modern Trade,WH-KOL-01,AquaPure Beverages,Rail Freight,59,151,57.38,8909,3385.42,62.0,121.64,5,Yes,Delivered On Time,1.17
ORD-01314,2024-11-15,2024-11-16,2024-11-20,2024-11-20,West India,Mumbai,Stout_650ml,Modern Trade,WH-DEL-01,BrewMalt India,Road (Truck),273,212,106.0,57876,28938.0,50.0,390.57,4,Yes,Delivered On Time,1.46
ORD-01315,2023-04-13,2023-04-15,2023-04-18,2023-04-18,North India,Lucknow,Stout_650ml,Modern Trade,WH-KOL-01,PackRight Solutions,Road (Truck),683,239,119.5,163237,81618.5,50.0,595.12,3,Yes,Delivered On Time,1.46
ORD-01316,2023-07-27,2023-07-28,2023-07-31,2023-08-01,North India,Chandigarh,Light_Beer_330ml,General Trade,WH-KOL-01,PackRight Solutions,Road (Truck),81,142,51.12,11502,4140.72,64.0,86.74,3,Yes,Delivered On Time,0.67
ORD-01317,2024-07-22,2024-07-23,2024-07-26,2024-07-27,West India,Mumbai,Premium_Lager_330ml,General Trade,WH-HYD-01,PackRight Solutions,Road (Truck),273,208,93.6,56784,25552.8,55.0,515.81,3,Yes,Delivered On Time,0.73
ORD-01318,2024-01-07,2024-01-08,2024-01-11,2024-01-12,North India,Chandigarh,Lager_500ml,On-Premise (Bar/Restaurant),WH-HYD-01,BrewMalt India,Road (Truck),92,188,78.96,17296,7264.32,58.0,110.63,3,Yes,Delivered On Time,1.04
ORD-01319,2024-10-08,2024-10-10,2024-10-15,2024-10-15,North India,Lucknow,IPA_330ml,On-Premise (Bar/Restaurant),WH-KOL-01,BrewMalt India,Rail Freight,507,176,70.4,89232,35692.8,60.0,473.4,5,Yes,Delivered On Time,1.51
ORD-01320,2024-06-06,2024-06-07,2024-06-11,2024-06-12,Central India,Raipur,Wheat_330ml,Modern Trade,WH-KOL-01,AquaPure Beverages,Road (Truck),108,154,58.52,16632,6320.16,62.0,223.72,4,Yes,Delivered On Time,0.99
ORD-01321,2024-11-20,2024-11-21,2024-11-25,2024-11-27,East India,Guwahati,Premium_Lager_330ml,General Trade,WH-DEL-01,HopCo Supplies,Road (Truck),615,207,93.15,127305,57287.25,55.0,913.14,4,Yes,Delivered On Time,1.62
ORD-01322,2024-05-03,2024-05-04,2024-05-07,2024-05-07,West India,Ahmedabad,Wheat_330ml,General Trade,WH-MUM-01,GrainSource Ltd,Road (Mini-Truck),350,142,53.96,49700,18886.0,62.0,823.48,3,Yes,Delivered On Time,1.0
ORD-01323,2023-10-28,2023-10-29,2023-11-03,2023-11-04,East India,Patna,Wheat_330ml,Modern Trade,WH-HYD-01,PackRight Solutions,Road (Truck),690,166,63.08,114540,43525.2,62.0,555.39,5,Yes,Delivered On Time,1.45
ORD-01324,2024-12-28,2024-12-29,2025-01-04,2025-01-05,South India,Chennai,Light_Beer_330ml,On-Premise (Bar/Restaurant),WH-KOL-01,AquaPure Beverages,Rail Freight,650,131,47.16,85150,30654.0,64.0,1512.82,6,Yes,Delivered On Time,1.53
ORD-01325,2023-10-13,2023-10-14,2023-10-22,2023-10-22,East India,Kolkata,IPA_330ml,General Trade,WH-MUM-01,GrainSource Ltd,Rail Freight,475,155,62.0,73625,29450.0,60.0,1096.6,8,Yes,Delivered On Time,1.64
ORD-01326,2024-06-13,2024-06-14,2024-06-16,2024-06-17,North India,Delhi,Lager_500ml,E-Commerce,WH-HYD-01,AquaPure Beverages,Road (Mini-Truck),381,178,74.76,67818,28483.56,58.0,576.63,2,Yes,Delivered On Time,0.95
ORD-01327,2023-12-26,2023-12-27,2023-12-30,2024-01-01,Central India,Raipur,Lager_500ml,E-Commerce,WH-DEL-01,BrewMalt India,Road (Truck),635,192,80.64,121920,51206.4,58.0,909.36,3,Yes,Delivered On Time,1.68
ORD-01328,2024-11-03,2024-11-04,2024-11-07,2024-11-07,Central India,Indore,Light_Beer_330ml,E-Commerce,WH-DEL-01,AquaPure Beverages,Air Freight,192,143,51.48,27456,9884.16,64.0,227.83,3,Yes,Delivered On Time,1.33
ORD-01329,2023-03-14,2023-03-15,2023-03-17,2023-03-19,North India,Amritsar,Wheat_330ml,General Trade,WH-DEL-01,BrewMalt India,Road (Truck),571,150,57.0,85650,32547.0,62.0,1336.3,2,Yes,Delivered On Time,1.62
ORD-01330,2024-12-16,2024-12-17,2024-12-20,2024-12-21,Central India,Gwalior,Light_Beer_330ml,On-Premise (Bar/Restaurant),WH-HYD-01,PackRight Solutions,Road (Mini-Truck),660,150,54.0,99000,35640.0,64.0,1193.46,3,Yes,Delivered On Time,1.42
ORD-01331,2024-04-28,2024-04-29,2024-05-05,2024-05-04,South India,Kochi,Stout_650ml,General Trade,WH-HYD-01,AquaPure Beverages,Road (Truck),420,236,118.0,99120,49560.0,50.0,436.85,6,No,Delivered Late,1.61
ORD-01332,2023-03-14,2023-03-15,2023-03-22,2023-03-22,South India,Hyderabad,Light_Beer_330ml,Modern Trade,WH-MUM-01,HopCo Supplies,Rail Freight,288,131,47.16,37728,13582.08,64.0,427.85,7,Yes,Delivered On Time,1.31
ORD-01333,2024-06-20,2024-06-21,2024-06-25,2024-06-25,North India,Jaipur,Stout_650ml,General Trade,WH-BLR-01,GrainSource Ltd,Road (Truck),532,217,108.5,115444,57722.0,50.0,480.29,4,Yes,Delivered On Time,1.13
ORD-01334,2024-07-15,2024-07-17,2024-07-22,2024-07-21,Central India,Jabalpur,Lager_500ml,E-Commerce,WH-KOL-01,GrainSource Ltd,Road (Truck),271,178,74.76,48238,20259.96,58.0,662.61,5,No,Delivered Late,0.65
ORD-01335,2024-07-07,2024-07-08,2024-07-14,2024-07-15,South India,Kochi,Light_Beer_330ml,On-Premise (Bar/Restaurant),WH-KOL-01,GrainSource Ltd,Rail Freight,134,131,47.16,17554,6319.44,64.0,118.62,6,Yes,Delivered On Time,0.61
ORD-01336,2024-02-11,2024-02-12,2024-02-14,2024-02-16,West India,Nagpur,Stout_650ml,On-Premise (Bar/Restaurant),WH-DEL-01,GrainSource Ltd,Road (Truck),322,215,107.5,69230,34615.0,50.0,770.47,2,Yes,Delivered On Time,0.95
ORD-01337,2024-09-06,2024-09-09,2024-09-13,2024-09-10,North India,Delhi,IPA_330ml,On-Premise (Bar/Restaurant),WH-DEL-01,PackRight Solutions,Road (Mini-Truck),157,153,61.2,24021,9608.4,60.0,229.13,4,No,Delivered Late,0.93
ORD-01338,2023-02-25,2023-02-26,2023-02-28,2023-03-01,North India,Lucknow,Stout_650ml,On-Premise (Bar/Restaurant),WH-KOL-01,GrainSource Ltd,Road (Mini-Truck),155,215,107.5,33325,16662.5,50.0,366.26,2,Yes,Delivered On Time,1.11
ORD-01339,2024-11-13,2024-11-14,2024-11-22,2024-11-22,East India,Kolkata,Strong_Beer_500ml,General Trade,WH-DEL-01,BrewMalt India,Rail Freight,369,193,82.99,71217,30623.31,57.0,842.16,8,Yes,Delivered On Time,1.35
ORD-01340,2023-04-24,2023-04-26,2023-04-30,2023-04-29,North India,Lucknow,Light_Beer_330ml,E-Commerce,WH-DEL-01,PackRight Solutions,Road (Truck),702,153,55.08,107406,38666.16,64.0,1380.73,4,No,Delivered Late,1.43
ORD-01341,2023-02-14,2023-02-15,2023-02-20,2023-02-21,East India,Guwahati,Strong_Beer_500ml,On-Premise (Bar/Restaurant),WH-DEL-01,PackRight Solutions,Road (Truck),359,168,72.24,60312,25934.16,57.0,570.19,5,Yes,Delivered On Time,1.19
ORD-01342,2024-11-13,2024-11-14,2024-11-19,2024-11-20,North India,Chandigarh,Strong_Beer_500ml,On-Premise (Bar/Restaurant),WH-DEL-01,GrainSource Ltd,Rail Freight,132,166,71.38,21912,9422.16,57.0,245.19,5,No,Delivered On Time,1.6
ORD-01343,2023-05-10,2023-05-11,2023-05-14,2023-05-15,North India,Lucknow,Strong_Beer_500ml,Modern Trade,WH-DEL-01,BrewMalt India,Road (Truck),588,171,73.53,100548,43235.64,57.0,1230.41,3,Yes,Delivered On Time,1.18
ORD-01344,2023-12-11,2023-12-12,2023-12-13,2023-12-14,North India,Amritsar,Stout_650ml,Modern Trade,WH-MUM-01,GrainSource Ltd,Air Freight,602,238,119.0,143276,71638.0,50.0,1249.19,1,Yes,Delivered On Time,1.65
ORD-01345,2023-02-04,2023-02-06,2023-02-09,2023-02-10,Central India,Raipur,Wheat_330ml,Modern Trade,WH-BLR-01,PackRight Solutions,Road (Truck),275,158,60.04,43450,16511.0,62.0,487.03,3,Yes,Delivered On Time,0.92
ORD-01346,2023-02-15,2023-02-16,2023-02-19,2023-02-20,North India,Delhi,Premium_Lager_330ml,E-Commerce,WH-KOL-01,HopCo Supplies,Road (Truck),195,205,92.25,39975,17988.75,55.0,450.96,3,Yes,Delivered On Time,1.13
ORD-01347,2024-01-19,2024-01-20,2024-01-23,2024-01-24,South India,Mysuru,Light_Beer_330ml,On-Premise (Bar/Restaurant),WH-BLR-01,GrainSource Ltd,Road (Mini-Truck),69,130,46.8,8970,3229.2,64.0,154.5,3,Yes,Delivered On Time,1.16
ORD-01348,2023-03-16,2023-03-17,2023-03-25,2023-03-25,East India,Kolkata,Wheat_330ml,General Trade,WH-BLR-01,PackRight Solutions,Rail Freight,366,150,57.0,54900,20862.0,62.0,358.61,8,Yes,Delivered On Time,1.5
ORD-01349,2024-08-09,2024-08-10,2024-08-14,2024-08-15,East India,Bhubaneswar,Premium_Lager_330ml,Modern Trade,WH-MUM-01,BrewMalt India,Road (Mini-Truck),98,197,88.65,19306,8687.7,55.0,90.02,4,Yes,Delivered On Time,0.78
ORD-01350,2023-01-06,2023-01-08,2023-01-12,2023-01-12,Central India,Bhopal,Strong_Beer_500ml,E-Commerce,WH-DEL-01,BrewMalt India,Road (Truck),355,182,78.26,64610,27782.3,57.0,375.41,4,Yes,Delivered On Time,1.09
ORD-01351,2024-09-23,2024-09-24,2024-09-28,2024-09-27,North India,Jaipur,IPA_330ml,E-Commerce,WH-MUM-01,PackRight Solutions,Road (Mini-Truck),228,178,71.2,40584,16233.6,60.0,474.74,4,No,Delivered Late,1.18
ORD-01352,2023-03-31,2023-04-01,2023-04-07,2023-04-08,Central India,Gwalior,IPA_330ml,On-Premise (Bar/Restaurant),WH-HYD-01,HopCo Supplies,Rail Freight,584,168,67.2,98112,39244.8,60.0,696.48,6,Yes,Delivered On Time,1.37
ORD-01353,2023-12-29,2023-12-30,2024-01-02,2024-01-03,West India,Pune,Light_Beer_330ml,Modern Trade,WH-MUM-01,BrewMalt India,Road (Truck),134,138,49.68,18492,6657.12,64.0,242.93,3,Yes,Delivered On Time,1.51
ORD-01354,2024-07-17,2024-07-18,2024-07-20,2024-07-22,West India,Mumbai,Lager_500ml,On-Premise (Bar/Restaurant),WH-MUM-01,HopCo Supplies,Road (Truck),87,183,76.86,15921,6686.82,58.0,159.52,2,Yes,Delivered On Time,0.6
ORD-01355,2024-05-15,2024-05-16,2024-05-18,2024-05-19,North India,Chandigarh,Premium_Lager_330ml,Modern Trade,WH-HYD-01,HopCo Supplies,Road (Mini-Truck),449,201,90.45,90249,40612.05,55.0,743.24,2,Yes,Delivered On Time,1.12
ORD-01356,2024-08-05,2024-08-06,2024-08-12,2024-08-13,Central India,Raipur,Stout_650ml,Modern Trade,WH-HYD-01,BrewMalt India,Rail Freight,318,225,112.5,71550,35775.0,50.0,533.76,6,Yes,Delivered On Time,0.79
ORD-01357,2024-01-20,2024-01-22,2024-01-27,2024-01-27,East India,Bhubaneswar,IPA_330ml,General Trade,WH-DEL-01,GrainSource Ltd,Road (Truck),139,166,66.4,23074,9229.6,60.0,231.49,5,Yes,Delivered On Time,1.08
ORD-01358,2024-05-03,2024-05-04,2024-05-09,2024-05-10,East India,Kolkata,Strong_Beer_500ml,Modern Trade,WH-HYD-01,HopCo Supplies,Road (Truck),73,170,73.1,12410,5336.3,57.0,136.0,5,Yes,Delivered On Time,0.95
ORD-01359,2024-05-13,2024-05-14,2024-05-19,2024-05-19,South India,Chennai,Lager_500ml,On-Premise (Bar/Restaurant),WH-DEL-01,BrewMalt India,Road (Truck),462,176,73.92,81312,34151.04,58.0,956.9,5,Yes,Delivered On Time,1.2
ORD-01360,2024-10-04,2024-10-05,2024-10-09,2024-10-08,West India,Ahmedabad,Premium_Lager_330ml,General Trade,WH-DEL-01,HopCo Supplies,Road (Mini-Truck),182,191,85.95,34762,15642.9,55.0,191.78,4,No,Delivered Late,1.59
ORD-01361,2023-04-16,2023-04-17,2023-04-21,2023-04-21,South India,Kochi,IPA_330ml,On-Premise (Bar/Restaurant),WH-MUM-01,GrainSource Ltd,Road (Mini-Truck),583,156,62.4,90948,36379.2,60.0,559.1,4,Yes,Delivered On Time,1.4
ORD-01362,2023-02-28,2023-03-01,2023-03-05,2023-03-05,North India,Jaipur,Stout_650ml,E-Commerce,WH-MUM-01,PackRight Solutions,Road (Truck),456,229,114.5,104424,52212.0,50.0,640.66,4,Yes,Delivered On Time,1.0
ORD-01363,2024-12-01,2024-12-02,2024-12-04,2024-12-05,North India,Amritsar,Premium_Lager_330ml,General Trade,WH-MUM-01,BrewMalt India,Road (Mini-Truck),172,209,94.05,35948,16176.6,55.0,423.65,2,Yes,Delivered On Time,1.31
ORD-01364,2024-06-27,2024-06-28,2024-07-01,2024-07-01,West India,Ahmedabad,IPA_330ml,Modern Trade,WH-MUM-01,BrewMalt India,Road (Mini-Truck),438,150,60.0,65700,26280.0,60.0,961.85,3,Yes,Delivered On Time,0.97
ORD-01365,2023-07-27,2023-07-28,2023-07-30,2023-08-01,Central India,Jabalpur,IPA_330ml,General Trade,WH-MUM-01,AquaPure Beverages,Road (Mini-Truck),219,165,66.0,36135,14454.0,60.0,504.61,2,Yes,Delivered On Time,0.83
ORD-01366,2024-02-08,2024-02-09,2024-02-12,2024-02-13,West India,Surat,Light_Beer_330ml,Modern Trade,WH-KOL-01,GrainSource Ltd,Road (Truck),109,148,53.28,16132,5807.52,64.0,143.38,3,Yes,Delivered On Time,1.18
ORD-01367,2024-02-05,2024-02-06,2024-02-08,2024-02-10,East India,Patna,Strong_Beer_500ml,Modern Trade,WH-KOL-01,BrewMalt India,Air Freight,476,174,74.82,82824,35614.32,57.0,718.1,2,Yes,Delivered On Time,1.19
ORD-01368,2023-06-22,2023-06-24,2023-06-28,2023-06-29,East India,Ranchi,IPA_330ml,General Trade,WH-KOL-01,AquaPure Beverages,Road (Truck),277,178,71.2,49306,19722.4,60.0,342.02,4,No,Delivered On Time,1.02
ORD-01369,2023-04-14,2023-04-15,2023-04-20,2023-04-19,South India,Hyderabad,Strong_Beer_500ml,On-Premise (Bar/Restaurant),WH-BLR-01,PackRight Solutions,Road (Mini-Truck),761,181,77.83,137741,59228.63,57.0,1884.81,5,No,Delivered Late,1.57
ORD-01370,2024-12-29,2024-12-30,2025-01-01,2025-01-02,North India,Amritsar,IPA_330ml,General Trade,WH-MUM-01,HopCo Supplies,Road (Mini-Truck),474,168,67.2,79632,31852.8,60.0,652.23,2,Yes,Delivered On Time,1.33
ORD-01371,2024-01-09,2024-01-10,2024-01-13,2024-01-14,South India,Hyderabad,IPA_330ml,General Trade,WH-BLR-01,HopCo Supplies,Road (Mini-Truck),174,157,62.8,27318,10927.2,60.0,378.48,3,Yes,Delivered On Time,1.06
ORD-01372,2023-01-29,2023-01-30,2023-02-02,2023-02-03,North India,Delhi,Strong_Beer_500ml,On-Premise (Bar/Restaurant),WH-HYD-01,PackRight Solutions,Road (Truck),422,173,74.39,73006,31392.58,57.0,994.84,3,Yes,Delivered On Time,1.01
ORD-01373,2023-10-02,2023-10-04,2023-10-08,2023-10-08,East India,Guwahati,Stout_650ml,E-Commerce,WH-KOL-01,AquaPure Beverages,Road (Mini-Truck),596,220,110.0,131120,65560.0,50.0,852.41,4,Yes,Delivered On Time,1.59
ORD-01374,2023-10-15,2023-10-16,2023-10-20,2023-10-22,East India,Guwahati,IPA_330ml,E-Commerce,WH-DEL-01,GrainSource Ltd,Road (Truck),189,160,64.0,30240,12096.0,60.0,153.74,4,Yes,Delivered On Time,1.35
ORD-01375,2024-02-13,2024-02-15,2024-02-19,2024-02-19,Central India,Raipur,Premium_Lager_330ml,Modern Trade,WH-BLR-01,HopCo Supplies,Road (Truck),232,215,96.75,49880,22446.0,55.0,518.57,4,Yes,Delivered On Time,1.08
ORD-01376,2024-01-12,2024-01-13,2024-01-16,2024-01-17,North India,Lucknow,Lager_500ml,E-Commerce,WH-BLR-01,GrainSource Ltd,Road (Truck),396,173,72.66,68508,28773.36,58.0,509.28,3,Yes,Delivered On Time,1.13
ORD-01377,2023-04-30,2023-05-01,2023-05-07,2023-05-08,Central India,Gwalior,Wheat_330ml,General Trade,WH-MUM-01,HopCo Supplies,Rail Freight,301,168,63.84,50568,19215.84,62.0,530.71,6,Yes,Delivered On Time,1.42
ORD-01378,2024-12-03,2024-12-04,2024-12-07,2024-12-08,West India,Pune,Lager_500ml,Modern Trade,WH-DEL-01,BrewMalt India,Road (Truck),481,200,84.0,96200,40404.0,58.0,1146.83,3,Yes,Delivered On Time,1.59
ORD-01379,2023-06-10,2023-06-11,2023-06-17,2023-06-17,East India,Ranchi,IPA_330ml,Modern Trade,WH-HYD-01,AquaPure Beverages,Road (Truck),448,171,68.4,76608,30643.2,60.0,1048.29,6,Yes,Delivered On Time,0.96
ORD-01380,2023-07-18,2023-07-19,2023-07-25,2023-07-25,East India,Patna,Light_Beer_330ml,E-Commerce,WH-DEL-01,GrainSource Ltd,Road (Truck),101,157,56.52,15857,5708.52,64.0,171.64,6,Yes,Delivered On Time,0.76
ORD-01381,2024-03-16,2024-03-17,2024-03-21,2024-03-22,South India,Chennai,IPA_330ml,E-Commerce,WH-KOL-01,BrewMalt India,Road (Truck),313,163,65.2,51019,20407.6,60.0,735.16,4,Yes,Delivered On Time,1.46
ORD-01382,2024-01-12,2024-01-15,2024-01-19,2024-01-19,East India,Bhubaneswar,Light_Beer_330ml,E-Commerce,WH-HYD-01,HopCo Supplies,Road (Truck),315,151,54.36,47565,17123.4,64.0,511.1,4,Yes,Delivered On Time,1.0
ORD-01383,2023-07-19,2023-07-20,2023-07-26,2023-07-25,South India,Bengaluru,Stout_650ml,General Trade,WH-BLR-01,AquaPure Beverages,Road (Truck),39,229,114.5,8931,4465.5,50.0,92.09,6,No,Delivered Late,0.63
ORD-01384,2023-07-22,2023-07-23,2023-07-27,2023-07-28,Central India,Bhopal,IPA_330ml,General Trade,WH-DEL-01,BrewMalt India,Road (Truck),156,161,64.4,25116,10046.4,60.0,365.2,4,Yes,Delivered On Time,0.69
ORD-01385,2024-01-18,2024-01-20,2024-01-24,2024-01-24,Central India,Indore,Premium_Lager_330ml,E-Commerce,WH-MUM-01,HopCo Supplies,Road (Truck),273,216,97.2,58968,26535.6,55.0,327.29,4,Yes,Delivered On Time,1.19
ORD-01386,2023-06-28,2023-06-29,2023-07-02,2023-07-03,South India,Kochi,Wheat_330ml,General Trade,WH-HYD-01,GrainSource Ltd,Road (Mini-Truck),212,167,63.46,35404,13453.52,62.0,469.31,3,Yes,Delivered On Time,0.9
ORD-01387,2023-12-25,2023-12-26,2023-12-29,2023-12-31,South India,Chennai,Wheat_330ml,E-Commerce,WH-KOL-01,HopCo Supplies,Road (Truck),490,152,57.76,74480,28302.4,62.0,429.95,3,No,Delivered On Time,1.69
ORD-01388,2023-07-24,2023-07-25,2023-07-29,2023-07-31,West India,Nagpur,IPA_330ml,Modern Trade,WH-HYD-01,PackRight Solutions,Rail Freight,70,150,60.0,10500,4200.0,60.0,132.73,4,Yes,Delivered On Time,0.7
ORD-01389,2024-05-19,2024-05-20,2024-05-22,2024-05-23,South India,Mysuru,Strong_Beer_500ml,General Trade,WH-DEL-01,AquaPure Beverages,Air Freight,529,185,79.55,97865,42081.95,57.0,1196.17,2,Yes,Delivered On Time,1.1
ORD-01390,2023-08-03,2023-08-06,2023-08-08,2023-08-08,West India,Pune,Stout_650ml,E-Commerce,WH-BLR-01,BrewMalt India,Road (Truck),134,232,116.0,31088,15544.0,50.0,269.41,2,Yes,Delivered On Time,0.84
ORD-01391,2024-11-17,2024-11-18,2024-11-21,2024-11-22,North India,Amritsar,Stout_650ml,On-Premise (Bar/Restaurant),WH-MUM-01,HopCo Supplies,Road (Truck),555,214,107.0,118770,59385.0,50.0,1255.63,3,Yes,Delivered On Time,1.64
ORD-01392,2024-09-24,2024-09-25,2024-10-01,2024-10-03,East India,Guwahati,Lager_500ml,E-Commerce,WH-MUM-01,AquaPure Beverages,Rail Freight,266,176,73.92,46816,19662.72,58.0,589.54,6,Yes,Delivered On Time,1.2
ORD-01393,2024-02-11,2024-02-12,2024-02-16,2024-02-17,South India,Bengaluru,Light_Beer_330ml,Modern Trade,WH-HYD-01,PackRight Solutions,Road (Truck),334,138,49.68,46092,16593.12,64.0,446.2,4,Yes,Delivered On Time,1.11
ORD-01394,2024-11-06,2024-11-07,2024-11-12,2024-11-13,East India,Kolkata,Strong_Beer_500ml,On-Premise (Bar/Restaurant),WH-MUM-01,AquaPure Beverages,Road (Truck),593,177,76.11,104961,45133.23,57.0,763.55,5,Yes,Delivered On Time,1.33
ORD-01395,2023-11-18,2023-11-19,2023-11-23,2023-11-24,South India,Mysuru,Light_Beer_330ml,E-Commerce,WH-BLR-01,BrewMalt India,Road (Truck),721,145,52.2,104545,37636.2,64.0,1556.48,4,Yes,Delivered On Time,1.59
ORD-01396,2024-11-20,2024-11-21,2024-11-27,2024-11-27,East India,Kolkata,IPA_330ml,On-Premise (Bar/Restaurant),WH-DEL-01,PackRight Solutions,Road (Truck),387,158,63.2,61146,24458.4,60.0,783.88,6,Yes,Delivered On Time,1.44
ORD-01397,2023-07-09,2023-07-11,2023-07-14,2023-07-15,South India,Mysuru,Stout_650ml,E-Commerce,WH-HYD-01,BrewMalt India,Road (Truck),285,210,105.0,59850,29925.0,50.0,701.06,3,Yes,Delivered On Time,0.62
ORD-01398,2024-11-08,2024-11-10,2024-11-13,2024-11-13,North India,Amritsar,Light_Beer_330ml,E-Commerce,WH-DEL-01,PackRight Solutions,Road (Truck),277,132,47.52,36564,13163.04,64.0,424.09,3,Yes,Delivered On Time,1.34
ORD-01399,2024-06-19,2024-06-20,2024-06-24,2024-06-24,West India,Surat,Premium_Lager_330ml,E-Commerce,WH-KOL-01,HopCo Supplies,Road (Truck),90,195,87.75,17550,7897.5,55.0,194.08,4,Yes,Delivered On Time,1.04
ORD-01400,2023-12-14,2023-12-15,2023-12-19,2023-12-20,South India,Kochi,Strong_Beer_500ml,E-Commerce,WH-DEL-01,HopCo Supplies,Road (Truck),507,182,78.26,92274,39677.82,57.0,610.07,4,Yes,Delivered On Time,1.58
ORD-01401,2024-01-27,2024-01-30,2024-02-03,2024-02-02,Central India,Raipur,Wheat_330ml,Modern Trade,WH-HYD-01,BrewMalt India,Road (Truck),146,140,53.2,20440,7767.2,62.0,161.9,4,No,Delivered Late,1.0
ORD-01402,2023-01-25,2023-01-26,2023-02-01,2023-01-31,South India,Bengaluru,Wheat_330ml,Modern Trade,WH-HYD-01,AquaPure Beverages,Road (Truck),336,165,62.7,55440,21067.2,62.0,795.25,6,No,Delivered Late,1.13
ORD-01403,2024-04-20,2024-04-21,2024-04-22,2024-04-23,North India,Delhi,Lager_500ml,General Trade,WH-KOL-01,PackRight Solutions,Air Freight,303,187,78.54,56661,23797.62,58.0,537.24,1,Yes,Delivered On Time,1.46
ORD-01404,2023-12-22,2023-12-24,2023-12-26,2023-12-27,West India,Ahmedabad,Lager_500ml,E-Commerce,WH-MUM-01,HopCo Supplies,Road (Truck),98,178,74.76,17444,7326.48,58.0,137.21,2,Yes,Delivered On Time,1.47
ORD-01405,2024-09-23,2024-09-24,2024-09-27,2024-09-27,West India,Pune,Lager_500ml,E-Commerce,WH-BLR-01,PackRight Solutions,Road (Mini-Truck),275,184,77.28,50600,21252.0,58.0,387.41,3,Yes,Delivered On Time,0.96
ORD-01406,2024-08-30,2024-08-31,2024-09-01,2024-09-03,West India,Pune,Stout_650ml,General Trade,WH-DEL-01,HopCo Supplies,Road (Mini-Truck),38,215,107.5,8170,4085.0,50.0,60.29,1,Yes,Delivered On Time,0.72
ORD-01407,2024-06-21,2024-06-22,2024-06-24,2024-06-25,West India,Ahmedabad,Wheat_330ml,Modern Trade,WH-BLR-01,AquaPure Beverages,Road (Mini-Truck),366,166,63.08,60756,23087.28,62.0,866.84,2,Yes,Delivered On Time,1.09
ORD-01408,2023-10-27,2023-10-28,2023-11-01,2023-11-03,West India,Pune,Stout_650ml,On-Premise (Bar/Restaurant),WH-BLR-01,AquaPure Beverages,Rail Freight,331,232,116.0,76792,38396.0,50.0,609.16,4,Yes,Delivered On Time,1.6
ORD-01409,2024-12-23,2024-12-24,2024-12-28,2024-12-29,Central India,Gwalior,Premium_Lager_330ml,General Trade,WH-HYD-01,AquaPure Beverages,Road (Truck),305,198,89.1,60390,27175.5,55.0,383.81,4,Yes,Delivered On Time,1.68
ORD-01410,2024-08-30,2024-08-31,2024-09-05,2024-09-06,East India,Kolkata,Premium_Lager_330ml,General Trade,WH-MUM-01,PackRight Solutions,Road (Truck),180,194,87.3,34920,15714.0,55.0,446.43,5,Yes,Delivered On Time,0.68
ORD-01411,2023-04-17,2023-04-18,2023-04-21,2023-04-23,Central India,Gwalior,Light_Beer_330ml,On-Premise (Bar/Restaurant),WH-DEL-01,BrewMalt India,Road (Truck),741,148,53.28,109668,39480.48,64.0,1676.67,3,Yes,Delivered On Time,1.69
ORD-01412,2024-12-27,2024-12-28,2024-12-31,2025-01-01,West India,Ahmedabad,Stout_650ml,On-Premise (Bar/Restaurant),WH-MUM-01,HopCo Supplies,Road (Truck),384,220,110.0,84480,42240.0,50.0,389.23,3,Yes,Delivered On Time,1.61
ORD-01413,2023-11-08,2023-11-09,2023-11-12,2023-11-13,North India,Delhi,Stout_650ml,On-Premise (Bar/Restaurant),WH-HYD-01,GrainSource Ltd,Road (Truck),118,214,107.0,25252,12626.0,50.0,99.89,3,Yes,Delivered On Time,1.45
ORD-01414,2024-04-17,2024-04-18,2024-04-20,2024-04-21,North India,Lucknow,Light_Beer_330ml,Modern Trade,WH-MUM-01,GrainSource Ltd,Road (Mini-Truck),358,157,56.52,56206,20234.16,64.0,487.71,2,Yes,Delivered On Time,1.43
ORD-01415,2024-09-16,2024-09-17,2024-09-22,2024-09-23,West India,Mumbai,Premium_Lager_330ml,E-Commerce,WH-DEL-01,AquaPure Beverages,Rail Freight,82,198,89.1,16236,7306.2,55.0,162.59,5,Yes,Delivered On Time,0.97
ORD-01416,2024-07-17,2024-07-19,2024-07-23,2024-07-24,West India,Pune,Lager_500ml,Modern Trade,WH-MUM-01,HopCo Supplies,Rail Freight,106,179,75.18,18974,7969.08,58.0,252.89,4,Yes,Delivered On Time,0.69
ORD-01417,2023-09-29,2023-09-30,2023-10-03,2023-10-04,North India,Lucknow,Wheat_330ml,On-Premise (Bar/Restaurant),WH-KOL-01,PackRight Solutions,Road (Truck),392,143,54.34,56056,21301.28,62.0,699.74,3,Yes,Delivered On Time,1.02
ORD-01418,2024-10-28,2024-10-29,2024-11-01,2024-11-01,West India,Nagpur,Light_Beer_330ml,Modern Trade,WH-DEL-01,BrewMalt India,Road (Mini-Truck),589,158,56.88,93062,33502.32,64.0,1054.52,3,Yes,Delivered On Time,1.43
ORD-01419,2023-03-07,2023-03-08,2023-03-15,2023-03-15,South India,Bengaluru,Strong_Beer_500ml,E-Commerce,WH-KOL-01,GrainSource Ltd,Rail Freight,217,166,71.38,36022,15489.46,57.0,257.85,7,Yes,Delivered On Time,1.49
ORD-01420,2023-07-05,2023-07-07,2023-07-11,2023-07-10,North India,Lucknow,Wheat_330ml,On-Premise (Bar/Restaurant),WH-KOL-01,HopCo Supplies,Road (Truck),157,163,61.94,25591,9724.58,62.0,264.47,4,No,Delivered Late,0.71
ORD-01421,2024-02-15,2024-02-16,2024-02-19,2024-02-21,Central India,Indore,Lager_500ml,General Trade,WH-DEL-01,AquaPure Beverages,Road (Truck),112,176,73.92,19712,8279.04,58.0,127.16,3,Yes,Delivered On Time,1.07
ORD-01422,2024-01-09,2024-01-11,2024-01-12,2024-01-13,West India,Surat,Lager_500ml,Modern Trade,WH-KOL-01,GrainSource Ltd,Road (Mini-Truck),64,184,77.28,11776,4945.92,58.0,117.56,1,Yes,Delivered On Time,1.18
ORD-01423,2023-03-22,2023-03-23,2023-03-27,2023-03-28,South India,Bengaluru,Wheat_330ml,On-Premise (Bar/Restaurant),WH-BLR-01,HopCo Supplies,Road (Truck),231,169,64.22,39039,14834.82,62.0,505.27,4,Yes,Delivered On Time,1.68
ORD-01424,2024-07-07,2024-07-10,2024-07-14,2024-07-13,South India,Bengaluru,Wheat_330ml,On-Premise (Bar/Restaurant),WH-MUM-01,BrewMalt India,Road (Truck),56,170,64.6,9520,3617.6,62.0,118.16,4,No,In Transit,0.67
ORD-01425,2024-01-18,2024-01-19,2024-01-23,2024-01-23,West India,Pune,Wheat_330ml,General Trade,WH-BLR-01,AquaPure Beverages,Road (Truck),428,168,63.84,71904,27323.52,62.0,984.94,4,Yes,Delivered On Time,0.92
ORD-01426,2024-02-28,2024-02-29,2024-03-06,2024-03-06,North India,Jaipur,Strong_Beer_500ml,E-Commerce,WH-BLR-01,GrainSource Ltd,Rail Freight,420,191,82.13,80220,34494.6,57.0,371.73,6,Yes,Delivered On Time,0.93
ORD-01427,2024-04-25,2024-04-27,2024-04-29,2024-04-30,Central India,Indore,Premium_Lager_330ml,E-Commerce,WH-MUM-01,PackRight Solutions,Road (Mini-Truck),345,206,92.7,71070,31981.5,55.0,627.19,2,Yes,Delivered On Time,1.55
ORD-01428,2023-05-31,2023-06-01,2023-06-08,2023-06-09,East India,Guwahati,IPA_330ml,On-Premise (Bar/Restaurant),WH-BLR-01,HopCo Supplies,Rail Freight,351,157,62.8,55107,22042.8,60.0,326.33,7,Yes,Delivered On Time,1.18
ORD-01429,2024-04-13,2024-04-14,2024-04-19,2024-04-18,North India,Lucknow,Lager_500ml,Modern Trade,WH-DEL-01,BrewMalt India,Road (Truck),119,177,74.34,21063,8846.46,58.0,245.46,5,No,Delivered Late,1.69
ORD-01430,2023-02-06,2023-02-07,2023-02-09,2023-02-11,North India,Jaipur,Light_Beer_330ml,Modern Trade,WH-KOL-01,GrainSource Ltd,Road (Truck),188,149,53.64,28012,10084.32,64.0,347.67,2,No,Delivered On Time,1.14
ORD-01431,2023-06-29,2023-06-30,2023-07-04,2023-07-05,South India,Mysuru,Stout_650ml,Modern Trade,WH-KOL-01,HopCo Supplies,Road (Truck),283,240,120.0,67920,33960.0,50.0,445.01,4,Yes,Delivered On Time,0.94
ORD-01432,2024-01-20,2024-01-21,2024-01-24,2024-01-25,North India,Chandigarh,Light_Beer_330ml,On-Premise (Bar/Restaurant),WH-MUM-01,HopCo Supplies,Road (Truck),377,140,50.4,52780,19000.8,64.0,546.74,3,Yes,Delivered On Time,0.95
ORD-01433,2023-10-29,2023-10-31,2023-11-02,2023-11-02,South India,Bengaluru,Strong_Beer_500ml,General Trade,WH-MUM-01,PackRight Solutions,Air Freight,708,193,82.99,136644,58756.92,57.0,1167.11,2,Yes,Delivered On Time,1.42
ORD-01434,2023-06-20,2023-06-21,2023-06-26,2023-06-26,Central India,Raipur,Lager_500ml,On-Premise (Bar/Restaurant),WH-KOL-01,GrainSource Ltd,Road (Truck),216,189,79.38,40824,17146.08,58.0,199.01,5,Yes,Delivered On Time,0.9
ORD-01435,2023-07-06,2023-07-07,2023-07-11,2023-07-11,South India,Kochi,IPA_330ml,On-Premise (Bar/Restaurant),WH-HYD-01,HopCo Supplies,Road (Mini-Truck),261,171,68.4,44631,17852.4,60.0,349.25,4,Yes,Delivered On Time,0.7
ORD-01436,2023-06-24,2023-06-25,2023-06-30,2023-07-01,East India,Bhubaneswar,IPA_330ml,E-Commerce,WH-KOL-01,BrewMalt India,Road (Truck),221,168,67.2,37128,14851.2,60.0,308.03,5,Yes,Delivered On Time,0.95
ORD-01437,2023-06-11,2023-06-12,2023-06-16,2023-06-16,South India,Mysuru,Wheat_330ml,Modern Trade,WH-BLR-01,HopCo Supplies,Road (Mini-Truck),186,143,54.34,26598,10107.24,62.0,391.83,4,No,Delivered On Time,0.95
ORD-01438,2024-12-18,2024-12-19,2024-12-21,2024-12-22,North India,Lucknow,Premium_Lager_330ml,On-Premise (Bar/Restaurant),WH-BLR-01,HopCo Supplies,Road (Mini-Truck),258,203,91.35,52374,23568.3,55.0,489.63,2,Yes,Delivered On Time,1.53
ORD-01439,2023-03-19,2023-03-20,2023-03-24,2023-03-25,Central India,Raipur,Strong_Beer_500ml,General Trade,WH-DEL-01,HopCo Supplies,Road (Truck),260,184,79.12,47840,20571.2,57.0,250.92,4,Yes,Delivered On Time,1.43
ORD-01440,2024-07-01,2024-07-03,2024-07-05,2024-07-06,North India,Lucknow,Strong_Beer_500ml,Modern Trade,WH-DEL-01,HopCo Supplies,Road (Truck),132,187,80.41,24684,10614.12,57.0,145.27,2,Yes,Delivered On Time,0.81
ORD-01441,2024-06-07,2024-06-08,2024-06-09,2024-06-11,North India,Lucknow,Light_Beer_330ml,Modern Trade,WH-BLR-01,AquaPure Beverages,Road (Mini-Truck),117,152,54.72,17784,6402.24,64.0,176.57,1,Yes,Delivered On Time,1.1
ORD-01442,2023-12-01,2023-12-02,2023-12-07,2023-12-06,West India,Ahmedabad,Lager_500ml,Modern Trade,WH-HYD-01,BrewMalt India,Road (Truck),454,171,71.82,77634,32606.28,58.0,883.18,5,No,Delivered Late,1.4
ORD-01443,2024-05-06,2024-05-07,2024-05-09,2024-05-10,West India,Pune,Premium_Lager_330ml,E-Commerce,WH-KOL-01,AquaPure Beverages,Road (Mini-Truck),203,206,92.7,41818,18818.1,55.0,301.04,2,Yes,Delivered On Time,0.97
ORD-01444,2024-11-05,2024-11-06,2024-11-11,2024-11-12,East India,Kolkata,Premium_Lager_330ml,E-Commerce,WH-MUM-01,HopCo Supplies,Road (Truck),495,194,87.3,96030,43213.5,55.0,459.2,5,Yes,Delivered On Time,1.37
ORD-01445,2024-09-18,2024-09-21,2024-09-24,2024-09-23,North India,Chandigarh,Strong_Beer_500ml,Modern Trade,WH-DEL-01,BrewMalt India,Road (Truck),157,190,81.7,29830,12826.9,57.0,360.47,3,No,Delivered Late,0.98
ORD-01446,2024-02-21,2024-02-22,2024-02-27,2024-02-28,North India,Jaipur,Light_Beer_330ml,E-Commerce,WH-MUM-01,HopCo Supplies,Rail Freight,382,149,53.64,56918,20490.48,64.0,410.08,5,Yes,Delivered On Time,1.08
ORD-01447,2024-03-08,2024-03-09,2024-03-14,2024-03-15,North India,Amritsar,Lager_500ml,Modern Trade,WH-MUM-01,HopCo Supplies,Rail Freight,623,192,80.64,119616,50238.72,58.0,866.79,5,Yes,Delivered On Time,1.46
ORD-01448,2023-04-09,2023-04-10,2023-04-13,2023-04-15,South India,Mysuru,Stout_650ml,General Trade,WH-HYD-01,HopCo Supplies,Road (Truck),484,211,105.5,102124,51062.0,50.0,822.84,3,Yes,Delivered On Time,1.3
ORD-01449,2024-09-22,2024-09-23,2024-09-28,2024-09-30,Central India,Bhopal,Stout_650ml,General Trade,WH-KOL-01,AquaPure Beverages,Rail Freight,425,228,114.0,96900,48450.0,50.0,725.8,5,Yes,Delivered On Time,0.95
ORD-01450,2023-07-01,2023-07-03,2023-07-09,2023-07-09,South India,Kochi,Light_Beer_330ml,E-Commerce,WH-MUM-01,HopCo Supplies,Rail Freight,125,158,56.88,19750,7110.0,64.0,267.79,6,Yes,Delivered On Time,0.81
ORD-01451,2023-04-27,2023-04-29,2023-05-04,2023-05-03,South India,Kochi,IPA_330ml,Modern Trade,WH-HYD-01,AquaPure Beverages,Road (Truck),539,179,71.6,96481,38592.4,60.0,527.19,5,No,Delivered Late,1.65
ORD-01452,2023-07-14,2023-07-15,2023-07-18,2023-07-18,Central India,Raipur,Light_Beer_330ml,Modern Trade,WH-DEL-01,PackRight Solutions,Air Freight,197,155,55.8,30535,10992.6,64.0,208.62,3,Yes,Delivered On Time,0.64
ORD-01453,2023-03-06,2023-03-08,2023-03-11,2023-03-11,Central India,Indore,Stout_650ml,General Trade,WH-KOL-01,AquaPure Beverages,Road (Mini-Truck),326,232,116.0,75632,37816.0,50.0,485.84,3,Yes,Delivered On Time,1.51
ORD-01454,2024-01-15,2024-01-16,2024-01-19,2024-01-19,West India,Surat,Lager_500ml,Modern Trade,WH-KOL-01,GrainSource Ltd,Road (Mini-Truck),155,170,71.4,26350,11067.0,58.0,349.64,3,Yes,Delivered On Time,1.15
ORD-01455,2024-02-24,2024-02-25,2024-03-01,2024-02-29,South India,Bengaluru,Premium_Lager_330ml,General Trade,WH-KOL-01,PackRight Solutions,Road (Mini-Truck),288,212,95.4,61056,27475.2,55.0,545.34,5,No,In Transit,0.94
ORD-01456,2023-01-18,2023-01-19,2023-01-23,2023-01-24,East India,Patna,Strong_Beer_500ml,E-Commerce,WH-MUM-01,AquaPure Beverages,Road (Mini-Truck),564,188,80.84,106032,45593.76,57.0,1365.26,4,Yes,Delivered On Time,1.2
ORD-01457,2024-08-11,2024-08-12,2024-08-18,2024-08-19,Central India,Jabalpur,Light_Beer_330ml,General Trade,WH-HYD-01,HopCo Supplies,Rail Freight,97,140,50.4,13580,4888.8,64.0,170.85,6,Yes,Delivered On Time,0.81
ORD-01458,2023-01-10,2023-01-12,2023-01-16,2023-01-16,East India,Patna,Wheat_330ml,On-Premise (Bar/Restaurant),WH-KOL-01,AquaPure Beverages,Road (Mini-Truck),482,149,56.62,71818,27290.84,62.0,750.28,4,Yes,Delivered On Time,1.13
ORD-01459,2023-11-08,2023-11-09,2023-11-11,2023-11-12,South India,Mysuru,IPA_330ml,E-Commerce,WH-HYD-01,PackRight Solutions,Air Freight,364,168,67.2,61152,24460.8,60.0,633.55,2,Yes,Delivered On Time,1.33
ORD-01460,2024-12-03,2024-12-04,2024-12-05,2024-12-07,West India,Ahmedabad,Strong_Beer_500ml,E-Commerce,WH-BLR-01,PackRight Solutions,Road (Mini-Truck),530,174,74.82,92220,39654.6,57.0,1147.26,1,Yes,Delivered On Time,1.55
ORD-01461,2024-04-14,2024-04-15,2024-04-20,2024-04-21,East India,Kolkata,IPA_330ml,E-Commerce,WH-MUM-01,AquaPure Beverages,Road (Truck),561,160,64.0,89760,35904.0,60.0,957.33,5,Yes,Delivered On Time,1.51
ORD-01462,2023-01-11,2023-01-12,2023-01-18,2023-01-18,East India,Ranchi,Premium_Lager_330ml,Modern Trade,WH-BLR-01,HopCo Supplies,Road (Truck),153,211,94.95,32283,14527.35,55.0,207.37,6,Yes,Delivered On Time,1.14
ORD-01463,2023-02-10,2023-02-11,2023-02-11,2023-02-13,North India,Delhi,Wheat_330ml,E-Commerce,WH-MUM-01,PackRight Solutions,Air Freight,201,157,59.66,31557,11991.66,62.0,222.01,0,Yes,Delivered On Time,1.02
ORD-01464,2024-07-06,2024-07-07,2024-07-11,2024-07-13,East India,Patna,Premium_Lager_330ml,Modern Trade,WH-MUM-01,PackRight Solutions,Road (Truck),108,217,97.65,23436,10546.2,55.0,208.82,4,Yes,Delivered On Time,0.74
ORD-01465,2023-04-19,2023-04-20,2023-04-25,2023-04-27,Central India,Indore,Premium_Lager_330ml,E-Commerce,WH-BLR-01,BrewMalt India,Rail Freight,398,217,97.65,86366,38864.7,55.0,851.77,5,No,Delivered On Time,1.52
ORD-01466,2024-11-26,2024-11-28,2024-11-30,2024-11-30,North India,Delhi,Wheat_330ml,Modern Trade,WH-BLR-01,GrainSource Ltd,Road (Mini-Truck),515,168,63.84,86520,32877.6,62.0,427.14,2,Yes,Delivered On Time,1.46
ORD-01467,2024-03-24,2024-03-26,2024-03-29,2024-03-29,West India,Ahmedabad,Lager_500ml,On-Premise (Bar/Restaurant),WH-HYD-01,AquaPure Beverages,Road (Truck),659,197,82.74,129823,54525.66,58.0,585.22,3,Yes,Delivered On Time,1.69
ORD-01468,2024-10-20,2024-10-21,2024-10-24,2024-10-25,North India,Delhi,Premium_Lager_330ml,E-Commerce,WH-MUM-01,BrewMalt India,Road (Truck),105,193,86.85,20265,9119.25,55.0,206.8,3,Yes,Delivered On Time,1.62
ORD-01469,2024-09-01,2024-09-02,2024-09-06,2024-09-07,South India,Hyderabad,Stout_650ml,On-Premise (Bar/Restaurant),WH-BLR-01,AquaPure Beverages,Road (Truck),296,225,112.5,66600,33300.0,50.0,690.88,4,Yes,Delivered On Time,1.18
ORD-01470,2023-05-10,2023-05-11,2023-05-17,2023-05-17,East India,Bhubaneswar,Stout_650ml,Modern Trade,WH-KOL-01,HopCo Supplies,Road (Truck),212,229,114.5,48548,24274.0,50.0,505.65,6,Yes,Delivered On Time,0.94
ORD-01471,2024-10-12,2024-10-13,2024-10-17,2024-10-18,South India,Chennai,Lager_500ml,Modern Trade,WH-BLR-01,GrainSource Ltd,Road (Truck),312,184,77.28,57408,24111.36,58.0,727.37,4,Yes,Delivered On Time,1.56
ORD-01472,2024-09-07,2024-09-09,2024-09-13,2024-09-12,Central India,Raipur,Strong_Beer_500ml,On-Premise (Bar/Restaurant),WH-BLR-01,BrewMalt India,Road (Mini-Truck),141,168,72.24,23688,10185.84,57.0,230.04,4,No,Delivered Late,1.03
ORD-01473,2024-12-19,2024-12-20,2024-12-24,2024-12-25,South India,Hyderabad,Stout_650ml,On-Premise (Bar/Restaurant),WH-MUM-01,BrewMalt India,Road (Truck),578,211,105.5,121958,60979.0,50.0,644.02,4,Yes,Delivered On Time,1.63
ORD-01474,2024-03-11,2024-03-12,2024-03-15,2024-03-16,North India,Jaipur,Wheat_330ml,General Trade,WH-KOL-01,GrainSource Ltd,Road (Truck),521,160,60.8,83360,31676.8,62.0,701.1,3,Yes,Delivered On Time,1.61
ORD-01475,2023-06-24,2023-06-25,2023-06-28,2023-06-29,Central India,Raipur,Wheat_330ml,General Trade,WH-HYD-01,GrainSource Ltd,Road (Mini-Truck),249,144,54.72,35856,13625.28,62.0,612.98,3,Yes,Delivered On Time,1.1
ORD-01476,2023-12-11,2023-12-12,2023-12-15,2023-12-16,West India,Ahmedabad,Premium_Lager_330ml,Modern Trade,WH-KOL-01,AquaPure Beverages,Road (Truck),534,217,97.65,115878,52145.1,55.0,661.71,3,Yes,Delivered On Time,1.67
ORD-01477,2024-01-01,2024-01-03,2024-01-07,2024-01-07,East India,Patna,IPA_330ml,General Trade,WH-BLR-01,AquaPure Beverages,Road (Mini-Truck),228,164,65.6,37392,14956.8,60.0,297.05,4,Yes,Delivered On Time,1.13
ORD-01478,2023-09-24,2023-09-25,2023-09-28,2023-09-29,North India,Chandigarh,Premium_Lager_330ml,On-Premise (Bar/Restaurant),WH-HYD-01,HopCo Supplies,Road (Truck),354,196,88.2,69384,31222.8,55.0,301.43,3,Yes,Delivered On Time,0.99
ORD-01479,2023-03-12,2023-03-13,2023-03-19,2023-03-19,North India,Amritsar,Wheat_330ml,E-Commerce,WH-DEL-01,BrewMalt India,Rail Freight,271,166,63.08,44986,17094.68,62.0,413.58,6,No,Delivered On Time,1.58
ORD-01480,2023-06-28,2023-06-29,2023-07-04,2023-07-04,Central India,Jabalpur,Premium_Lager_330ml,General Trade,WH-HYD-01,BrewMalt India,Road (Truck),304,196,88.2,59584,26812.8,55.0,406.49,5,Yes,Delivered On Time,1.04
ORD-01481,2024-11-07,2024-11-08,2024-11-14,2024-11-14,East India,Bhubaneswar,Lager_500ml,E-Commerce,WH-BLR-01,PackRight Solutions,Road (Truck),301,193,81.06,58093,24399.06,58.0,266.39,6,Yes,Delivered On Time,1.39
ORD-01482,2023-10-13,2023-10-14,2023-10-18,2023-10-19,Central India,Bhopal,Stout_650ml,E-Commerce,WH-KOL-01,AquaPure Beverages,Road (Truck),501,212,106.0,106212,53106.0,50.0,539.27,4,Yes,Delivered On Time,1.65
ORD-01483,2023-05-20,2023-05-22,2023-05-28,2023-05-28,Central India,Bhopal,Stout_650ml,General Trade,WH-MUM-01,GrainSource Ltd,Rail Freight,371,218,109.0,80878,40439.0,50.0,909.63,6,Yes,Delivered On Time,1.08
ORD-01484,2024-06-29,2024-06-30,2024-07-02,2024-07-04,North India,Amritsar,Premium_Lager_330ml,Modern Trade,WH-DEL-01,GrainSource Ltd,Road (Truck),241,205,92.25,49405,22232.25,55.0,533.94,2,Yes,Delivered On Time,1.08
ORD-01485,2024-11-10,2024-11-11,2024-11-14,2024-11-15,South India,Bengaluru,Strong_Beer_500ml,Modern Trade,WH-HYD-01,PackRight Solutions,Road (Mini-Truck),297,170,73.1,50490,21710.7,57.0,497.42,3,Yes,Delivered On Time,1.51
ORD-01486,2023-06-24,2023-06-26,2023-07-02,2023-07-01,East India,Ranchi,Light_Beer_330ml,E-Commerce,WH-HYD-01,PackRight Solutions,Road (Truck),532,141,50.76,75012,27004.32,64.0,740.81,6,No,Delivered Late,1.07
ORD-01487,2023-05-27,2023-05-28,2023-06-01,2023-06-02,South India,Mysuru,Strong_Beer_500ml,Modern Trade,WH-HYD-01,BrewMalt India,Road (Truck),396,183,78.69,72468,31161.24,57.0,762.85,4,Yes,Delivered On Time,0.92
ORD-01488,2024-04-07,2024-04-09,2024-04-16,2024-04-15,South India,Hyderabad,Premium_Lager_330ml,General Trade,WH-HYD-01,GrainSource Ltd,Rail Freight,474,190,85.5,90060,40527.0,55.0,590.88,7,No,In Transit,1.66
ORD-01489,2023-06-13,2023-06-14,2023-06-16,2023-06-18,North India,Chandigarh,Light_Beer_330ml,General Trade,WH-KOL-01,PackRight Solutions,Road (Truck),265,146,52.56,38690,13928.4,64.0,225.37,2,Yes,Delivered On Time,1.06
ORD-01490,2023-03-25,2023-03-27,2023-03-30,2023-03-31,Central India,Raipur,Light_Beer_330ml,E-Commerce,WH-HYD-01,BrewMalt India,Road (Truck),553,145,52.2,80185,28866.6,64.0,758.8,3,Yes,Delivered On Time,1.53
ORD-01491,2024-08-13,2024-08-14,2024-08-17,2024-08-18,North India,Amritsar,Strong_Beer_500ml,General Trade,WH-DEL-01,GrainSource Ltd,Road (Truck),128,169,72.67,21632,9301.76,57.0,147.6,3,Yes,Delivered On Time,0.61
ORD-01492,2023-01-13,2023-01-14,2023-01-15,2023-01-16,North India,Chandigarh,Strong_Beer_500ml,Modern Trade,WH-KOL-01,BrewMalt India,Air Freight,442,175,75.25,77350,33260.5,57.0,912.95,1,Yes,Delivered On Time,1.13
ORD-01493,2024-06-29,2024-06-30,2024-07-04,2024-07-05,Central India,Indore,Light_Beer_330ml,Modern Trade,WH-DEL-01,AquaPure Beverages,Road (Truck),322,145,52.2,46690,16808.4,64.0,323.98,4,Yes,Delivered On Time,0.94
ORD-01494,2024-05-29,2024-05-30,2024-06-02,2024-06-02,North India,Amritsar,Lager_500ml,On-Premise (Bar/Restaurant),WH-HYD-01,HopCo Supplies,Road (Mini-Truck),79,179,75.18,14141,5939.22,58.0,159.18,3,Yes,Delivered On Time,1.12
ORD-01495,2024-02-16,2024-02-17,2024-02-20,2024-02-21,West India,Mumbai,Stout_650ml,E-Commerce,WH-MUM-01,HopCo Supplies,Road (Truck),258,212,106.0,54696,27348.0,50.0,382.25,3,Yes,Delivered On Time,0.94
ORD-01496,2024-07-11,2024-07-13,2024-07-16,2024-07-16,South India,Hyderabad,Wheat_330ml,Modern Trade,WH-DEL-01,AquaPure Beverages,Road (Mini-Truck),337,164,62.32,55268,21001.84,62.0,817.08,3,Yes,Delivered On Time,0.68
ORD-01497,2023-09-03,2023-09-04,2023-09-11,2023-09-11,South India,Bengaluru,Strong_Beer_500ml,On-Premise (Bar/Restaurant),WH-KOL-01,HopCo Supplies,Rail Freight,367,170,73.1,62390,26827.7,57.0,530.58,7,Yes,Delivered On Time,1.08
ORD-01498,2024-04-27,2024-04-29,2024-05-04,2024-05-04,West India,Nagpur,Lager_500ml,General Trade,WH-HYD-01,AquaPure Beverages,Rail Freight,421,170,71.4,71570,30059.4,58.0,884.82,5,Yes,Delivered On Time,1.49
ORD-01499,2023-03-26,2023-03-27,2023-03-30,2023-03-31,West India,Mumbai,Stout_650ml,General Trade,WH-BLR-01,BrewMalt India,Road (Truck),261,218,109.0,56898,28449.0,50.0,224.31,3,Yes,Delivered On Time,1.45
ORD-01500,2024-10-12,2024-10-13,2024-10-19,2024-10-18,Central India,Jabalpur,Stout_650ml,General Trade,WH-BLR-01,PackRight Solutions,Road (Truck),432,236,118.0,101952,50976.0,50.0,837.12,6,No,Delivered Late,1.67
ORD-01501,2024-05-13,2024-05-15,2024-05-18,2024-05-18,North India,Lucknow,IPA_330ml,General Trade,WH-DEL-01,GrainSource Ltd,Road (Truck),273,154,61.6,42042,16816.8,60.0,512.53,3,Yes,Delivered On Time,1.03
ORD-01502,2023-08-05,2023-08-06,2023-08-08,2023-08-10,West India,Mumbai,Premium_Lager_330ml,General Trade,WH-HYD-01,PackRight Solutions,Road (Truck),285,203,91.35,57855,26034.75,55.0,354.03,2,Yes,Delivered On Time,0.83
ORD-01503,2023-10-12,2023-10-13,2023-10-17,2023-10-17,North India,Amritsar,Wheat_330ml,General Trade,WH-HYD-01,HopCo Supplies,Road (Truck),520,154,58.52,80080,30430.4,62.0,725.93,4,Yes,Delivered On Time,1.68
ORD-01504,2023-05-07,2023-05-08,2023-05-15,2023-05-16,East India,Ranchi,Strong_Beer_500ml,E-Commerce,WH-MUM-01,BrewMalt India,Rail Freight,156,165,70.95,25740,11068.2,57.0,273.3,7,Yes,Delivered On Time,1.04
ORD-01505,2023-08-02,2023-08-04,2023-08-07,2023-08-07,North India,Jaipur,Light_Beer_330ml,On-Premise (Bar/Restaurant),WH-DEL-01,GrainSource Ltd,Road (Truck),329,146,52.56,48034,17292.24,64.0,526.01,3,Yes,Delivered On Time,0.75
ORD-01506,2024-05-01,2024-05-02,2024-05-06,2024-05-07,Central India,Indore,Strong_Beer_500ml,General Trade,WH-MUM-01,BrewMalt India,Road (Truck),488,173,74.39,84424,36302.32,57.0,906.98,4,Yes,Delivered On Time,1.03
ORD-01507,2023-05-11,2023-05-12,2023-05-19,2023-05-18,East India,Bhubaneswar,Premium_Lager_330ml,E-Commerce,WH-DEL-01,HopCo Supplies,Road (Truck),232,198,89.1,45936,20671.2,55.0,519.81,7,No,Delivered Late,1.02
ORD-01508,2023-01-08,2023-01-09,2023-01-12,2023-01-13,North India,Amritsar,Lager_500ml,On-Premise (Bar/Restaurant),WH-KOL-01,GrainSource Ltd,Road (Truck),189,172,72.24,32508,13653.36,58.0,341.27,3,Yes,Delivered On Time,0.98
ORD-01509,2023-09-03,2023-09-04,2023-09-07,2023-09-08,North India,Amritsar,Wheat_330ml,General Trade,WH-BLR-01,HopCo Supplies,Road (Truck),435,142,53.96,61770,23472.6,62.0,421.06,3,Yes,Delivered On Time,1.15
ORD-01510,2024-07-25,2024-07-28,2024-08-01,2024-07-30,South India,Hyderabad,Premium_Lager_330ml,E-Commerce,WH-DEL-01,BrewMalt India,Road (Mini-Truck),310,202,90.9,62620,28179.0,55.0,341.52,4,No,Delivered Late,0.72
ORD-01511,2023-09-29,2023-09-30,2023-10-02,2023-10-04,West India,Ahmedabad,Light_Beer_330ml,General Trade,WH-MUM-01,PackRight Solutions,Road (Truck),465,150,54.0,69750,25110.0,64.0,793.79,2,Yes,Delivered On Time,1.15
ORD-01512,2023-04-12,2023-04-13,2023-04-15,2023-04-17,North India,Delhi,Wheat_330ml,On-Premise (Bar/Restaurant),WH-KOL-01,HopCo Supplies,Road (Truck),252,141,53.58,35532,13502.16,62.0,499.11,2,Yes,Delivered On Time,1.58
ORD-01513,2023-08-31,2023-09-01,2023-09-02,2023-09-04,North India,Lucknow,Light_Beer_330ml,Modern Trade,WH-DEL-01,PackRight Solutions,Road (Mini-Truck),322,143,51.48,46046,16576.56,64.0,481.63,1,Yes,Delivered On Time,0.7
ORD-01514,2023-11-17,2023-11-18,2023-11-22,2023-11-23,Central India,Bhopal,Lager_500ml,On-Premise (Bar/Restaurant),WH-KOL-01,BrewMalt India,Road (Truck),129,185,77.7,23865,10023.3,58.0,314.98,4,Yes,Delivered On Time,1.31
ORD-01515,2023-02-05,2023-02-06,2023-02-09,2023-02-10,West India,Pune,Premium_Lager_330ml,E-Commerce,WH-DEL-01,PackRight Solutions,Road (Truck),150,195,87.75,29250,13162.5,55.0,264.42,3,Yes,Delivered On Time,1.1
ORD-01516,2023-05-03,2023-05-04,2023-05-08,2023-05-08,West India,Mumbai,Strong_Beer_500ml,E-Commerce,WH-KOL-01,BrewMalt India,Road (Truck),428,173,74.39,74044,31838.92,57.0,883.36,4,Yes,Delivered On Time,0.91
ORD-01517,2023-03-12,2023-03-13,2023-03-18,2023-03-19,West India,Mumbai,Premium_Lager_330ml,General Trade,WH-HYD-01,HopCo Supplies,Rail Freight,78,204,91.8,15912,7160.4,55.0,192.13,5,Yes,Delivered On Time,1.49
ORD-01518,2023-04-06,2023-04-07,2023-04-12,2023-04-13,East India,Patna,Light_Beer_330ml,General Trade,WH-MUM-01,HopCo Supplies,Road (Truck),88,134,48.24,11792,4245.12,64.0,183.4,5,Yes,Delivered On Time,1.56
ORD-01519,2024-04-30,2024-05-01,2024-05-03,2024-05-04,North India,Amritsar,Stout_650ml,On-Premise (Bar/Restaurant),WH-KOL-01,GrainSource Ltd,Road (Mini-Truck),399,229,114.5,91371,45685.5,50.0,743.48,2,Yes,Delivered On Time,1.65
ORD-01520,2024-04-21,2024-04-22,2024-04-27,2024-04-26,North India,Lucknow,Wheat_330ml,E-Commerce,WH-KOL-01,GrainSource Ltd,Road (Truck),312,163,61.94,50856,19325.28,62.0,432.56,5,No,Delivered Late,1.54
ORD-01521,2023-04-19,2023-04-20,2023-04-25,2023-04-25,Central India,Gwalior,Stout_650ml,Modern Trade,WH-KOL-01,HopCo Supplies,Road (Truck),523,213,106.5,111399,55699.5,50.0,1166.66,5,Yes,Delivered On Time,1.34
ORD-01522,2024-02-28,2024-02-29,2024-03-06,2024-03-06,West India,Nagpur,IPA_330ml,On-Premise (Bar/Restaurant),WH-HYD-01,HopCo Supplies,Rail Freight,327,163,65.2,53301,21320.4,60.0,495.8,6,Yes,Delivered On Time,0.98
ORD-01523,2023-11-16,2023-11-17,2023-11-20,2023-11-21,West India,Surat,Lager_500ml,Modern Trade,WH-HYD-01,PackRight Solutions,Road (Truck),91,186,78.12,16926,7108.92,58.0,223.85,3,Yes,Delivered On Time,1.48
ORD-01524,2024-08-03,2024-08-04,2024-08-06,2024-08-07,North India,Amritsar,Lager_500ml,E-Commerce,WH-BLR-01,HopCo Supplies,Road (Mini-Truck),171,179,75.18,30609,12855.78,58.0,358.92,2,Yes,Delivered On Time,0.63
ORD-01525,2023-08-24,2023-08-25,2023-08-27,2023-08-28,West India,Nagpur,Strong_Beer_500ml,General Trade,WH-MUM-01,BrewMalt India,Road (Mini-Truck),125,181,77.83,22625,9728.75,57.0,207.14,2,No,Delivered On Time,0.67
ORD-01526,2023-07-11,2023-07-12,2023-07-18,2023-07-17,South India,Mysuru,Premium_Lager_330ml,E-Commerce,WH-BLR-01,HopCo Supplies,Road (Truck),312,190,85.5,59280,26676.0,55.0,613.62,6,No,Delivered Late,0.64
ORD-01527,2023-01-03,2023-01-04,2023-01-06,2023-01-07,North India,Chandigarh,Stout_650ml,Modern Trade,WH-MUM-01,AquaPure Beverages,Road (Mini-Truck),54,227,113.5,12258,6129.0,50.0,108.77,2,Yes,Delivered On Time,0.92
ORD-01528,2024-06-12,2024-06-13,2024-06-15,2024-06-17,West India,Pune,Premium_Lager_330ml,Modern Trade,WH-HYD-01,BrewMalt India,Road (Truck),469,214,96.3,100366,45164.7,55.0,699.06,2,Yes,Delivered On Time,1.06
ORD-01529,2024-10-04,2024-10-05,2024-10-07,2024-10-08,North India,Amritsar,Light_Beer_330ml,Modern Trade,WH-KOL-01,PackRight Solutions,Road (Mini-Truck),231,134,48.24,30954,11143.44,64.0,511.4,2,Yes,Delivered On Time,1.36
ORD-01530,2023-12-11,2023-12-12,2023-12-17,2023-12-17,Central India,Jabalpur,Strong_Beer_500ml,Modern Trade,WH-KOL-01,GrainSource Ltd,Road (Truck),683,195,83.85,133185,57269.55,57.0,1040.17,5,Yes,Delivered On Time,1.42
ORD-01531,2024-08-26,2024-08-27,2024-08-31,2024-09-02,West India,Pune,Lager_500ml,Modern Trade,WH-DEL-01,AquaPure Beverages,Rail Freight,292,177,74.34,51684,21707.28,58.0,648.11,4,Yes,Delivered On Time,0.73
ORD-01532,2024-09-10,2024-09-11,2024-09-14,2024-09-15,North India,Delhi,Premium_Lager_330ml,Modern Trade,WH-BLR-01,GrainSource Ltd,Road (Truck),255,212,95.4,54060,24327.0,55.0,621.4,3,Yes,Delivered On Time,1.07
ORD-01533,2023-07-28,2023-07-29,2023-08-01,2023-08-03,South India,Bengaluru,Wheat_330ml,On-Premise (Bar/Restaurant),WH-DEL-01,PackRight Solutions,Road (Truck),116,148,56.24,17168,6523.84,62.0,278.85,3,Yes,Delivered On Time,0.68
ORD-01534,2023-06-01,2023-06-02,2023-06-06,2023-06-07,Central India,Raipur,Stout_650ml,On-Premise (Bar/Restaurant),WH-KOL-01,HopCo Supplies,Road (Truck),108,211,105.5,22788,11394.0,50.0,89.34,4,Yes,Delivered On Time,1.11
ORD-01535,2024-06-09,2024-06-12,2024-06-14,2024-06-14,Central India,Bhopal,Strong_Beer_500ml,General Trade,WH-MUM-01,PackRight Solutions,Road (Mini-Truck),455,174,74.82,79170,34043.1,57.0,472.86,2,Yes,Delivered On Time,1.03
ORD-01536,2023-05-20,2023-05-21,2023-05-27,2023-05-26,East India,Ranchi,Lager_500ml,E-Commerce,WH-BLR-01,GrainSource Ltd,Road (Mini-Truck),472,199,83.58,93928,39449.76,58.0,1124.28,6,No,Delivered Late,1.04
ORD-01537,2023-04-07,2023-04-08,2023-04-11,2023-04-12,West India,Mumbai,Lager_500ml,On-Premise (Bar/Restaurant),WH-DEL-01,AquaPure Beverages,Road (Truck),571,200,84.0,114200,47964.0,58.0,569.59,3,Yes,Delivered On Time,1.7
ORD-01538,2023-10-21,2023-10-23,2023-10-24,2023-10-25,North India,Lucknow,Light_Beer_330ml,On-Premise (Bar/Restaurant),WH-BLR-01,GrainSource Ltd,Road (Mini-Truck),397,133,47.88,52801,19008.36,64.0,465.45,1,Yes,Delivered On Time,1.57
ORD-01539,2023-09-06,2023-09-07,2023-09-10,2023-09-11,West India,Surat,Lager_500ml,Modern Trade,WH-DEL-01,HopCo Supplies,Road (Truck),301,172,72.24,51772,21744.24,58.0,330.75,3,Yes,Delivered On Time,1.06
ORD-01540,2024-11-01,2024-11-02,2024-11-06,2024-11-07,Central India,Jabalpur,Lager_500ml,On-Premise (Bar/Restaurant),WH-DEL-01,HopCo Supplies,Road (Truck),534,192,80.64,102528,43061.76,58.0,1109.35,4,Yes,Delivered On Time,1.66
ORD-01541,2023-05-28,2023-05-30,2023-06-03,2023-06-03,East India,Patna,IPA_330ml,Modern Trade,WH-BLR-01,PackRight Solutions,Road (Mini-Truck),314,157,62.8,49298,19719.2,60.0,264.63,4,Yes,Delivered On Time,1.19
ORD-01542,2024-10-02,2024-10-03,2024-10-05,2024-10-07,North India,Chandigarh,Wheat_330ml,Modern Trade,WH-BLR-01,AquaPure Beverages,Road (Truck),716,149,56.62,106684,40539.92,62.0,1252.4,2,Yes,Delivered On Time,1.69
ORD-01543,2023-04-14,2023-04-15,2023-04-22,2023-04-21,North India,Jaipur,IPA_330ml,General Trade,WH-MUM-01,AquaPure Beverages,Rail Freight,182,176,70.4,32032,12812.8,60.0,303.2,7,No,In Transit,1.6
ORD-01544,2023-10-10,2023-10-11,2023-10-18,2023-10-17,West India,Ahmedabad,Strong_Beer_500ml,E-Commerce,WH-MUM-01,GrainSource Ltd,Rail Freight,621,193,82.99,119853,51536.79,57.0,1400.75,7,No,Delivered Late,1.69
ORD-01545,2024-08-15,2024-08-16,2024-08-19,2024-08-20,Central India,Raipur,IPA_330ml,E-Commerce,WH-DEL-01,GrainSource Ltd,Road (Mini-Truck),96,161,64.4,15456,6182.4,60.0,208.38,3,Yes,Delivered On Time,0.62
ORD-01546,2023-11-17,2023-11-18,2023-11-22,2023-11-23,Central India,Gwalior,IPA_330ml,On-Premise (Bar/Restaurant),WH-MUM-01,AquaPure Beverages,Road (Truck),767,156,62.4,119652,47860.8,60.0,1577.08,4,Yes,Delivered On Time,1.65
ORD-01547,2024-10-14,2024-10-15,2024-10-19,2024-10-20,Central India,Indore,Lager_500ml,General Trade,WH-DEL-01,HopCo Supplies,Road (Truck),263,189,79.38,49707,20876.94,58.0,467.41,4,Yes,Delivered On Time,1.47
ORD-01548,2023-04-01,2023-04-02,2023-04-04,2023-04-05,North India,Jaipur,Strong_Beer_500ml,On-Premise (Bar/Restaurant),WH-BLR-01,PackRight Solutions,Road (Mini-Truck),162,186,79.98,30132,12956.76,57.0,281.19,2,Yes,Delivered On Time,1.61
ORD-01549,2023-08-19,2023-08-20,2023-08-25,2023-08-25,South India,Kochi,Wheat_330ml,Modern Trade,WH-KOL-01,BrewMalt India,Road (Truck),238,165,62.7,39270,14922.6,62.0,262.73,5,Yes,Delivered On Time,0.68
ORD-01550,2024-02-19,2024-02-20,2024-02-25,2024-02-25,Central India,Gwalior,Stout_650ml,E-Commerce,WH-HYD-01,HopCo Supplies,Road (Truck),502,234,117.0,117468,58734.0,50.0,1248.99,5,Yes,Delivered On Time,1.02
ORD-01551,2023-10-13,2023-10-14,2023-10-16,2023-10-18,North India,Lucknow,Light_Beer_330ml,On-Premise (Bar/Restaurant),WH-BLR-01,PackRight Solutions,Road (Truck),559,135,48.6,75465,27167.4,64.0,495.63,2,Yes,Delivered On Time,1.33
ORD-01552,2024-12-31,2025-01-01,2025-01-07,2025-01-06,Central India,Jabalpur,Lager_500ml,General Trade,WH-KOL-01,BrewMalt India,Road (Truck),788,186,78.12,146568,61558.56,58.0,1566.6,6,No,Delivered Late,1.59
ORD-01553,2023-10-10,2023-10-11,2023-10-16,2023-10-16,Central India,Jabalpur,Premium_Lager_330ml,Modern Trade,WH-DEL-01,AquaPure Beverages,Road (Truck),73,196,88.2,14308,6438.6,55.0,88.27,5,Yes,Delivered On Time,1.31
ORD-01554,2023-04-18,2023-04-20,2023-04-22,2023-04-23,North India,Amritsar,Light_Beer_330ml,E-Commerce,WH-HYD-01,PackRight Solutions,Road (Truck),721,142,51.12,102382,36857.52,64.0,1011.65,2,No,Delivered On Time,1.65
ORD-01555,2024-10-13,2024-10-15,2024-10-18,2024-10-17,North India,Amritsar,Stout_650ml,Modern Trade,WH-HYD-01,GrainSource Ltd,Road (Mini-Truck),473,220,110.0,104060,52030.0,50.0,1148.89,3,No,Delivered Late,1.49
ORD-01556,2023-06-20,2023-06-22,2023-06-26,2023-06-26,South India,Hyderabad,Premium_Lager_330ml,General Trade,WH-DEL-01,AquaPure Beverages,Road (Truck),423,217,97.65,91791,41305.95,55.0,437.35,4,Yes,Delivered On Time,1.07
ORD-01557,2024-03-01,2024-03-02,2024-03-05,2024-03-07,Central India,Bhopal,Strong_Beer_500ml,General Trade,WH-KOL-01,HopCo Supplies,Road (Truck),85,182,78.26,15470,6652.1,57.0,209.02,3,Yes,Delivered On Time,1.34
ORD-01558,2023-05-04,2023-05-06,2023-05-09,2023-05-10,South India,Chennai,Strong_Beer_500ml,E-Commerce,WH-BLR-01,BrewMalt India,Road (Truck),315,175,75.25,55125,23703.75,57.0,551.7,3,Yes,Delivered On Time,1.06
ORD-01559,2024-07-16,2024-07-18,2024-07-21,2024-07-21,North India,Lucknow,Light_Beer_330ml,On-Premise (Bar/Restaurant),WH-HYD-01,GrainSource Ltd,Road (Truck),158,144,51.84,22752,8190.72,64.0,301.35,3,Yes,Delivered On Time,0.69
ORD-01560,2023-05-05,2023-05-08,2023-05-12,2023-05-11,South India,Chennai,Wheat_330ml,E-Commerce,WH-MUM-01,GrainSource Ltd,Road (Truck),70,165,62.7,11550,4389.0,62.0,156.78,4,No,Delivered Late,1.02
ORD-01561,2024-01-01,2024-01-02,2024-01-04,2024-01-05,West India,Surat,Lager_500ml,E-Commerce,WH-KOL-01,HopCo Supplies,Road (Mini-Truck),337,192,80.64,64704,27175.68,58.0,803.27,2,No,Delivered On Time,0.92
ORD-01562,2023-05-29,2023-05-31,2023-06-05,2023-06-05,North India,Chandigarh,Lager_500ml,Modern Trade,WH-KOL-01,PackRight Solutions,Rail Freight,53,185,77.7,9805,4118.1,58.0,130.63,5,Yes,Delivered On Time,1.02
ORD-01563,2023-08-16,2023-08-18,2023-08-22,2023-08-22,East India,Bhubaneswar,Stout_650ml,General Trade,WH-DEL-01,BrewMalt India,Road (Mini-Truck),145,227,113.5,32915,16457.5,50.0,118.52,4,Yes,Delivered On Time,0.74
ORD-01564,2023-08-23,2023-08-25,2023-08-28,2023-08-28,West India,Nagpur,Light_Beer_330ml,Modern Trade,WH-DEL-01,PackRight Solutions,Road (Truck),61,141,50.76,8601,3096.36,64.0,127.99,3,Yes,Delivered On Time,0.61
ORD-01565,2024-09-21,2024-09-22,2024-09-23,2024-09-25,West India,Ahmedabad,IPA_330ml,General Trade,WH-MUM-01,GrainSource Ltd,Road (Mini-Truck),196,159,63.6,31164,12465.6,60.0,430.09,1,Yes,Delivered On Time,1.16
ORD-01566,2024-08-22,2024-08-23,2024-08-26,2024-08-27,West India,Surat,Stout_650ml,General Trade,WH-KOL-01,BrewMalt India,Road (Truck),390,240,120.0,93600,46800.0,50.0,524.79,3,Yes,Delivered On Time,0.8
ORD-01567,2023-12-04,2023-12-05,2023-12-12,2023-12-12,South India,Mysuru,Light_Beer_330ml,Modern Trade,WH-KOL-01,GrainSource Ltd,Rail Freight,191,137,49.32,26167,9420.12,64.0,184.77,7,Yes,Delivered On Time,1.62
ORD-01568,2023-08-21,2023-08-22,2023-08-27,2023-08-28,East India,Bhubaneswar,IPA_330ml,Modern Trade,WH-HYD-01,GrainSource Ltd,Road (Truck),46,154,61.6,7084,2833.6,60.0,102.69,5,Yes,Delivered On Time,0.78
ORD-01569,2024-01-02,2024-01-03,2024-01-07,2024-01-09,East India,Guwahati,Light_Beer_330ml,E-Commerce,WH-KOL-01,AquaPure Beverages,Road (Truck),93,130,46.8,12090,4352.4,64.0,93.77,4,Yes,Delivered On Time,0.92
ORD-01570,2023-03-04,2023-03-05,2023-03-09,2023-03-10,East India,Guwahati,Premium_Lager_330ml,General Trade,WH-KOL-01,AquaPure Beverages,Road (Mini-Truck),415,200,90.0,83000,37350.0,55.0,463.02,4,Yes,Delivered On Time,1.39
ORD-01571,2024-12-23,2024-12-24,2024-12-31,2025-01-01,East India,Kolkata,Light_Beer_330ml,On-Premise (Bar/Restaurant),WH-HYD-01,AquaPure Beverages,Rail Freight,210,142,51.12,29820,10735.2,64.0,443.1,7,Yes,Delivered On Time,1.48
ORD-01572,2023-11-04,2023-11-05,2023-11-07,2023-11-09,Central India,Jabalpur,Wheat_330ml,E-Commerce,WH-MUM-01,HopCo Supplies,Road (Mini-Truck),474,153,58.14,72522,27558.36,62.0,1098.27,2,Yes,Delivered On Time,1.7
ORD-01573,2024-07-15,2024-07-16,2024-07-19,2024-07-21,South India,Kochi,Lager_500ml,General Trade,WH-BLR-01,PackRight Solutions,Road (Truck),214,185,77.7,39590,16627.8,58.0,250.47,3,Yes,Delivered On Time,0.84
ORD-01574,2024-11-18,2024-11-19,2024-11-23,2024-11-23,West India,Nagpur,Light_Beer_330ml,E-Commerce,WH-HYD-01,HopCo Supplies,Road (Truck),723,138,49.68,99774,35918.64,64.0,1305.19,4,No,Delivered On Time,1.58
ORD-01575,2023-09-23,2023-09-24,2023-09-28,2023-09-28,South India,Bengaluru,Strong_Beer_500ml,On-Premise (Bar/Restaurant),WH-BLR-01,HopCo Supplies,Road (Mini-Truck),407,165,70.95,67155,28876.65,57.0,425.78,4,Yes,Delivered On Time,0.9
ORD-01576,2024-04-05,2024-04-06,2024-04-08,2024-04-10,Central India,Jabalpur,Strong_Beer_500ml,Modern Trade,WH-BLR-01,AquaPure Beverages,Road (Mini-Truck),266,189,81.27,50274,21617.82,57.0,358.26,2,Yes,Delivered On Time,1.47
ORD-01577,2023-12-19,2023-12-20,2023-12-22,2023-12-23,North India,Jaipur,Premium_Lager_330ml,E-Commerce,WH-KOL-01,PackRight Solutions,Road (Mini-Truck),382,217,97.65,82894,37302.3,55.0,845.36,2,Yes,Delivered On Time,1.4
ORD-01578,2024-02-17,2024-02-18,2024-02-22,2024-02-24,East India,Bhubaneswar,Light_Beer_330ml,General Trade,WH-KOL-01,HopCo Supplies,Road (Truck),129,144,51.84,18576,6687.36,64.0,141.67,4,Yes,Delivered On Time,1.12
ORD-01579,2024-10-28,2024-10-29,2024-11-03,2024-11-04,West India,Mumbai,Lager_500ml,Modern Trade,WH-KOL-01,GrainSource Ltd,Rail Freight,442,189,79.38,83538,35085.96,58.0,396.58,5,Yes,Delivered On Time,1.65
ORD-01580,2024-07-19,2024-07-20,2024-07-23,2024-07-25,South India,Mysuru,Premium_Lager_330ml,On-Premise (Bar/Restaurant),WH-DEL-01,PackRight Solutions,Road (Truck),233,197,88.65,45901,20655.45,55.0,354.68,3,Yes,Delivered On Time,0.7
ORD-01581,2023-07-04,2023-07-05,2023-07-07,2023-07-09,North India,Lucknow,Premium_Lager_330ml,General Trade,WH-MUM-01,AquaPure Beverages,Road (Truck),269,215,96.75,57835,26025.75,55.0,336.91,2,No,Delivered On Time,0.79
ORD-01582,2023-01-26,2023-01-28,2023-02-03,2023-02-02,East India,Guwahati,Light_Beer_330ml,Modern Trade,WH-DEL-01,HopCo Supplies,Road (Truck),324,144,51.84,46656,16796.16,64.0,303.48,6,No,Delivered Late,1.16
ORD-01583,2023-07-23,2023-07-24,2023-07-27,2023-07-28,West India,Mumbai,Stout_650ml,Modern Trade,WH-DEL-01,BrewMalt India,Road (Truck),169,236,118.0,39884,19942.0,50.0,301.14,3,Yes,Delivered On Time,0.65
ORD-01584,2023-09-05,2023-09-06,2023-09-09,2023-09-10,West India,Pune,Premium_Lager_330ml,On-Premise (Bar/Restaurant),WH-KOL-01,GrainSource Ltd,Road (Truck),60,207,93.15,12420,5589.0,55.0,125.14,3,Yes,Delivered On Time,1.17
ORD-01585,2024-07-17,2024-07-18,2024-07-22,2024-07-23,East India,Kolkata,Wheat_330ml,On-Premise (Bar/Restaurant),WH-HYD-01,AquaPure Beverages,Road (Mini-Truck),276,159,60.42,43884,16675.92,62.0,549.58,4,Yes,Delivered On Time,0.68
ORD-01586,2023-05-01,2023-05-02,2023-05-08,2023-05-09,South India,Mysuru,Light_Beer_330ml,Modern Trade,WH-MUM-01,BrewMalt India,Rail Freight,187,141,50.76,26367,9492.12,64.0,409.36,6,Yes,Delivered On Time,1.15
ORD-01587,2023-12-06,2023-12-07,2023-12-11,2023-12-12,South India,Kochi,Strong_Beer_500ml,E-Commerce,WH-KOL-01,AquaPure Beverages,Road (Truck),459,192,82.56,88128,37895.04,57.0,527.48,4,Yes,Delivered On Time,1.63
ORD-01588,2023-01-01,2023-01-02,2023-01-06,2023-01-08,East India,Ranchi,Strong_Beer_500ml,On-Premise (Bar/Restaurant),WH-DEL-01,AquaPure Beverages,Road (Truck),345,178,76.54,61410,26406.3,57.0,858.82,4,Yes,Delivered On Time,1.05
ORD-01589,2023-06-25,2023-06-26,2023-06-29,2023-06-29,North India,Lucknow,Lager_500ml,Modern Trade,WH-DEL-01,HopCo Supplies,Road (Mini-Truck),144,175,73.5,25200,10584.0,58.0,346.41,3,Yes,Delivered On Time,1.08
ORD-01590,2023-02-05,2023-02-06,2023-02-11,2023-02-10,Central India,Bhopal,Stout_650ml,On-Premise (Bar/Restaurant),WH-HYD-01,HopCo Supplies,Road (Mini-Truck),149,238,119.0,35462,17731.0,50.0,361.71,5,No,Delivered Late,1.08
ORD-01591,2023-12-06,2023-12-07,2023-12-14,2023-12-15,East India,Kolkata,Lager_500ml,General Trade,WH-BLR-01,BrewMalt India,Rail Freight,115,173,72.66,19895,8355.9,58.0,147.46,7,No,Delivered On Time,1.44
ORD-01592,2023-09-09,2023-09-11,2023-09-14,2023-09-14,South India,Kochi,Premium_Lager_330ml,On-Premise (Bar/Restaurant),WH-MUM-01,BrewMalt India,Road (Mini-Truck),127,199,89.55,25273,11372.85,55.0,193.74,3,Yes,Delivered On Time,0.96
ORD-01593,2023-10-03,2023-10-05,2023-10-08,2023-10-09,Central India,Bhopal,Stout_650ml,General Trade,WH-DEL-01,AquaPure Beverages,Road (Truck),153,215,107.5,32895,16447.5,50.0,317.83,3,Yes,Delivered On Time,1.6
ORD-01594,2023-09-06,2023-09-07,2023-09-12,2023-09-13,East India,Ranchi,Premium_Lager_330ml,General Trade,WH-DEL-01,BrewMalt India,Road (Truck),303,196,88.2,59388,26724.6,55.0,385.52,5,Yes,Delivered On Time,1.19
ORD-01595,2024-04-03,2024-04-04,2024-04-05,2024-04-07,North India,Jaipur,Wheat_330ml,On-Premise (Bar/Restaurant),WH-DEL-01,BrewMalt India,Road (Mini-Truck),658,143,54.34,94094,35755.72,62.0,1312.77,1,Yes,Delivered On Time,1.44
ORD-01596,2023-10-08,2023-10-10,2023-10-15,2023-10-15,West India,Ahmedabad,Wheat_330ml,E-Commerce,WH-MUM-01,HopCo Supplies,Rail Freight,189,161,61.18,30429,11563.02,62.0,274.29,5,Yes,Delivered On Time,1.49
ORD-01597,2023-08-23,2023-08-24,2023-08-29,2023-08-30,North India,Amritsar,IPA_330ml,Modern Trade,WH-KOL-01,HopCo Supplies,Rail Freight,208,168,67.2,34944,13977.6,60.0,261.37,5,Yes,Delivered On Time,0.61
ORD-01598,2024-12-08,2024-12-09,2024-12-13,2024-12-15,East India,Kolkata,Wheat_330ml,General Trade,WH-DEL-01,BrewMalt India,Road (Truck),304,151,57.38,45904,17443.52,62.0,642.11,4,Yes,Delivered On Time,1.39
ORD-01599,2024-03-28,2024-03-29,2024-04-02,2024-04-03,Central India,Bhopal,Stout_650ml,General Trade,WH-DEL-01,GrainSource Ltd,Road (Truck),524,224,112.0,117376,58688.0,50.0,532.2,4,Yes,Delivered On Time,1.49
ORD-01600,2024-11-22,2024-11-23,2024-11-25,2024-11-27,South India,Chennai,Lager_500ml,General Trade,WH-BLR-01,PackRight Solutions,Road (Mini-Truck),466,195,81.9,90870,38165.4,58.0,378.68,2,Yes,Delivered On Time,1.43
ORD-01601,2024-08-11,2024-08-12,2024-08-13,2024-08-15,West India,Surat,Lager_500ml,E-Commerce,WH-KOL-01,GrainSource Ltd,Road (Mini-Truck),101,198,83.16,19998,8399.16,58.0,176.64,1,Yes,Delivered On Time,0.65
ORD-01602,2024-07-09,2024-07-10,2024-07-13,2024-07-14,North India,Chandigarh,Light_Beer_330ml,Modern Trade,WH-MUM-01,GrainSource Ltd,Road (Truck),208,138,49.68,28704,10333.44,64.0,444.19,3,Yes,Delivered On Time,0.77
ORD-01603,2024-12-28,2024-12-29,2024-12-31,2025-01-02,Central India,Gwalior,Wheat_330ml,General Trade,WH-BLR-01,HopCo Supplies,Road (Mini-Truck),192,152,57.76,29184,11089.92,62.0,283.47,2,Yes,Delivered On Time,1.62
ORD-01604,2024-10-14,2024-10-15,2024-10-21,2024-10-22,Central India,Indore,Stout_650ml,On-Premise (Bar/Restaurant),WH-MUM-01,HopCo Supplies,Rail Freight,704,221,110.5,155584,77792.0,50.0,753.52,6,Yes,Delivered On Time,1.65
ORD-01605,2024-11-10,2024-11-11,2024-11-18,2024-11-17,East India,Kolkata,Light_Beer_330ml,Modern Trade,WH-HYD-01,GrainSource Ltd,Road (Truck),429,135,48.6,57915,20849.4,64.0,480.82,7,No,Delivered Late,1.67
ORD-01606,2023-10-08,2023-10-09,2023-10-12,2023-10-14,South India,Bengaluru,Lager_500ml,General Trade,WH-MUM-01,AquaPure Beverages,Road (Truck),453,188,78.96,85164,35768.88,58.0,903.14,3,Yes,Delivered On Time,1.33
ORD-01607,2024-02-13,2024-02-14,2024-02-18,2024-02-18,West India,Pune,Light_Beer_330ml,E-Commerce,WH-DEL-01,HopCo Supplies,Road (Truck),427,158,56.88,67466,24287.76,64.0,603.87,4,No,Delivered On Time,0.9
ORD-01608,2023-08-26,2023-08-27,2023-08-31,2023-09-01,South India,Bengaluru,IPA_330ml,On-Premise (Bar/Restaurant),WH-DEL-01,PackRight Solutions,Road (Truck),56,173,69.2,9688,3875.2,60.0,117.44,4,Yes,Delivered On Time,0.75
ORD-01609,2023-04-06,2023-04-07,2023-04-12,2023-04-14,Central India,Indore,Wheat_330ml,General Trade,WH-BLR-01,PackRight Solutions,Rail Freight,469,147,55.86,68943,26198.34,62.0,1144.67,5,Yes,Delivered On Time,1.33
ORD-01610,2024-02-14,2024-02-15,2024-02-20,2024-02-20,South India,Kochi,IPA_330ml,Modern Trade,WH-BLR-01,HopCo Supplies,Road (Truck),372,173,69.2,64356,25742.4,60.0,573.28,5,Yes,Delivered On Time,0.93
ORD-01611,2023-11-30,2023-12-01,2023-12-03,2023-12-05,West India,Ahmedabad,Wheat_330ml,On-Premise (Bar/Restaurant),WH-DEL-01,HopCo Supplies,Road (Truck),191,146,55.48,27886,10596.68,62.0,366.79,2,Yes,Delivered On Time,1.39
ORD-01612,2024-10-20,2024-10-21,2024-10-23,2024-10-25,North India,Lucknow,Light_Beer_330ml,General Trade,WH-KOL-01,HopCo Supplies,Road (Truck),611,138,49.68,84318,30354.48,64.0,631.33,2,Yes,Delivered On Time,1.67
ORD-01613,2023-07-21,2023-07-22,2023-07-25,2023-07-26,North India,Jaipur,Stout_650ml,On-Premise (Bar/Restaurant),WH-BLR-01,BrewMalt India,Road (Truck),203,225,112.5,45675,22837.5,50.0,490.6,3,Yes,Delivered On Time,0.71
ORD-01614,2024-09-30,2024-10-02,2024-10-06,2024-10-05,West India,Pune,Light_Beer_330ml,On-Premise (Bar/Restaurant),WH-HYD-01,PackRight Solutions,Road (Truck),558,138,49.68,77004,27721.44,64.0,541.34,4,No,In Transit,1.19
ORD-01615,2023-07-13,2023-07-14,2023-07-15,2023-07-17,West India,Mumbai,Lager_500ml,E-Commerce,WH-HYD-01,GrainSource Ltd,Road (Mini-Truck),260,175,73.5,45500,19110.0,58.0,404.82,1,Yes,Delivered On Time,0.64
ORD-01616,2023-12-20,2023-12-21,2023-12-27,2023-12-27,East India,Kolkata,Light_Beer_330ml,E-Commerce,WH-MUM-01,BrewMalt India,Road (Truck),324,155,55.8,50220,18079.2,64.0,506.31,6,Yes,Delivered On Time,1.47
ORD-01617,2023-08-19,2023-08-20,2023-08-24,2023-08-25,South India,Hyderabad,Light_Beer_330ml,On-Premise (Bar/Restaurant),WH-HYD-01,HopCo Supplies,Road (Truck),302,134,48.24,40468,14568.48,64.0,481.67,4,Yes,Delivered On Time,0.69
ORD-01618,2023-01-04,2023-01-06,2023-01-09,2023-01-09,Central India,Jabalpur,Strong_Beer_500ml,On-Premise (Bar/Restaurant),WH-DEL-01,GrainSource Ltd,Road (Mini-Truck),179,181,77.83,32399,13931.57,57.0,368.97,3,Yes,Delivered On Time,1.08
ORD-01619,2024-08-27,2024-08-28,2024-09-02,2024-09-02,South India,Bengaluru,IPA_330ml,On-Premise (Bar/Restaurant),WH-MUM-01,AquaPure Beverages,Road (Truck),357,175,70.0,62475,24990.0,60.0,332.73,5,Yes,Delivered On Time,0.75
ORD-01620,2024-04-11,2024-04-12,2024-04-15,2024-04-16,North India,Chandigarh,IPA_330ml,E-Commerce,WH-DEL-01,PackRight Solutions,Road (Truck),475,158,63.2,75050,30020.0,60.0,682.96,3,Yes,Delivered On Time,1.5
ORD-01621,2023-05-15,2023-05-16,2023-05-21,2023-05-22,West India,Ahmedabad,IPA_330ml,On-Premise (Bar/Restaurant),WH-KOL-01,BrewMalt India,Rail Freight,272,174,69.6,47328,18931.2,60.0,663.67,5,Yes,Delivered On Time,1.1
ORD-01622,2024-06-13,2024-06-15,2024-06-19,2024-06-20,East India,Patna,Strong_Beer_500ml,Modern Trade,WH-HYD-01,PackRight Solutions,Road (Truck),383,166,71.38,63578,27338.54,57.0,759.42,4,Yes,Delivered On Time,1.12
ORD-01623,2024-04-10,2024-04-11,2024-04-14,2024-04-15,North India,Delhi,Light_Beer_330ml,On-Premise (Bar/Restaurant),WH-BLR-01,AquaPure Beverages,Road (Truck),745,147,52.92,109515,39425.4,64.0,1117.67,3,Yes,Delivered On Time,1.56
ORD-01624,2024-03-11,2024-03-12,2024-03-15,2024-03-16,North India,Chandigarh,Lager_500ml,General Trade,WH-MUM-01,AquaPure Beverages,Road (Truck),269,176,73.92,47344,19884.48,58.0,311.69,3,Yes,Delivered On Time,1.54
ORD-01625,2024-03-06,2024-03-08,2024-03-10,2024-03-10,West India,Mumbai,Premium_Lager_330ml,General Trade,WH-MUM-01,PackRight Solutions,Road (Mini-Truck),713,205,92.25,146165,65774.25,55.0,1315.0,2,Yes,Delivered On Time,1.46
ORD-01626,2023-12-04,2023-12-05,2023-12-08,2023-12-09,West India,Nagpur,Strong_Beer_500ml,E-Commerce,WH-BLR-01,GrainSource Ltd,Road (Truck),726,191,82.13,138666,59626.38,57.0,1092.64,3,Yes,Delivered On Time,1.57
ORD-01627,2023-11-19,2023-11-21,2023-11-26,2023-11-25,South India,Mysuru,Strong_Beer_500ml,E-Commerce,WH-KOL-01,BrewMalt India,Road (Truck),609,175,75.25,106575,45827.25,57.0,631.11,5,No,Delivered Late,1.62
ORD-01628,2024-02-16,2024-02-17,2024-02-20,2024-02-21,West India,Mumbai,Stout_650ml,E-Commerce,WH-DEL-01,AquaPure Beverages,Road (Truck),303,210,105.0,63630,31815.0,50.0,635.18,3,Yes,Delivered On Time,1.1
ORD-01629,2024-08-17,2024-08-18,2024-08-22,2024-08-23,South India,Mysuru,Strong_Beer_500ml,Modern Trade,WH-KOL-01,PackRight Solutions,Road (Truck),331,191,82.13,63221,27185.03,57.0,583.65,4,Yes,Delivered On Time,0.75
ORD-01630,2023-07-28,2023-07-29,2023-08-01,2023-08-02,South India,Kochi,Lager_500ml,General Trade,WH-KOL-01,GrainSource Ltd,Road (Mini-Truck),133,184,77.28,24472,10278.24,58.0,227.11,3,Yes,Delivered On Time,0.79
ORD-01631,2023-01-31,2023-02-01,2023-02-07,2023-02-06,Central India,Raipur,Wheat_330ml,E-Commerce,WH-HYD-01,HopCo Supplies,Road (Truck),389,158,60.04,61462,23355.56,62.0,757.29,6,No,In Transit,0.96
ORD-01632,2024-08-02,2024-08-03,2024-08-08,2024-08-09,East India,Patna,Strong_Beer_500ml,Modern Trade,WH-DEL-01,PackRight Solutions,Road (Truck),198,179,76.97,35442,15240.06,57.0,366.06,5,Yes,Delivered On Time,0.75
ORD-01633,2024-06-27,2024-06-28,2024-06-29,2024-06-30,West India,Pune,Lager_500ml,On-Premise (Bar/Restaurant),WH-BLR-01,HopCo Supplies,Air Freight,179,177,74.34,31683,13306.86,58.0,343.64,1,Yes,Delivered On Time,0.95
ORD-01634,2023-04-25,2023-04-27,2023-04-29,2023-04-29,North India,Lucknow,Light_Beer_330ml,Modern Trade,WH-KOL-01,HopCo Supplies,Road (Mini-Truck),451,157,56.52,70807,25490.52,64.0,852.17,2,Yes,Delivered On Time,1.47
ORD-01635,2023-09-16,2023-09-17,2023-09-19,2023-09-21,North India,Chandigarh,Strong_Beer_500ml,Modern Trade,WH-DEL-01,GrainSource Ltd,Road (Truck),402,194,83.42,77988,33534.84,57.0,670.82,2,Yes,Delivered On Time,1.16
ORD-01636,2024-09-05,2024-09-06,2024-09-09,2024-09-10,North India,Lucknow,IPA_330ml,Modern Trade,WH-DEL-01,PackRight Solutions,Road (Truck),310,170,68.0,52700,21080.0,60.0,264.38,3,Yes,Delivered On Time,1.19
ORD-01637,2023-06-03,2023-06-04,2023-06-06,2023-06-08,North India,Amritsar,Strong_Beer_500ml,Modern Trade,WH-KOL-01,GrainSource Ltd,Road (Truck),378,195,83.85,73710,31695.3,57.0,492.6,2,Yes,Delivered On Time,1.06
ORD-01638,2024-06-12,2024-06-13,2024-06-17,2024-06-18,Central India,Raipur,Light_Beer_330ml,Modern Trade,WH-DEL-01,GrainSource Ltd,Road (Truck),363,160,57.6,58080,20908.8,64.0,578.54,4,Yes,Delivered On Time,1.05
ORD-01639,2024-12-02,2024-12-04,2024-12-10,2024-12-09,North India,Delhi,IPA_330ml,Modern Trade,WH-KOL-01,BrewMalt India,Rail Freight,478,178,71.2,85084,34033.6,60.0,700.87,6,No,Delivered Late,1.34
ORD-01640,2023-05-03,2023-05-05,2023-05-11,2023-05-09,Central India,Bhopal,Premium_Lager_330ml,General Trade,WH-DEL-01,GrainSource Ltd,Road (Truck),390,214,96.3,83460,37557.0,55.0,897.01,6,No,Delivered Late,1.04
ORD-01641,2023-12-09,2023-12-11,2023-12-16,2023-12-15,East India,Bhubaneswar,Stout_650ml,E-Commerce,WH-MUM-01,HopCo Supplies,Road (Mini-Truck),676,236,118.0,159536,79768.0,50.0,1398.54,5,No,Delivered Late,1.7
ORD-01642,2023-01-20,2023-01-21,2023-01-26,2023-01-27,East India,Bhubaneswar,Strong_Beer_500ml,On-Premise (Bar/Restaurant),WH-MUM-01,GrainSource Ltd,Road (Truck),139,195,83.85,27105,11655.15,57.0,241.48,5,Yes,Delivered On Time,1.08
ORD-01643,2024-10-26,2024-10-28,2024-10-31,2024-10-31,Central India,Jabalpur,IPA_330ml,Modern Trade,WH-MUM-01,GrainSource Ltd,Road (Mini-Truck),80,154,61.6,12320,4928.0,60.0,82.08,3,Yes,Delivered On Time,1.6
ORD-01644,2023-03-23,2023-03-24,2023-03-28,2023-03-28,North India,Chandigarh,Stout_650ml,General Trade,WH-KOL-01,HopCo Supplies,Road (Truck),737,224,112.0,165088,82544.0,50.0,609.98,4,Yes,Delivered On Time,1.58
ORD-01645,2024-08-06,2024-08-07,2024-08-10,2024-08-11,West India,Ahmedabad,Light_Beer_330ml,General Trade,WH-DEL-01,HopCo Supplies,Road (Truck),216,137,49.32,29592,10653.12,64.0,323.76,3,Yes,Delivered On Time,0.71
ORD-01646,2024-04-19,2024-04-20,2024-04-24,2024-04-25,South India,Chennai,IPA_330ml,Modern Trade,WH-KOL-01,PackRight Solutions,Road (Truck),568,166,66.4,94288,37715.2,60.0,1015.87,4,Yes,Delivered On Time,1.54
ORD-01647,2024-06-21,2024-06-22,2024-06-25,2024-06-26,West India,Pune,Wheat_330ml,Modern Trade,WH-BLR-01,BrewMalt India,Road (Truck),136,170,64.6,23120,8785.6,62.0,205.2,3,Yes,Delivered On Time,1.02
ORD-01648,2023-12-20,2023-12-22,2023-12-25,2023-12-25,West India,Nagpur,Premium_Lager_330ml,E-Commerce,WH-MUM-01,PackRight Solutions,Road (Truck),510,219,98.55,111690,50260.5,55.0,917.79,3,Yes,Delivered On Time,1.45
ORD-01649,2024-02-14,2024-02-15,2024-02-18,2024-02-19,Central India,Indore,Wheat_330ml,On-Premise (Bar/Restaurant),WH-HYD-01,BrewMalt India,Road (Mini-Truck),307,162,61.56,49734,18898.92,62.0,653.2,3,Yes,Delivered On Time,1.07
ORD-01650,2024-06-19,2024-06-21,2024-06-27,2024-06-26,East India,Kolkata,Wheat_330ml,On-Premise (Bar/Restaurant),WH-HYD-01,HopCo Supplies,Road (Truck),546,148,56.24,80808,30707.04,62.0,926.78,6,No,Delivered Late,1.18
ORD-01651,2023-01-05,2023-01-06,2023-01-12,2023-01-11,Central India,Bhopal,Wheat_330ml,General Trade,WH-KOL-01,PackRight Solutions,Road (Truck),231,149,56.62,34419,13079.22,62.0,242.45,6,No,In Transit,1.17
ORD-01652,2024-07-31,2024-08-01,2024-08-06,2024-08-07,North India,Chandigarh,Strong_Beer_500ml,General Trade,WH-DEL-01,PackRight Solutions,Rail Freight,125,168,72.24,21000,9030.0,57.0,168.3,5,Yes,Delivered On Time,0.62
ORD-01653,2024-01-28,2024-01-29,2024-02-03,2024-02-04,West India,Pune,Lager_500ml,E-Commerce,WH-BLR-01,PackRight Solutions,Rail Freight,425,195,81.9,82875,34807.5,58.0,348.21,5,Yes,Delivered On Time,0.99
ORD-01654,2023-08-26,2023-08-27,2023-09-01,2023-09-01,South India,Bengaluru,Premium_Lager_330ml,General Trade,WH-MUM-01,PackRight Solutions,Road (Truck),181,203,91.35,36743,16534.35,55.0,435.05,5,Yes,Delivered On Time,0.61
ORD-01655,2023-05-15,2023-05-16,2023-05-20,2023-05-21,Central India,Jabalpur,Wheat_330ml,Modern Trade,WH-BLR-01,AquaPure Beverages,Road (Truck),107,155,58.9,16585,6302.3,62.0,167.19,4,Yes,Delivered On Time,1.16
ORD-01656,2024-05-06,2024-05-08,2024-05-11,2024-05-11,West India,Mumbai,Premium_Lager_330ml,E-Commerce,WH-HYD-01,BrewMalt India,Road (Truck),418,210,94.5,87780,39501.0,55.0,938.11,3,Yes,Delivered On Time,0.95
ORD-01657,2024-12-28,2024-12-29,2025-01-02,2025-01-04,East India,Bhubaneswar,Light_Beer_330ml,On-Premise (Bar/Restaurant),WH-KOL-01,AquaPure Beverages,Road (Truck),226,160,57.6,36160,13017.6,64.0,302.11,4,Yes,Delivered On Time,1.37
ORD-01658,2024-10-19,2024-10-20,2024-10-23,2024-10-24,North India,Delhi,Lager_500ml,E-Commerce,WH-KOL-01,HopCo Supplies,Road (Truck),416,181,76.02,75296,31624.32,58.0,871.54,3,Yes,Delivered On Time,1.37
ORD-01659,2024-08-20,2024-08-21,2024-08-23,2024-08-24,North India,Lucknow,Strong_Beer_500ml,On-Premise (Bar/Restaurant),WH-HYD-01,GrainSource Ltd,Road (Mini-Truck),64,183,78.69,11712,5036.16,57.0,55.59,2,Yes,Delivered On Time,0.75
ORD-01660,2023-10-21,2023-10-22,2023-10-28,2023-10-29,South India,Hyderabad,Light_Beer_330ml,On-Premise (Bar/Restaurant),WH-BLR-01,AquaPure Beverages,Rail Freight,76,154,55.44,11704,4213.44,64.0,184.67,6,Yes,Delivered On Time,1.52
ORD-01661,2024-04-26,2024-04-27,2024-04-29,2024-05-01,South India,Chennai,Stout_650ml,Modern Trade,WH-DEL-01,PackRight Solutions,Road (Mini-Truck),130,234,117.0,30420,15210.0,50.0,111.54,2,Yes,Delivered On Time,1.47
ORD-01662,2024-08-30,2024-08-31,2024-09-09,2024-09-08,East India,Kolkata,IPA_330ml,General Trade,WH-MUM-01,GrainSource Ltd,Rail Freight,129,161,64.4,20769,8307.6,60.0,225.64,9,No,Delivered Late,0.69
ORD-01663,2023-04-08,2023-04-09,2023-04-12,2023-04-13,Central India,Bhopal,Stout_650ml,On-Premise (Bar/Restaurant),WH-HYD-01,HopCo Supplies,Road (Mini-Truck),682,224,112.0,152768,76384.0,50.0,1321.33,3,Yes,Delivered On Time,1.43
ORD-01664,2023-01-03,2023-01-04,2023-01-11,2023-01-11,Central India,Bhopal,IPA_330ml,Modern Trade,WH-KOL-01,GrainSource Ltd,Rail Freight,50,168,67.2,8400,3360.0,60.0,66.48,7,Yes,Delivered On Time,0.92
ORD-01665,2024-12-29,2024-12-31,2025-01-01,2025-01-02,North India,Amritsar,Stout_650ml,Modern Trade,WH-MUM-01,HopCo Supplies,Road (Mini-Truck),214,212,106.0,45368,22684.0,50.0,310.4,1,Yes,Delivered On Time,1.52
ORD-01666,2024-12-01,2024-12-02,2024-12-04,2024-12-05,North India,Lucknow,Premium_Lager_330ml,On-Premise (Bar/Restaurant),WH-HYD-01,AquaPure Beverages,Road (Mini-Truck),623,212,95.4,132076,59434.2,55.0,511.58,2,Yes,Delivered On Time,1.68
ORD-01667,2024-01-27,2024-01-28,2024-02-01,2024-02-01,East India,Bhubaneswar,Premium_Lager_330ml,On-Premise (Bar/Restaurant),WH-DEL-01,AquaPure Beverages,Air Freight,267,212,95.4,56604,25471.8,55.0,369.08,4,Yes,Delivered On Time,0.98
ORD-01668,2023-11-04,2023-11-06,2023-11-09,2023-11-08,South India,Chennai,Lager_500ml,General Trade,WH-HYD-01,PackRight Solutions,Air Freight,84,186,78.12,15624,6562.08,58.0,136.8,3,No,Delivered Late,1.41
ORD-01669,2024-11-26,2024-11-27,2024-12-01,2024-12-02,Central India,Gwalior,IPA_330ml,Modern Trade,WH-HYD-01,GrainSource Ltd,Road (Truck),566,172,68.8,97352,38940.8,60.0,1119.37,4,Yes,Delivered On Time,1.59
ORD-01670,2024-01-23,2024-01-24,2024-01-30,2024-01-31,South India,Bengaluru,Lager_500ml,General Trade,WH-MUM-01,AquaPure Beverages,Rail Freight,205,187,78.54,38335,16100.7,58.0,220.81,6,Yes,Delivered On Time,0.93
ORD-01671,2024-02-17,2024-02-18,2024-02-23,2024-02-22,South India,Chennai,Strong_Beer_500ml,Modern Trade,WH-DEL-01,AquaPure Beverages,Road (Mini-Truck),256,190,81.7,48640,20915.2,57.0,466.19,5,No,Delivered Late,0.91
ORD-01672,2023-10-31,2023-11-01,2023-11-04,2023-11-04,North India,Jaipur,IPA_330ml,On-Premise (Bar/Restaurant),WH-BLR-01,HopCo Supplies,Road (Mini-Truck),606,180,72.0,109080,43632.0,60.0,1184.21,3,Yes,Delivered On Time,1.49
ORD-01673,2023-03-17,2023-03-18,2023-03-22,2023-03-23,South India,Bengaluru,IPA_330ml,Modern Trade,WH-BLR-01,AquaPure Beverages,Road (Truck),559,160,64.0,89440,35776.0,60.0,1200.48,4,Yes,Delivered On Time,1.63
ORD-01674,2024-12-20,2024-12-21,2024-12-24,2024-12-25,West India,Pune,Light_Beer_330ml,E-Commerce,WH-MUM-01,BrewMalt India,Road (Truck),387,159,57.24,61533,22151.88,64.0,802.39,3,Yes,Delivered On Time,1.6
ORD-01675,2024-07-22,2024-07-24,2024-07-28,2024-07-28,Central India,Raipur,Lager_500ml,General Trade,WH-BLR-01,BrewMalt India,Road (Truck),43,176,73.92,7568,3178.56,58.0,102.25,4,Yes,Delivered On Time,0.83
ORD-01676,2023-01-09,2023-01-10,2023-01-13,2023-01-14,West India,Pune,Lager_500ml,E-Commerce,WH-KOL-01,BrewMalt India,Road (Truck),117,193,81.06,22581,9484.02,58.0,178.92,3,Yes,Delivered On Time,1.01
ORD-01677,2024-08-23,2024-08-24,2024-08-30,2024-08-31,Central India,Gwalior,Premium_Lager_330ml,Modern Trade,WH-DEL-01,HopCo Supplies,Rail Freight,67,195,87.75,13065,5879.25,55.0,69.91,6,Yes,Delivered On Time,0.61
ORD-01678,2024-04-16,2024-04-17,2024-04-19,2024-04-20,North India,Amritsar,Stout_650ml,On-Premise (Bar/Restaurant),WH-MUM-01,HopCo Supplies,Road (Mini-Truck),545,224,112.0,122080,61040.0,50.0,968.25,2,Yes,Delivered On Time,1.6
ORD-01679,2024-04-19,2024-04-20,2024-04-23,2024-04-24,West India,Mumbai,Lager_500ml,E-Commerce,WH-DEL-01,PackRight Solutions,Road (Truck),672,200,84.0,134400,56448.0,58.0,1464.45,3,Yes,Delivered On Time,1.44
ORD-01680,2023-10-16,2023-10-17,2023-10-18,2023-10-20,South India,Bengaluru,Stout_650ml,On-Premise (Bar/Restaurant),WH-HYD-01,PackRight Solutions,Air Freight,344,217,108.5,74648,37324.0,50.0,603.31,1,Yes,Delivered On Time,1.58
ORD-01681,2023-10-17,2023-10-18,2023-10-21,2023-10-23,Central India,Jabalpur,Stout_650ml,On-Premise (Bar/Restaurant),WH-HYD-01,BrewMalt India,Road (Truck),404,222,111.0,89688,44844.0,50.0,578.0,3,Yes,Delivered On Time,1.6
ORD-01682,2024-01-25,2024-01-26,2024-01-28,2024-01-29,West India,Nagpur,IPA_330ml,Modern Trade,WH-BLR-01,BrewMalt India,Road (Mini-Truck),418,163,65.2,68134,27253.6,60.0,719.38,2,Yes,Delivered On Time,0.9
ORD-01683,2024-02-20,2024-02-21,2024-02-22,2024-02-24,West India,Mumbai,Stout_650ml,E-Commerce,WH-MUM-01,GrainSource Ltd,Road (Mini-Truck),135,221,110.5,29835,14917.5,50.0,114.24,1,Yes,Delivered On Time,0.9
ORD-01684,2024-10-12,2024-10-14,2024-10-17,2024-10-17,South India,Bengaluru,Lager_500ml,E-Commerce,WH-MUM-01,PackRight Solutions,Road (Mini-Truck),446,185,77.7,82510,34654.2,58.0,756.04,3,Yes,Delivered On Time,1.68
ORD-01685,2023-08-03,2023-08-04,2023-08-07,2023-08-08,North India,Chandigarh,Wheat_330ml,General Trade,WH-BLR-01,GrainSource Ltd,Road (Truck),143,149,56.62,21307,8096.66,62.0,349.87,3,Yes,Delivered On Time,0.66
ORD-01686,2023-11-23,2023-11-25,2023-11-27,2023-11-28,South India,Bengaluru,Strong_Beer_500ml,On-Premise (Bar/Restaurant),WH-KOL-01,PackRight Solutions,Road (Mini-Truck),179,183,78.69,32757,14085.51,57.0,302.87,2,Yes,Delivered On Time,1.59
ORD-01687,2024-03-15,2024-03-16,2024-03-20,2024-03-20,Central India,Jabalpur,IPA_330ml,On-Premise (Bar/Restaurant),WH-KOL-01,PackRight Solutions,Road (Mini-Truck),161,167,66.8,26887,10754.8,60.0,264.25,4,Yes,Delivered On Time,1.43
ORD-01688,2023-02-20,2023-02-21,2023-02-24,2023-02-24,West India,Surat,Premium_Lager_330ml,Modern Trade,WH-BLR-01,GrainSource Ltd,Road (Mini-Truck),196,213,95.85,41748,18786.6,55.0,186.36,3,Yes,Delivered On Time,1.13
ORD-01689,2023-01-27,2023-01-28,2023-01-31,2023-02-02,South India,Bengaluru,Light_Beer_330ml,Modern Trade,WH-HYD-01,PackRight Solutions,Road (Truck),292,145,52.2,42340,15242.4,64.0,576.22,3,Yes,Delivered On Time,1.08
ORD-01690,2024-02-19,2024-02-21,2024-02-24,2024-02-23,West India,Pune,Light_Beer_330ml,General Trade,WH-MUM-01,AquaPure Beverages,Road (Mini-Truck),69,135,48.6,9315,3353.4,64.0,150.86,3,No,Delivered Late,0.99
ORD-01691,2024-04-29,2024-04-30,2024-05-03,2024-05-04,West India,Nagpur,Light_Beer_330ml,General Trade,WH-BLR-01,HopCo Supplies,Road (Truck),614,159,57.24,97626,35145.36,64.0,844.16,3,Yes,Delivered On Time,1.67
ORD-01692,2023-09-15,2023-09-16,2023-09-17,2023-09-19,North India,Lucknow,Wheat_330ml,General Trade,WH-DEL-01,GrainSource Ltd,Road (Mini-Truck),55,142,53.96,7810,2967.8,62.0,60.38,1,Yes,Delivered On Time,1.11
ORD-01693,2024-09-11,2024-09-12,2024-09-17,2024-09-17,East India,Bhubaneswar,Wheat_330ml,On-Premise (Bar/Restaurant),WH-KOL-01,BrewMalt India,Road (Mini-Truck),136,168,63.84,22848,8682.24,62.0,298.36,5,Yes,Delivered On Time,1.08
ORD-01694,2023-02-28,2023-03-01,2023-03-08,2023-03-09,East India,Patna,Strong_Beer_500ml,On-Premise (Bar/Restaurant),WH-MUM-01,HopCo Supplies,Rail Freight,322,175,75.25,56350,24230.5,57.0,368.03,7,Yes,Delivered On Time,1.17
ORD-01695,2023-08-07,2023-08-08,2023-08-11,2023-08-10,North India,Delhi,Lager_500ml,E-Commerce,WH-BLR-01,AquaPure Beverages,Air Freight,110,194,81.48,21340,8962.8,58.0,111.99,3,No,Delivered Late,0.77
ORD-01696,2024-06-02,2024-06-03,2024-06-07,2024-06-07,West India,Surat,Wheat_330ml,General Trade,WH-DEL-01,AquaPure Beverages,Road (Truck),74,170,64.6,12580,4780.4,62.0,62.76,4,Yes,Delivered On Time,1.11
ORD-01697,2023-02-05,2023-02-06,2023-02-10,2023-02-10,North India,Lucknow,Premium_Lager_330ml,On-Premise (Bar/Restaurant),WH-DEL-01,BrewMalt India,Road (Truck),210,195,87.75,40950,18427.5,55.0,270.7,4,Yes,Delivered On Time,1.0
ORD-01698,2023-10-04,2023-10-05,2023-10-11,2023-10-11,West India,Ahmedabad,Strong_Beer_500ml,Modern Trade,WH-MUM-01,AquaPure Beverages,Rail Freight,499,192,82.56,95808,41197.44,57.0,540.87,6,Yes,Delivered On Time,1.31
ORD-01699,2023-01-15,2023-01-16,2023-01-22,2023-01-22,West India,Pune,Stout_650ml,Modern Trade,WH-KOL-01,AquaPure Beverages,Rail Freight,201,232,116.0,46632,23316.0,50.0,282.73,6,Yes,Delivered On Time,1.15
ORD-01700,2023-10-01,2023-10-02,2023-10-05,2023-10-07,East India,Guwahati,Strong_Beer_500ml,Modern Trade,WH-BLR-01,PackRight Solutions,Road (Mini-Truck),426,185,79.55,78810,33888.3,57.0,1051.2,3,Yes,Delivered On Time,1.43
ORD-01701,2023-09-21,2023-09-22,2023-09-24,2023-09-25,West India,Nagpur,Light_Beer_330ml,On-Premise (Bar/Restaurant),WH-HYD-01,GrainSource Ltd,Road (Mini-Truck),443,146,52.56,64678,23284.08,64.0,591.62,2,Yes,Delivered On Time,1.08
ORD-01702,2024-03-22,2024-03-23,2024-03-30,2024-03-29,North India,Chandigarh,Premium_Lager_330ml,General Trade,WH-MUM-01,HopCo Supplies,Rail Freight,163,194,87.3,31622,14229.9,55.0,166.63,7,No,Delivered Late,1.42
ORD-01703,2023-10-23,2023-10-24,2023-10-27,2023-10-29,Central India,Gwalior,Strong_Beer_500ml,Modern Trade,WH-DEL-01,AquaPure Beverages,Road (Truck),338,172,73.96,58136,24998.48,57.0,664.03,3,Yes,Delivered On Time,1.52
ORD-01704,2024-10-14,2024-10-15,2024-10-19,2024-10-20,South India,Chennai,Wheat_330ml,On-Premise (Bar/Restaurant),WH-KOL-01,PackRight Solutions,Road (Truck),344,162,61.56,55728,21176.64,62.0,770.67,4,Yes,Delivered On Time,1.36
ORD-01705,2024-07-13,2024-07-14,2024-07-20,2024-07-19,Central India,Indore,Wheat_330ml,General Trade,WH-KOL-01,BrewMalt India,Road (Truck),60,150,57.0,9000,3420.0,62.0,53.05,6,No,Delivered Late,0.76
ORD-01706,2024-08-11,2024-08-12,2024-08-15,2024-08-17,South India,Hyderabad,Premium_Lager_330ml,On-Premise (Bar/Restaurant),WH-KOL-01,AquaPure Beverages,Road (Truck),371,220,99.0,81620,36729.0,55.0,621.81,3,Yes,Delivered On Time,0.75
ORD-01707,2024-07-08,2024-07-09,2024-07-16,2024-07-16,Central India,Raipur,Premium_Lager_330ml,E-Commerce,WH-MUM-01,BrewMalt India,Rail Freight,33,217,97.65,7161,3222.45,55.0,48.56,7,Yes,Delivered On Time,0.66
ORD-01708,2024-02-15,2024-02-16,2024-02-20,2024-02-20,North India,Amritsar,Lager_500ml,General Trade,WH-KOL-01,AquaPure Beverages,Road (Truck),94,183,76.86,17202,7224.84,58.0,184.56,4,Yes,Delivered On Time,0.94
ORD-01709,2024-01-03,2024-01-06,2024-01-10,2024-01-10,East India,Patna,IPA_330ml,E-Commerce,WH-BLR-01,BrewMalt India,Road (Truck),269,153,61.2,41157,16462.8,60.0,340.77,4,Yes,Delivered On Time,1.17
ORD-01710,2024-02-29,2024-03-01,2024-03-03,2024-03-05,North India,Jaipur,Premium_Lager_330ml,E-Commerce,WH-BLR-01,GrainSource Ltd,Road (Truck),556,194,87.3,107864,48538.8,55.0,806.45,2,Yes,Delivered On Time,1.14
ORD-01711,2023-09-24,2023-09-25,2023-10-03,2023-10-03,East India,Kolkata,Wheat_330ml,General Trade,WH-BLR-01,HopCo Supplies,Rail Freight,287,158,60.04,45346,17231.48,62.0,620.74,8,Yes,Delivered On Time,0.92
ORD-01712,2023-08-27,2023-08-29,2023-09-02,2023-09-02,South India,Mysuru,IPA_330ml,E-Commerce,WH-DEL-01,AquaPure Beverages,Road (Truck),380,165,66.0,62700,25080.0,60.0,923.08,4,Yes,Delivered On Time,0.81
ORD-01713,2023-08-06,2023-08-07,2023-08-12,2023-08-12,South India,Bengaluru,Premium_Lager_330ml,On-Premise (Bar/Restaurant),WH-BLR-01,PackRight Solutions,Road (Truck),189,191,85.95,36099,16244.55,55.0,166.79,5,Yes,Delivered On Time,0.73
ORD-01714,2024-11-15,2024-11-16,2024-11-19,2024-11-21,Central India,Indore,Lager_500ml,On-Premise (Bar/Restaurant),WH-DEL-01,PackRight Solutions,Road (Truck),532,194,81.48,103208,43347.36,58.0,964.96,3,Yes,Delivered On Time,1.53
ORD-01715,2024-07-22,2024-07-23,2024-07-24,2024-07-25,West India,Pune,Light_Beer_330ml,On-Premise (Bar/Restaurant),WH-BLR-01,BrewMalt India,Air Freight,105,141,50.76,14805,5329.8,64.0,140.72,1,Yes,Delivered On Time,0.67
ORD-01716,2024-06-05,2024-06-06,2024-06-09,2024-06-10,West India,Pune,Stout_650ml,E-Commerce,WH-KOL-01,BrewMalt India,Road (Truck),67,228,114.0,15276,7638.0,50.0,118.87,3,No,Delivered On Time,1.19
ORD-01717,2024-03-18,2024-03-19,2024-03-22,2024-03-24,East India,Ranchi,Light_Beer_330ml,Modern Trade,WH-MUM-01,HopCo Supplies,Road (Mini-Truck),542,149,53.64,80758,29072.88,64.0,1222.88,3,Yes,Delivered On Time,1.3
ORD-01718,2024-09-17,2024-09-18,2024-09-21,2024-09-22,North India,Chandigarh,Premium_Lager_330ml,General Trade,WH-BLR-01,AquaPure Beverages,Road (Truck),66,204,91.8,13464,6058.8,55.0,63.61,3,Yes,Delivered On Time,1.15
ORD-01719,2024-01-10,2024-01-11,2024-01-14,2024-01-15,West India,Surat,Stout_650ml,E-Commerce,WH-KOL-01,PackRight Solutions,Road (Truck),128,231,115.5,29568,14784.0,50.0,160.57,3,Yes,Delivered On Time,1.19
ORD-01720,2024-10-18,2024-10-19,2024-10-24,2024-10-24,South India,Chennai,Lager_500ml,General Trade,WH-HYD-01,HopCo Supplies,Road (Truck),380,192,80.64,72960,30643.2,58.0,575.5,5,Yes,Delivered On Time,1.51
ORD-01721,2024-01-21,2024-01-22,2024-01-25,2024-01-26,South India,Chennai,IPA_330ml,Modern Trade,WH-BLR-01,HopCo Supplies,Road (Mini-Truck),485,158,63.2,76630,30652.0,60.0,1153.21,3,Yes,Delivered On Time,1.11
ORD-01722,2024-08-27,2024-08-28,2024-08-31,2024-09-01,North India,Jaipur,Wheat_330ml,Modern Trade,WH-KOL-01,BrewMalt India,Road (Truck),245,169,64.22,41405,15733.9,62.0,416.59,3,No,Delivered On Time,0.65
ORD-01723,2024-01-26,2024-01-27,2024-01-29,2024-01-30,West India,Nagpur,Premium_Lager_330ml,General Trade,WH-BLR-01,AquaPure Beverages,Road (Mini-Truck),540,200,90.0,108000,48600.0,55.0,1199.43,2,Yes,Delivered On Time,1.15
ORD-01724,2024-04-30,2024-05-02,2024-05-05,2024-05-06,South India,Chennai,Wheat_330ml,E-Commerce,WH-MUM-01,AquaPure Beverages,Road (Truck),498,156,59.28,77688,29521.44,62.0,543.39,3,Yes,Delivered On Time,1.35
ORD-01725,2024-07-09,2024-07-10,2024-07-16,2024-07-17,Central India,Bhopal,Lager_500ml,E-Commerce,WH-BLR-01,PackRight Solutions,Rail Freight,212,171,71.82,36252,15225.84,58.0,524.39,6,Yes,Delivered On Time,0.76
ORD-01726,2023-11-18,2023-11-21,2023-11-27,2023-11-25,East India,Patna,Lager_500ml,E-Commerce,WH-KOL-01,AquaPure Beverages,Road (Truck),438,172,72.24,75336,31641.12,58.0,380.03,6,No,Delivered Late,1.38
ORD-01727,2023-11-25,2023-11-26,2023-11-29,2023-11-30,South India,Kochi,Premium_Lager_330ml,Modern Trade,WH-BLR-01,AquaPure Beverages,Road (Mini-Truck),118,207,93.15,24426,10991.7,55.0,247.28,3,No,Delivered On Time,1.5
ORD-01728,2024-06-08,2024-06-09,2024-06-12,2024-06-14,South India,Kochi,Light_Beer_330ml,General Trade,WH-HYD-01,BrewMalt India,Road (Truck),159,146,52.56,23214,8357.04,64.0,256.67,3,Yes,Delivered On Time,1.03
ORD-01729,2024-10-08,2024-10-09,2024-10-13,2024-10-14,South India,Chennai,Premium_Lager_330ml,E-Commerce,WH-DEL-01,PackRight Solutions,Road (Truck),576,190,85.5,109440,49248.0,55.0,1321.02,4,Yes,Delivered On Time,1.61
ORD-01730,2023-05-18,2023-05-20,2023-05-22,2023-05-23,North India,Lucknow,Premium_Lager_330ml,E-Commerce,WH-DEL-01,PackRight Solutions,Road (Truck),71,210,94.5,14910,6709.5,55.0,143.13,2,Yes,Delivered On Time,1.14
ORD-01731,2024-05-07,2024-05-08,2024-05-11,2024-05-12,North India,Delhi,Lager_500ml,E-Commerce,WH-HYD-01,PackRight Solutions,Road (Truck),396,187,78.54,74052,31101.84,58.0,467.53,3,Yes,Delivered On Time,1.13
ORD-01732,2023-11-20,2023-11-21,2023-11-24,2023-11-25,West India,Ahmedabad,Premium_Lager_330ml,E-Commerce,WH-DEL-01,HopCo Supplies,Road (Truck),397,200,90.0,79400,35730.0,55.0,846.01,3,Yes,Delivered On Time,1.32
ORD-01733,2024-03-28,2024-03-29,2024-04-05,2024-04-05,South India,Hyderabad,Stout_650ml,E-Commerce,WH-DEL-01,GrainSource Ltd,Rail Freight,140,234,117.0,32760,16380.0,50.0,163.89,7,Yes,Delivered On Time,1.39
ORD-01734,2023-02-03,2023-02-04,2023-02-09,2023-02-10,East India,Patna,Strong_Beer_500ml,Modern Trade,WH-BLR-01,PackRight Solutions,Road (Truck),382,167,71.81,63794,27431.42,57.0,785.6,5,Yes,Delivered On Time,1.01
ORD-01735,2024-06-05,2024-06-06,2024-06-11,2024-06-12,East India,Patna,Stout_650ml,Modern Trade,WH-BLR-01,BrewMalt India,Road (Truck),109,212,106.0,23108,11554.0,50.0,96.73,5,Yes,Delivered On Time,1.06
ORD-01736,2024-07-02,2024-07-03,2024-07-07,2024-07-08,South India,Chennai,Strong_Beer_500ml,On-Premise (Bar/Restaurant),WH-DEL-01,BrewMalt India,Road (Truck),91,175,75.25,15925,6847.75,57.0,155.38,4,Yes,Delivered On Time,0.85
ORD-01737,2024-07-04,2024-07-05,2024-07-07,2024-07-08,North India,Amritsar,Strong_Beer_500ml,E-Commerce,WH-KOL-01,AquaPure Beverages,Road (Mini-Truck),74,172,73.96,12728,5473.04,57.0,92.79,2,Yes,Delivered On Time,0.61
ORD-01738,2023-10-28,2023-10-30,2023-11-02,2023-11-02,Central India,Raipur,Stout_650ml,E-Commerce,WH-KOL-01,BrewMalt India,Road (Mini-Truck),575,217,108.5,124775,62387.5,50.0,1392.32,3,Yes,Delivered On Time,1.31
ORD-01739,2023-08-12,2023-08-13,2023-08-15,2023-08-17,North India,Jaipur,Wheat_330ml,General Trade,WH-HYD-01,AquaPure Beverages,Road (Truck),244,161,61.18,39284,14927.92,62.0,401.86,2,Yes,Delivered On Time,0.79
ORD-01740,2024-06-05,2024-06-06,2024-06-10,2024-06-11,South India,Mysuru,Strong_Beer_500ml,General Trade,WH-KOL-01,GrainSource Ltd,Road (Truck),342,189,81.27,64638,27794.34,57.0,756.08,4,Yes,Delivered On Time,1.02
ORD-01741,2023-08-21,2023-08-22,2023-08-26,2023-08-25,Central India,Raipur,Strong_Beer_500ml,On-Premise (Bar/Restaurant),WH-MUM-01,GrainSource Ltd,Air Freight,133,167,71.81,22211,9550.73,57.0,248.13,4,No,Delivered Late,0.66
ORD-01742,2024-04-22,2024-04-23,2024-04-28,2024-04-28,Central India,Indore,Premium_Lager_330ml,E-Commerce,WH-KOL-01,BrewMalt India,Road (Truck),336,199,89.55,66864,30088.8,55.0,490.87,5,Yes,Delivered On Time,1.66
ORD-01743,2024-05-13,2024-05-14,2024-05-21,2024-05-22,East India,Ranchi,Stout_650ml,On-Premise (Bar/Restaurant),WH-DEL-01,HopCo Supplies,Rail Freight,354,213,106.5,75402,37701.0,50.0,853.89,7,Yes,Delivered On Time,0.98
ORD-01744,2023-03-15,2023-03-18,2023-03-20,2023-03-19,North India,Amritsar,Strong_Beer_500ml,Modern Trade,WH-KOL-01,AquaPure Beverages,Road (Mini-Truck),305,193,82.99,58865,25311.95,57.0,590.17,2,No,Delivered Late,1.56
ORD-01745,2023-10-22,2023-10-24,2023-10-30,2023-10-29,North India,Amritsar,Stout_650ml,General Trade,WH-KOL-01,HopCo Supplies,Rail Freight,150,228,114.0,34200,17100.0,50.0,282.42,6,No,Delivered Late,1.31
ORD-01746,2024-10-11,2024-10-12,2024-10-14,2024-10-15,South India,Bengaluru,Light_Beer_330ml,General Trade,WH-KOL-01,BrewMalt India,Air Freight,623,130,46.8,80990,29156.4,64.0,1365.98,2,Yes,Delivered On Time,1.44
ORD-01747,2024-09-06,2024-09-07,2024-09-10,2024-09-12,Central India,Indore,IPA_330ml,E-Commerce,WH-KOL-01,AquaPure Beverages,Road (Truck),293,163,65.2,47759,19103.6,60.0,390.53,3,Yes,Delivered On Time,1.12
ORD-01748,2023-05-12,2023-05-13,2023-05-16,2023-05-17,South India,Hyderabad,Wheat_330ml,Modern Trade,WH-MUM-01,HopCo Supplies,Road (Mini-Truck),382,147,55.86,56154,21338.52,62.0,889.83,3,Yes,Delivered On Time,0.94
ORD-01749,2024-09-24,2024-09-26,2024-09-29,2024-09-29,West India,Surat,Premium_Lager_330ml,General Trade,WH-KOL-01,GrainSource Ltd,Road (Truck),109,205,92.25,22345,10055.25,55.0,204.99,3,Yes,Delivered On Time,1.12
ORD-01750,2023-08-05,2023-08-06,2023-08-08,2023-08-09,West India,Mumbai,Stout_650ml,On-Premise (Bar/Restaurant),WH-DEL-01,GrainSource Ltd,Road (Mini-Truck),322,221,110.5,71162,35581.0,50.0,454.94,2,Yes,Delivered On Time,0.66
ORD-01751,2023-09-10,2023-09-11,2023-09-15,2023-09-16,South India,Kochi,Light_Beer_330ml,Modern Trade,WH-DEL-01,AquaPure Beverages,Road (Truck),120,142,51.12,17040,6134.4,64.0,168.77,4,Yes,Delivered On Time,1.05
ORD-01752,2024-03-25,2024-03-27,2024-03-31,2024-03-31,Central India,Raipur,Stout_650ml,General Trade,WH-MUM-01,PackRight Solutions,Road (Truck),725,218,109.0,158050,79025.0,50.0,846.63,4,Yes,Delivered On Time,1.45
ORD-01753,2023-08-02,2023-08-03,2023-08-08,2023-08-09,East India,Kolkata,Wheat_330ml,On-Premise (Bar/Restaurant),WH-BLR-01,AquaPure Beverages,Road (Truck),364,170,64.6,61880,23514.4,62.0,832.65,5,Yes,Delivered On Time,0.81
ORD-01754,2024-04-25,2024-04-26,2024-04-29,2024-04-30,West India,Pune,Wheat_330ml,General Trade,WH-HYD-01,BrewMalt India,Road (Truck),270,142,53.96,38340,14569.2,62.0,555.17,3,Yes,Delivered On Time,1.6
ORD-01755,2023-04-28,2023-04-29,2023-05-04,2023-05-05,East India,Guwahati,Stout_650ml,General Trade,WH-MUM-01,BrewMalt India,Road (Truck),630,228,114.0,143640,71820.0,50.0,843.31,5,Yes,Delivered On Time,1.4
ORD-01756,2023-09-07,2023-09-08,2023-09-12,2023-09-13,South India,Bengaluru,Stout_650ml,Modern Trade,WH-HYD-01,GrainSource Ltd,Road (Truck),394,223,111.5,87862,43931.0,50.0,669.08,4,Yes,Delivered On Time,1.03
ORD-01757,2023-09-07,2023-09-08,2023-09-11,2023-09-13,Central India,Bhopal,Lager_500ml,Modern Trade,WH-HYD-01,AquaPure Beverages,Road (Truck),144,188,78.96,27072,11370.24,58.0,171.22,3,Yes,Delivered On Time,0.93
ORD-01758,2024-07-15,2024-07-16,2024-07-20,2024-07-21,Central India,Jabalpur,Wheat_330ml,Modern Trade,WH-DEL-01,GrainSource Ltd,Road (Truck),175,143,54.34,25025,9509.5,62.0,235.22,4,Yes,Delivered On Time,0.62
ORD-01759,2024-07-15,2024-07-17,2024-07-22,2024-07-21,South India,Hyderabad,Light_Beer_330ml,E-Commerce,WH-DEL-01,BrewMalt India,Road (Truck),38,134,48.24,5092,1833.12,64.0,82.64,5,No,Delivered Late,0.76
ORD-01760,2023-02-24,2023-02-27,2023-03-04,2023-03-03,East India,Patna,Wheat_330ml,General Trade,WH-DEL-01,BrewMalt India,Road (Truck),73,145,55.1,10585,4022.3,62.0,175.35,5,No,Delivered Late,0.96
ORD-01761,2023-06-07,2023-06-08,2023-06-13,2023-06-14,East India,Bhubaneswar,Wheat_330ml,On-Premise (Bar/Restaurant),WH-DEL-01,PackRight Solutions,Road (Truck),235,155,58.9,36425,13841.5,62.0,483.04,5,Yes,Delivered On Time,0.91
ORD-01762,2023-07-30,2023-07-31,2023-08-07,2023-08-07,South India,Bengaluru,Lager_500ml,E-Commerce,WH-KOL-01,GrainSource Ltd,Rail Freight,255,174,73.08,44370,18635.4,58.0,217.66,7,Yes,Delivered On Time,0.81
ORD-01763,2024-01-22,2024-01-25,2024-01-29,2024-01-28,South India,Mysuru,Wheat_330ml,General Trade,WH-MUM-01,HopCo Supplies,Road (Truck),60,143,54.34,8580,3260.4,62.0,59.61,4,No,In Transit,0.94
ORD-01764,2023-07-17,2023-07-18,2023-07-22,2023-07-23,East India,Ranchi,Stout_650ml,General Trade,WH-MUM-01,HopCo Supplies,Road (Mini-Truck),91,221,110.5,20111,10055.5,50.0,196.04,4,No,Delivered On Time,0.66
ORD-01765,2023-12-08,2023-12-09,2023-12-12,2023-12-13,South India,Mysuru,Stout_650ml,On-Premise (Bar/Restaurant),WH-KOL-01,AquaPure Beverages,Road (Mini-Truck),276,215,107.5,59340,29670.0,50.0,506.74,3,Yes,Delivered On Time,1.35
ORD-01766,2023-06-28,2023-06-29,2023-07-02,2023-07-03,North India,Lucknow,Stout_650ml,E-Commerce,WH-KOL-01,AquaPure Beverages,Road (Truck),473,235,117.5,111155,55577.5,50.0,743.31,3,Yes,Delivered On Time,1.12
ORD-01767,2023-08-26,2023-08-27,2023-08-30,2023-08-31,South India,Hyderabad,Strong_Beer_500ml,On-Premise (Bar/Restaurant),WH-MUM-01,AquaPure Beverages,Road (Mini-Truck),329,189,81.27,62181,26737.83,57.0,812.34,3,No,Delivered On Time,0.69
ORD-01768,2024-02-04,2024-02-05,2024-02-10,2024-02-11,East India,Patna,Premium_Lager_330ml,Modern Trade,WH-BLR-01,AquaPure Beverages,Road (Truck),284,215,96.75,61060,27477.0,55.0,669.5,5,Yes,Delivered On Time,1.19
ORD-01769,2024-02-19,2024-02-20,2024-02-26,2024-02-26,East India,Kolkata,Stout_650ml,E-Commerce,WH-BLR-01,AquaPure Beverages,Road (Truck),468,221,110.5,103428,51714.0,50.0,1129.4,6,Yes,Delivered On Time,1.15
ORD-01770,2024-08-17,2024-08-18,2024-08-22,2024-08-22,West India,Ahmedabad,Strong_Beer_500ml,General Trade,WH-BLR-01,GrainSource Ltd,Road (Truck),314,194,83.42,60916,26193.88,57.0,558.98,4,Yes,Delivered On Time,0.77
ORD-01771,2024-08-29,2024-08-30,2024-09-02,2024-09-04,South India,Chennai,Stout_650ml,General Trade,WH-KOL-01,AquaPure Beverages,Road (Truck),65,220,110.0,14300,7150.0,50.0,123.26,3,Yes,Delivered On Time,0.64
ORD-01772,2024-11-06,2024-11-07,2024-11-11,2024-11-12,South India,Mysuru,Wheat_330ml,On-Premise (Bar/Restaurant),WH-BLR-01,BrewMalt India,Road (Truck),465,150,57.0,69750,26505.0,62.0,392.66,4,Yes,Delivered On Time,1.41
ORD-01773,2024-10-16,2024-10-18,2024-10-21,2024-10-21,West India,Nagpur,Wheat_330ml,On-Premise (Bar/Restaurant),WH-HYD-01,GrainSource Ltd,Road (Truck),501,164,62.32,82164,31222.32,62.0,754.49,3,Yes,Delivered On Time,1.39
ORD-01774,2024-06-11,2024-06-12,2024-06-18,2024-06-19,South India,Mysuru,Lager_500ml,Modern Trade,WH-KOL-01,HopCo Supplies,Rail Freight,445,184,77.28,81880,34389.6,58.0,513.52,6,Yes,Delivered On Time,1.1
ORD-01775,2023-10-08,2023-10-09,2023-10-14,2023-10-15,West India,Mumbai,IPA_330ml,General Trade,WH-DEL-01,HopCo Supplies,Rail Freight,401,176,70.4,70576,28230.4,60.0,699.78,5,Yes,Delivered On Time,1.51
ORD-01776,2023-05-06,2023-05-07,2023-05-11,2023-05-11,West India,Ahmedabad,Premium_Lager_330ml,General Trade,WH-DEL-01,HopCo Supplies,Road (Truck),301,215,96.75,64715,29121.75,55.0,466.98,4,Yes,Delivered On Time,1.19
ORD-01777,2024-10-10,2024-10-11,2024-10-15,2024-10-15,East India,Patna,Light_Beer_330ml,General Trade,WH-HYD-01,PackRight Solutions,Air Freight,658,152,54.72,100016,36005.76,64.0,1439.12,4,Yes,Delivered On Time,1.37
ORD-01778,2024-08-09,2024-08-10,2024-08-13,2024-08-14,North India,Jaipur,Wheat_330ml,On-Premise (Bar/Restaurant),WH-DEL-01,AquaPure Beverages,Road (Truck),323,161,61.18,52003,19761.14,62.0,485.51,3,Yes,Delivered On Time,0.67
ORD-01779,2024-11-19,2024-11-20,2024-11-25,2024-11-26,East India,Ranchi,IPA_330ml,Modern Trade,WH-HYD-01,BrewMalt India,Road (Truck),522,178,71.2,92916,37166.4,60.0,516.05,5,Yes,Delivered On Time,1.31
ORD-01780,2024-02-15,2024-02-16,2024-02-19,2024-02-20,West India,Mumbai,Wheat_330ml,On-Premise (Bar/Restaurant),WH-HYD-01,HopCo Supplies,Road (Truck),198,158,60.04,31284,11887.92,62.0,412.31,3,Yes,Delivered On Time,1.13
ORD-01781,2024-11-12,2024-11-14,2024-11-20,2024-11-18,South India,Chennai,Stout_650ml,On-Premise (Bar/Restaurant),WH-MUM-01,PackRight Solutions,Road (Truck),435,231,115.5,100485,50242.5,50.0,556.13,6,No,Delivered Late,1.47
ORD-01782,2024-05-20,2024-05-23,2024-05-30,2024-05-28,Central India,Raipur,Lager_500ml,Modern Trade,WH-DEL-01,PackRight Solutions,Rail Freight,74,172,72.24,12728,5345.76,58.0,181.9,7,No,Delivered Late,1.08
ORD-01783,2024-11-02,2024-11-04,2024-11-09,2024-11-10,Central India,Bhopal,Light_Beer_330ml,Modern Trade,WH-DEL-01,AquaPure Beverages,Rail Freight,219,158,56.88,34602,12456.72,64.0,503.46,5,Yes,Delivered On Time,1.66
ORD-01784,2024-09-08,2024-09-09,2024-09-15,2024-09-15,North India,Jaipur,Premium_Lager_330ml,Modern Trade,WH-DEL-01,GrainSource Ltd,Rail Freight,181,194,87.3,35114,15801.3,55.0,299.25,6,Yes,Delivered On Time,0.91
ORD-01785,2023-07-22,2023-07-23,2023-07-30,2023-07-29,East India,Ranchi,Stout_650ml,General Trade,WH-DEL-01,BrewMalt India,Road (Truck),50,232,116.0,11600,5800.0,50.0,118.89,7,No,Delivered Late,0.62
ORD-01786,2024-05-07,2024-05-08,2024-05-12,2024-05-13,South India,Mysuru,IPA_330ml,Modern Trade,WH-DEL-01,BrewMalt India,Road (Truck),380,178,71.2,67640,27056.0,60.0,391.36,4,Yes,Delivered On Time,0.93
ORD-01787,2024-04-20,2024-04-23,2024-04-27,2024-04-26,Central India,Raipur,Light_Beer_330ml,Modern Trade,WH-MUM-01,HopCo Supplies,Road (Truck),81,135,48.6,10935,3936.6,64.0,77.47,4,No,Delivered Late,1.57
ORD-01788,2024-05-11,2024-05-13,2024-05-17,2024-05-17,Central India,Jabalpur,Light_Beer_330ml,On-Premise (Bar/Restaurant),WH-BLR-01,GrainSource Ltd,Road (Truck),103,154,55.44,15862,5710.32,64.0,231.08,4,Yes,Delivered On Time,1.18
ORD-01789,2023-09-02,2023-09-04,2023-09-06,2023-09-06,West India,Surat,Stout_650ml,E-Commerce,WH-MUM-01,AquaPure Beverages,Road (Mini-Truck),96,211,105.5,20256,10128.0,50.0,94.95,2,Yes,Delivered On Time,1.07
ORD-01790,2023-05-02,2023-05-03,2023-05-05,2023-05-06,North India,Amritsar,Stout_650ml,General Trade,WH-MUM-01,BrewMalt India,Road (Mini-Truck),499,211,105.5,105289,52644.5,50.0,583.96,2,Yes,Delivered On Time,1.0
ORD-01791,2024-02-21,2024-02-22,2024-02-27,2024-02-26,West India,Nagpur,Strong_Beer_500ml,E-Commerce,WH-MUM-01,BrewMalt India,Road (Truck),493,176,75.68,86768,37310.24,57.0,1014.25,5,No,Delivered Late,1.06
ORD-01792,2023-03-08,2023-03-09,2023-03-12,2023-03-13,North India,Lucknow,Strong_Beer_500ml,On-Premise (Bar/Restaurant),WH-BLR-01,GrainSource Ltd,Road (Truck),480,183,78.69,87840,37771.2,57.0,812.98,3,Yes,Delivered On Time,1.67
ORD-01793,2024-09-04,2024-09-05,2024-09-07,2024-09-08,West India,Surat,Premium_Lager_330ml,On-Premise (Bar/Restaurant),WH-HYD-01,AquaPure Beverages,Road (Mini-Truck),76,190,85.5,14440,6498.0,55.0,155.18,2,Yes,Delivered On Time,0.97
ORD-01794,2024-05-31,2024-06-03,2024-06-06,2024-06-05,West India,Ahmedabad,Strong_Beer_500ml,E-Commerce,WH-MUM-01,HopCo Supplies,Road (Truck),122,192,82.56,23424,10072.32,57.0,178.43,3,No,Delivered Late,0.99
ORD-01795,2023-01-09,2023-01-10,2023-01-16,2023-01-16,East India,Guwahati,Stout_650ml,Modern Trade,WH-BLR-01,HopCo Supplies,Road (Truck),404,211,105.5,85244,42622.0,50.0,511.7,6,Yes,Delivered On Time,1.04
ORD-01796,2024-12-18,2024-12-19,2024-12-21,2024-12-23,North India,Jaipur,Premium_Lager_330ml,E-Commerce,WH-MUM-01,AquaPure Beverages,Road (Truck),672,215,96.75,144480,65016.0,55.0,1657.68,2,No,Delivered On Time,1.5
ORD-01797,2023-04-13,2023-04-14,2023-04-15,2023-04-16,West India,Nagpur,Premium_Lager_330ml,Modern Trade,WH-BLR-01,BrewMalt India,Air Freight,482,194,87.3,93508,42078.6,55.0,975.66,1,Yes,Delivered On Time,1.49
ORD-01798,2023-07-05,2023-07-06,2023-07-10,2023-07-11,East India,Bhubaneswar,Wheat_330ml,General Trade,WH-MUM-01,HopCo Supplies,Road (Mini-Truck),82,149,56.62,12218,4642.84,62.0,87.28,4,Yes,Delivered On Time,0.64
ORD-01799,2023-04-05,2023-04-06,2023-04-11,2023-04-12,East India,Ranchi,Premium_Lager_330ml,On-Premise (Bar/Restaurant),WH-DEL-01,BrewMalt India,Road (Truck),572,207,93.15,118404,53281.8,55.0,820.33,5,Yes,Delivered On Time,1.32
ORD-01800,2024-03-29,2024-03-30,2024-04-02,2024-04-03,North India,Lucknow,Stout_650ml,Modern Trade,WH-BLR-01,AquaPure Beverages,Road (Truck),223,234,117.0,52182,26091.0,50.0,181.3,3,Yes,Delivered On Time,1.67
ORD-01801,2023-02-11,2023-02-12,2023-02-15,2023-02-17,East India,Kolkata,Strong_Beer_500ml,On-Premise (Bar/Restaurant),WH-KOL-01,BrewMalt India,Road (Mini-Truck),309,181,77.83,55929,24049.47,57.0,694.49,3,Yes,Delivered On Time,1.08
ORD-01802,2023-03-21,2023-03-22,2023-03-28,2023-03-28,East India,Kolkata,Premium_Lager_330ml,On-Premise (Bar/Restaurant),WH-BLR-01,GrainSource Ltd,Road (Truck),768,214,96.3,164352,73958.4,55.0,739.22,6,Yes,Delivered On Time,1.55
ORD-01803,2024-10-05,2024-10-06,2024-10-11,2024-10-12,East India,Guwahati,Premium_Lager_330ml,E-Commerce,WH-KOL-01,BrewMalt India,Road (Truck),91,195,87.75,17745,7985.25,55.0,167.2,5,Yes,Delivered On Time,1.35
ORD-01804,2024-07-26,2024-07-29,2024-07-30,2024-07-29,West India,Pune,Light_Beer_330ml,On-Premise (Bar/Restaurant),WH-KOL-01,HopCo Supplies,Air Freight,47,151,54.36,7097,2554.92,64.0,49.26,1,No,Delivered Late,0.76
ORD-01805,2023-01-15,2023-01-16,2023-01-19,2023-01-20,Central India,Jabalpur,Stout_650ml,General Trade,WH-KOL-01,PackRight Solutions,Road (Mini-Truck),219,227,113.5,49713,24856.5,50.0,313.73,3,Yes,Delivered On Time,1.0
ORD-01806,2023-01-01,2023-01-02,2023-01-06,2023-01-07,East India,Kolkata,Premium_Lager_330ml,On-Premise (Bar/Restaurant),WH-MUM-01,HopCo Supplies,Road (Mini-Truck),411,220,99.0,90420,40689.0,55.0,579.83,4,Yes,Delivered On Time,1.15
ORD-01807,2023-02-19,2023-02-20,2023-02-24,2023-02-25,Central India,Gwalior,Light_Beer_330ml,E-Commerce,WH-DEL-01,BrewMalt India,Road (Truck),270,144,51.84,38880,13996.8,64.0,419.82,4,Yes,Delivered On Time,1.02
ORD-01808,2023-08-17,2023-08-18,2023-08-22,2023-08-22,North India,Jaipur,Stout_650ml,General Trade,WH-KOL-01,BrewMalt India,Road (Truck),235,212,106.0,49820,24910.0,50.0,330.91,4,Yes,Delivered On Time,0.7
ORD-01809,2023-06-14,2023-06-15,2023-06-18,2023-06-19,Central India,Raipur,Wheat_330ml,E-Commerce,WH-KOL-01,HopCo Supplies,Road (Mini-Truck),527,152,57.76,80104,30439.52,62.0,868.56,3,Yes,Delivered On Time,1.09
ORD-01810,2023-05-25,2023-05-26,2023-05-30,2023-06-01,East India,Kolkata,Premium_Lager_330ml,On-Premise (Bar/Restaurant),WH-MUM-01,HopCo Supplies,Road (Truck),162,196,88.2,31752,14288.4,55.0,151.64,4,Yes,Delivered On Time,1.17
ORD-01811,2024-02-12,2024-02-13,2024-02-18,2024-02-19,East India,Kolkata,Strong_Beer_500ml,On-Premise (Bar/Restaurant),WH-BLR-01,BrewMalt India,Road (Truck),234,182,78.26,42588,18312.84,57.0,419.9,5,Yes,Delivered On Time,1.08
ORD-01812,2023-01-16,2023-01-17,2023-01-22,2023-01-23,West India,Pune,Light_Beer_330ml,E-Commerce,WH-HYD-01,HopCo Supplies,Rail Freight,127,141,50.76,17907,6446.52,64.0,149.45,5,Yes,Delivered On Time,0.95
ORD-01813,2023-08-16,2023-08-17,2023-08-22,2023-08-22,Central India,Raipur,Strong_Beer_500ml,On-Premise (Bar/Restaurant),WH-BLR-01,GrainSource Ltd,Road (Truck),173,185,79.55,32005,13762.15,57.0,204.97,5,Yes,Delivered On Time,0.81
ORD-01814,2024-12-07,2024-12-08,2024-12-11,2024-12-12,North India,Lucknow,Premium_Lager_330ml,E-Commerce,WH-KOL-01,HopCo Supplies,Road (Truck),148,204,91.8,30192,13586.4,55.0,269.42,3,No,Delivered On Time,1.55
ORD-01815,2023-07-01,2023-07-02,2023-07-04,2023-07-06,North India,Chandigarh,Lager_500ml,E-Commerce,WH-KOL-01,AquaPure Beverages,Road (Truck),193,191,80.22,36863,15482.46,58.0,352.61,2,Yes,Delivered On Time,0.83
ORD-01816,2023-08-09,2023-08-10,2023-08-11,2023-08-13,North India,Jaipur,Wheat_330ml,General Trade,WH-BLR-01,GrainSource Ltd,Road (Mini-Truck),105,158,60.04,16590,6304.2,62.0,251.37,1,Yes,Delivered On Time,0.63
ORD-01817,2024-08-22,2024-08-23,2024-08-26,2024-08-27,North India,Lucknow,Wheat_330ml,Modern Trade,WH-KOL-01,AquaPure Beverages,Road (Truck),210,147,55.86,30870,11730.6,62.0,342.72,3,Yes,Delivered On Time,0.61
ORD-01818,2023-07-08,2023-07-09,2023-07-11,2023-07-12,North India,Amritsar,Lager_500ml,Modern Trade,WH-DEL-01,GrainSource Ltd,Road (Mini-Truck),297,180,75.6,53460,22453.2,58.0,409.52,2,Yes,Delivered On Time,0.78
ORD-01819,2023-11-13,2023-11-16,2023-11-18,2023-11-16,West India,Mumbai,Premium_Lager_330ml,On-Premise (Bar/Restaurant),WH-BLR-01,GrainSource Ltd,Air Freight,364,208,93.6,75712,34070.4,55.0,782.48,2,No,Delivered Late,1.3
ORD-01820,2024-10-28,2024-10-29,2024-11-01,2024-11-01,South India,Chennai,Strong_Beer_500ml,General Trade,WH-DEL-01,AquaPure Beverages,Air Freight,446,194,83.42,86524,37205.32,57.0,642.52,3,Yes,Delivered On Time,1.55
ORD-01821,2023-12-28,2023-12-30,2024-01-04,2024-01-03,East India,Bhubaneswar,IPA_330ml,Modern Trade,WH-DEL-01,AquaPure Beverages,Road (Mini-Truck),502,172,68.8,86344,34537.6,60.0,766.78,5,No,In Transit,1.38
ORD-01822,2024-10-25,2024-10-26,2024-10-29,2024-10-29,West India,Ahmedabad,Lager_500ml,On-Premise (Bar/Restaurant),WH-MUM-01,GrainSource Ltd,Road (Mini-Truck),438,172,72.24,75336,31641.12,58.0,414.84,3,Yes,Delivered On Time,1.66
ORD-01823,2024-10-01,2024-10-02,2024-10-03,2024-10-05,West India,Nagpur,Lager_500ml,E-Commerce,WH-DEL-01,AquaPure Beverages,Road (Mini-Truck),154,177,74.34,27258,11448.36,58.0,266.43,1,Yes,Delivered On Time,1.32
ORD-01824,2023-09-09,2023-09-10,2023-09-13,2023-09-14,North India,Jaipur,Strong_Beer_500ml,E-Commerce,WH-KOL-01,HopCo Supplies,Road (Truck),141,186,79.98,26226,11277.18,57.0,129.97,3,Yes,Delivered On Time,0.94
ORD-01825,2023-08-14,2023-08-15,2023-08-17,2023-08-19,West India,Nagpur,Strong_Beer_500ml,On-Premise (Bar/Restaurant),WH-HYD-01,BrewMalt India,Road (Truck),76,167,71.81,12692,5457.56,57.0,63.59,2,Yes,Delivered On Time,0.83
ORD-01826,2024-07-04,2024-07-06,2024-07-09,2024-07-09,South India,Kochi,Light_Beer_330ml,On-Premise (Bar/Restaurant),WH-MUM-01,AquaPure Beverages,Road (Mini-Truck),300,134,48.24,40200,14472.0,64.0,313.03,3,Yes,Delivered On Time,0.74
ORD-01827,2023-05-10,2023-05-11,2023-05-15,2023-05-16,East India,Ranchi,Strong_Beer_500ml,E-Commerce,WH-KOL-01,AquaPure Beverages,Road (Mini-Truck),518,195,83.85,101010,43434.3,57.0,902.03,4,Yes,Delivered On Time,1.19
ORD-01828,2024-06-20,2024-06-21,2024-06-26,2024-06-27,West India,Ahmedabad,Premium_Lager_330ml,Modern Trade,WH-BLR-01,GrainSource Ltd,Rail Freight,92,193,86.85,17756,7990.2,55.0,134.26,5,Yes,Delivered On Time,0.94
ORD-01829,2023-08-14,2023-08-16,2023-08-20,2023-08-20,South India,Kochi,IPA_330ml,On-Premise (Bar/Restaurant),WH-MUM-01,GrainSource Ltd,Road (Truck),195,152,60.8,29640,11856.0,60.0,260.73,4,No,Delivered On Time,0.82
ORD-01830,2024-01-31,2024-02-01,2024-02-05,2024-02-06,South India,Chennai,IPA_330ml,On-Premise (Bar/Restaurant),WH-KOL-01,GrainSource Ltd,Road (Truck),280,158,63.2,44240,17696.0,60.0,300.04,4,Yes,Delivered On Time,1.08
ORD-01831,2024-02-21,2024-02-24,2024-02-28,2024-02-27,Central India,Raipur,Strong_Beer_500ml,On-Premise (Bar/Restaurant),WH-DEL-01,GrainSource Ltd,Road (Truck),229,165,70.95,37785,16247.55,57.0,332.33,4,No,Delivered Late,1.09
ORD-01832,2024-04-03,2024-04-04,2024-04-07,2024-04-07,North India,Lucknow,Light_Beer_330ml,Modern Trade,WH-KOL-01,PackRight Solutions,Road (Mini-Truck),683,145,52.2,99035,35652.6,64.0,1361.67,3,Yes,Delivered On Time,1.65
ORD-01833,2023-10-03,2023-10-04,2023-10-06,2023-10-07,West India,Nagpur,Light_Beer_330ml,General Trade,WH-BLR-01,BrewMalt India,Road (Mini-Truck),143,134,48.24,19162,6898.32,64.0,274.05,2,Yes,Delivered On Time,1.65
ORD-01834,2024-04-17,2024-04-19,2024-04-25,2024-04-25,South India,Chennai,Light_Beer_330ml,General Trade,WH-BLR-01,GrainSource Ltd,Rail Freight,741,152,54.72,112632,40547.52,64.0,600.68,6,Yes,Delivered On Time,1.52
ORD-01835,2024-06-16,2024-06-17,2024-06-20,2024-06-21,West India,Nagpur,IPA_330ml,General Trade,WH-BLR-01,BrewMalt India,Road (Truck),381,151,60.4,57531,23012.4,60.0,647.89,3,Yes,Delivered On Time,0.99
ORD-01836,2024-10-22,2024-10-23,2024-10-28,2024-10-29,East India,Guwahati,Premium_Lager_330ml,General Trade,WH-MUM-01,AquaPure Beverages,Road (Truck),205,212,95.4,43460,19557.0,55.0,274.35,5,Yes,Delivered On Time,1.59
ORD-01837,2024-02-21,2024-02-23,2024-02-27,2024-02-26,West India,Surat,Light_Beer_330ml,E-Commerce,WH-DEL-01,BrewMalt India,Road (Truck),428,134,48.24,57352,20646.72,64.0,345.56,4,No,Delivered Late,1.09
ORD-01838,2023-10-02,2023-10-03,2023-10-08,2023-10-08,South India,Chennai,Lager_500ml,Modern Trade,WH-HYD-01,HopCo Supplies,Road (Truck),631,178,74.76,112318,47173.56,58.0,1569.83,5,Yes,Delivered On Time,1.35
ORD-01839,2024-06-05,2024-06-06,2024-06-11,2024-06-12,West India,Surat,Strong_Beer_500ml,E-Commerce,WH-DEL-01,HopCo Supplies,Rail Freight,382,182,78.26,69524,29895.32,57.0,361.31,5,Yes,Delivered On Time,0.95
ORD-01840,2023-10-20,2023-10-21,2023-10-22,2023-10-24,West India,Mumbai,Light_Beer_330ml,On-Premise (Bar/Restaurant),WH-BLR-01,GrainSource Ltd,Road (Mini-Truck),826,159,57.24,131334,47280.24,64.0,1948.77,1,No,Delivered On Time,1.66
ORD-01841,2024-01-14,2024-01-15,2024-01-19,2024-01-20,Central India,Bhopal,Lager_500ml,General Trade,WH-MUM-01,BrewMalt India,Road (Truck),109,199,83.58,21691,9110.22,58.0,208.22,4,Yes,Delivered On Time,1.13
ORD-01842,2023-12-20,2023-12-21,2023-12-24,2023-12-25,North India,Delhi,Stout_650ml,On-Premise (Bar/Restaurant),WH-KOL-01,HopCo Supplies,Road (Truck),516,232,116.0,119712,59856.0,50.0,1182.78,3,Yes,Delivered On Time,1.61
ORD-01843,2023-03-11,2023-03-12,2023-03-16,2023-03-17,Central India,Gwalior,Premium_Lager_330ml,Modern Trade,WH-BLR-01,BrewMalt India,Road (Truck),106,198,89.1,20988,9444.6,55.0,176.52,4,Yes,Delivered On Time,1.32
ORD-01844,2023-08-11,2023-08-12,2023-08-15,2023-08-17,South India,Hyderabad,Wheat_330ml,Modern Trade,WH-BLR-01,BrewMalt India,Road (Truck),204,150,57.0,30600,11628.0,62.0,384.86,3,Yes,Delivered On Time,0.72
ORD-01845,2024-05-13,2024-05-14,2024-05-16,2024-05-18,West India,Nagpur,Stout_650ml,E-Commerce,WH-BLR-01,AquaPure Beverages,Road (Truck),322,227,113.5,73094,36547.0,50.0,277.96,2,Yes,Delivered On Time,1.15
ORD-01846,2024-03-22,2024-03-24,2024-03-26,2024-03-26,North India,Jaipur,Premium_Lager_330ml,General Trade,WH-KOL-01,BrewMalt India,Road (Mini-Truck),317,206,92.7,65302,29385.9,55.0,780.52,2,Yes,Delivered On Time,1.34
ORD-01847,2024-08-16,2024-08-17,2024-08-19,2024-08-21,North India,Amritsar,Premium_Lager_330ml,E-Commerce,WH-KOL-01,GrainSource Ltd,Road (Truck),246,196,88.2,48216,21697.2,55.0,560.54,2,Yes,Delivered On Time,0.78
ORD-01848,2024-01-01,2024-01-02,2024-01-05,2024-01-06,North India,Chandigarh,Premium_Lager_330ml,General Trade,WH-BLR-01,HopCo Supplies,Road (Truck),91,208,93.6,18928,8517.6,55.0,157.18,3,Yes,Delivered On Time,1.09
ORD-01849,2024-02-14,2024-02-16,2024-02-21,2024-02-21,East India,Bhubaneswar,Wheat_330ml,General Trade,WH-BLR-01,GrainSource Ltd,Road (Truck),107,154,58.52,16478,6261.64,62.0,93.48,5,Yes,Delivered On Time,1.1
ORD-01850,2023-08-02,2023-08-03,2023-08-06,2023-08-08,Central India,Raipur,IPA_330ml,E-Commerce,WH-HYD-01,AquaPure Beverages,Road (Truck),298,174,69.6,51852,20740.8,60.0,342.0,3,Yes,Delivered On Time,0.6
ORD-01851,2024-10-24,2024-10-25,2024-10-29,2024-10-29,South India,Kochi,Light_Beer_330ml,E-Commerce,WH-KOL-01,HopCo Supplies,Road (Mini-Truck),294,132,47.52,38808,13970.88,64.0,317.47,4,Yes,Delivered On Time,1.39
ORD-01852,2023-01-05,2023-01-06,2023-01-09,2023-01-09,Central India,Raipur,Stout_650ml,E-Commerce,WH-DEL-01,AquaPure Beverages,Air Freight,329,236,118.0,77644,38822.0,50.0,578.81,3,Yes,Delivered On Time,1.14
ORD-01853,2023-06-20,2023-06-21,2023-06-25,2023-06-25,South India,Bengaluru,Strong_Beer_500ml,E-Commerce,WH-MUM-01,PackRight Solutions,Road (Mini-Truck),542,180,77.4,97560,41950.8,57.0,540.44,4,No,Delivered On Time,1.19
ORD-01854,2024-02-04,2024-02-05,2024-02-09,2024-02-10,East India,Bhubaneswar,Stout_650ml,General Trade,WH-KOL-01,HopCo Supplies,Road (Mini-Truck),431,229,114.5,98699,49349.5,50.0,398.42,4,Yes,Delivered On Time,0.96
ORD-01855,2024-11-25,2024-11-26,2024-12-02,2024-12-02,East India,Bhubaneswar,Wheat_330ml,On-Premise (Bar/Restaurant),WH-BLR-01,AquaPure Beverages,Road (Truck),385,163,61.94,62755,23846.9,62.0,600.58,6,Yes,Delivered On Time,1.69
ORD-01856,2024-08-19,2024-08-20,2024-08-22,2024-08-23,North India,Amritsar,Light_Beer_330ml,E-Commerce,WH-DEL-01,AquaPure Beverages,Road (Mini-Truck),79,142,51.12,11218,4038.48,64.0,116.75,2,Yes,Delivered On Time,0.76
ORD-01857,2023-07-19,2023-07-20,2023-07-25,2023-07-26,West India,Ahmedabad,Lager_500ml,E-Commerce,WH-HYD-01,GrainSource Ltd,Rail Freight,124,170,71.4,21080,8853.6,58.0,296.54,5,Yes,Delivered On Time,0.67
ORD-01858,2024-10-01,2024-10-02,2024-10-04,2024-10-06,South India,Kochi,Strong_Beer_500ml,On-Premise (Bar/Restaurant),WH-MUM-01,PackRight Solutions,Road (Mini-Truck),558,170,73.1,94860,40789.8,57.0,691.49,2,Yes,Delivered On Time,1.38
ORD-01859,2023-09-07,2023-09-08,2023-09-12,2023-09-12,North India,Jaipur,Lager_500ml,On-Premise (Bar/Restaurant),WH-BLR-01,GrainSource Ltd,Road (Truck),453,173,72.66,78369,32914.98,58.0,426.02,4,Yes,Delivered On Time,1.03
ORD-01860,2023-06-05,2023-06-06,2023-06-08,2023-06-09,North India,Delhi,Lager_500ml,Modern Trade,WH-KOL-01,GrainSource Ltd,Road (Mini-Truck),66,186,78.12,12276,5155.92,58.0,133.33,2,Yes,Delivered On Time,1.03
ORD-01861,2023-07-28,2023-07-29,2023-08-03,2023-08-04,West India,Ahmedabad,Premium_Lager_330ml,E-Commerce,WH-HYD-01,HopCo Supplies,Rail Freight,130,206,92.7,26780,12051.0,55.0,123.73,5,Yes,Delivered On Time,0.66
ORD-01862,2023-09-16,2023-09-18,2023-09-22,2023-09-20,North India,Chandigarh,Premium_Lager_330ml,E-Commerce,WH-KOL-01,HopCo Supplies,Road (Mini-Truck),421,206,92.7,86726,39026.7,55.0,932.09,4,No,Delivered Late,1.02
ORD-01863,2024-02-22,2024-02-23,2024-02-28,2024-02-29,North India,Lucknow,Lager_500ml,E-Commerce,WH-MUM-01,PackRight Solutions,Rail Freight,127,194,81.48,24638,10347.96,58.0,158.57,5,Yes,Delivered On Time,1.03
ORD-01864,2023-02-05,2023-02-06,2023-02-09,2023-02-11,South India,Kochi,Strong_Beer_500ml,General Trade,WH-BLR-01,GrainSource Ltd,Road (Truck),472,186,79.98,87792,37750.56,57.0,417.42,3,Yes,Delivered On Time,1.11
ORD-01865,2023-12-13,2023-12-14,2023-12-16,2023-12-18,West India,Mumbai,Stout_650ml,Modern Trade,WH-HYD-01,BrewMalt India,Road (Truck),664,214,107.0,142096,71048.0,50.0,760.25,2,No,Delivered On Time,1.41
ORD-01866,2024-12-30,2024-12-31,2025-01-05,2025-01-05,South India,Chennai,Stout_650ml,E-Commerce,WH-MUM-01,BrewMalt India,Road (Truck),244,235,117.5,57340,28670.0,50.0,210.84,5,Yes,Delivered On Time,1.61
ORD-01867,2024-06-17,2024-06-19,2024-06-23,2024-06-22,Central India,Gwalior,Premium_Lager_330ml,General Trade,WH-DEL-01,HopCo Supplies,Road (Mini-Truck),47,215,96.75,10105,4547.25,55.0,79.69,4,No,Delivered Late,0.93
ORD-01868,2024-09-06,2024-09-07,2024-09-14,2024-09-15,East India,Patna,Lager_500ml,On-Premise (Bar/Restaurant),WH-HYD-01,HopCo Supplies,Rail Freight,416,191,80.22,79456,33371.52,58.0,518.45,7,Yes,Delivered On Time,1.13
ORD-01869,2024-02-08,2024-02-09,2024-02-12,2024-02-12,West India,Surat,IPA_330ml,Modern Trade,WH-MUM-01,AquaPure Beverages,Road (Mini-Truck),360,150,60.0,54000,21600.0,60.0,371.91,3,Yes,Delivered On Time,0.95
ORD-01870,2023-09-20,2023-09-22,2023-09-29,2023-09-28,Central India,Bhopal,Stout_650ml,On-Premise (Bar/Restaurant),WH-KOL-01,BrewMalt India,Rail Freight,545,210,105.0,114450,57225.0,50.0,1235.72,7,No,In Transit,1.13
ORD-01871,2024-09-19,2024-09-20,2024-09-23,2024-09-24,North India,Chandigarh,Strong_Beer_500ml,General Trade,WH-MUM-01,PackRight Solutions,Road (Truck),157,184,79.12,28888,12421.84,57.0,150.87,3,No,Delivered On Time,1.03
ORD-01872,2024-02-22,2024-02-23,2024-02-26,2024-02-27,North India,Chandigarh,Wheat_330ml,E-Commerce,WH-HYD-01,AquaPure Beverages,Road (Truck),259,160,60.8,41440,15747.2,62.0,421.11,3,Yes,Delivered On Time,1.12
ORD-01873,2023-05-09,2023-05-12,2023-05-17,2023-05-16,North India,Amritsar,IPA_330ml,E-Commerce,WH-KOL-01,GrainSource Ltd,Rail Freight,359,175,70.0,62825,25130.0,60.0,840.16,5,No,Delivered Late,1.1
ORD-01874,2024-02-16,2024-02-17,2024-02-20,2024-02-21,North India,Delhi,Strong_Beer_500ml,E-Commerce,WH-MUM-01,BrewMalt India,Road (Truck),124,170,73.1,21080,9064.4,57.0,244.89,3,Yes,Delivered On Time,0.95
ORD-01875,2023-11-29,2023-11-30,2023-12-06,2023-12-07,Central India,Indore,IPA_330ml,E-Commerce,WH-DEL-01,BrewMalt India,Rail Freight,453,179,71.6,81087,32434.8,60.0,1107.44,6,Yes,Delivered On Time,1.37
ORD-01876,2023-04-19,2023-04-20,2023-04-22,2023-04-23,West India,Ahmedabad,Premium_Lager_330ml,General Trade,WH-BLR-01,AquaPure Beverages,Road (Mini-Truck),302,209,94.05,63118,28403.1,55.0,741.92,2,Yes,Delivered On Time,1.35
ORD-01877,2024-06-28,2024-06-29,2024-07-02,2024-07-03,West India,Ahmedabad,Lager_500ml,General Trade,WH-HYD-01,AquaPure Beverages,Road (Truck),59,199,83.58,11741,4931.22,58.0,59.72,3,Yes,Delivered On Time,0.91
ORD-01878,2024-08-08,2024-08-09,2024-08-12,2024-08-12,North India,Jaipur,Stout_650ml,E-Commerce,WH-HYD-01,BrewMalt India,Road (Mini-Truck),292,214,107.0,62488,31244.0,50.0,430.41,3,Yes,Delivered On Time,0.62
ORD-01879,2023-11-12,2023-11-14,2023-11-20,2023-11-20,Central India,Gwalior,IPA_330ml,Modern Trade,WH-DEL-01,HopCo Supplies,Rail Freight,105,151,60.4,15855,6342.0,60.0,212.23,6,Yes,Delivered On Time,1.51
ORD-01880,2024-07-28,2024-07-29,2024-08-07,2024-08-06,East India,Patna,Premium_Lager_330ml,General Trade,WH-HYD-01,PackRight Solutions,Rail Freight,243,201,90.45,48843,21979.35,55.0,514.12,9,No,Delivered Late,0.81
ORD-01881,2023-01-14,2023-01-16,2023-01-19,2023-01-20,South India,Bengaluru,Lager_500ml,Modern Trade,WH-MUM-01,BrewMalt India,Road (Truck),284,182,76.44,51688,21708.96,58.0,503.18,3,Yes,Delivered On Time,0.92
ORD-01882,2023-07-13,2023-07-14,2023-07-17,2023-07-18,West India,Nagpur,Stout_650ml,General Trade,WH-MUM-01,BrewMalt India,Road (Truck),109,236,118.0,25724,12862.0,50.0,251.46,3,Yes,Delivered On Time,0.7
ORD-01883,2024-01-30,2024-01-31,2024-02-03,2024-02-03,West India,Pune,Lager_500ml,General Trade,WH-BLR-01,GrainSource Ltd,Road (Mini-Truck),292,174,73.08,50808,21339.36,58.0,352.35,3,Yes,Delivered On Time,1.1
ORD-01884,2024-11-10,2024-11-11,2024-11-15,2024-11-15,North India,Chandigarh,IPA_330ml,Modern Trade,WH-BLR-01,AquaPure Beverages,Road (Truck),399,178,71.2,71022,28408.8,60.0,352.91,4,Yes,Delivered On Time,1.68
ORD-01885,2023-09-17,2023-09-18,2023-09-20,2023-09-22,Central India,Jabalpur,Light_Beer_330ml,General Trade,WH-BLR-01,PackRight Solutions,Road (Mini-Truck),191,138,49.68,26358,9488.88,64.0,292.14,2,Yes,Delivered On Time,1.18
ORD-01886,2023-10-31,2023-11-01,2023-11-06,2023-11-06,Central India,Jabalpur,Stout_650ml,General Trade,WH-BLR-01,HopCo Supplies,Road (Truck),741,217,108.5,160797,80398.5,50.0,1782.84,5,Yes,Delivered On Time,1.52
ORD-01887,2024-06-14,2024-06-16,2024-06-22,2024-06-21,West India,Surat,Wheat_330ml,E-Commerce,WH-KOL-01,PackRight Solutions,Rail Freight,126,140,53.2,17640,6703.2,62.0,101.78,6,No,Delivered Late,0.99
ORD-01888,2024-09-16,2024-09-17,2024-09-20,2024-09-21,Central India,Raipur,Wheat_330ml,General Trade,WH-KOL-01,PackRight Solutions,Road (Mini-Truck),413,166,63.08,68558,26052.04,62.0,842.09,3,Yes,Delivered On Time,1.07
ORD-01889,2023-11-09,2023-11-12,2023-11-15,2023-11-15,East India,Ranchi,Lager_500ml,On-Premise (Bar/Restaurant),WH-DEL-01,AquaPure Beverages,Road (Mini-Truck),114,181,76.02,20634,8666.28,58.0,143.36,3,Yes,Delivered On Time,1.43
ORD-01890,2024-09-09,2024-09-10,2024-09-14,2024-09-15,South India,Bengaluru,Lager_500ml,E-Commerce,WH-MUM-01,HopCo Supplies,Road (Truck),384,171,71.82,65664,27578.88,58.0,627.09,4,Yes,Delivered On Time,1.13
ORD-01891,2023-01-30,2023-01-31,2023-02-04,2023-02-05,Central India,Raipur,Stout_650ml,On-Premise (Bar/Restaurant),WH-DEL-01,BrewMalt India,Road (Truck),110,220,110.0,24200,12100.0,50.0,214.52,4,Yes,Delivered On Time,0.92
ORD-01892,2023-08-03,2023-08-05,2023-08-10,2023-08-10,East India,Patna,Lager_500ml,General Trade,WH-HYD-01,HopCo Supplies,Road (Truck),57,174,73.08,9918,4165.56,58.0,112.14,5,Yes,Delivered On Time,0.69
ORD-01893,2023-04-13,2023-04-14,2023-04-17,2023-04-19,South India,Kochi,Premium_Lager_330ml,On-Premise (Bar/Restaurant),WH-MUM-01,GrainSource Ltd,Road (Truck),230,211,94.95,48530,21838.5,55.0,249.25,3,No,Delivered On Time,1.34
ORD-01894,2024-11-22,2024-11-23,2024-11-25,2024-11-27,South India,Kochi,Light_Beer_330ml,On-Premise (Bar/Restaurant),WH-MUM-01,HopCo Supplies,Road (Mini-Truck),207,155,55.8,32085,11550.6,64.0,293.51,2,Yes,Delivered On Time,1.45
ORD-01895,2023-03-24,2023-03-27,2023-04-01,2023-03-30,Central India,Indore,Premium_Lager_330ml,On-Premise (Bar/Restaurant),WH-BLR-01,GrainSource Ltd,Road (Truck),611,203,91.35,124033,55814.85,55.0,1096.02,5,No,Delivered Late,1.4
ORD-01896,2023-11-17,2023-11-18,2023-11-22,2023-11-24,North India,Delhi,IPA_330ml,On-Premise (Bar/Restaurant),WH-BLR-01,HopCo Supplies,Rail Freight,259,172,68.8,44548,17819.2,60.0,266.95,4,Yes,Delivered On Time,1.6
ORD-01897,2023-09-14,2023-09-16,2023-09-20,2023-09-20,Central India,Bhopal,IPA_330ml,E-Commerce,WH-MUM-01,AquaPure Beverages,Road (Truck),490,154,61.6,75460,30184.0,60.0,704.0,4,Yes,Delivered On Time,1.02
ORD-01898,2023-01-30,2023-01-31,2023-02-04,2023-02-04,South India,Kochi,Stout_650ml,Modern Trade,WH-MUM-01,PackRight Solutions,Road (Mini-Truck),334,213,106.5,71142,35571.0,50.0,357.93,4,Yes,Delivered On Time,1.05
ORD-01899,2024-03-17,2024-03-18,2024-03-21,2024-03-22,Central India,Bhopal,IPA_330ml,General Trade,WH-DEL-01,AquaPure Beverages,Road (Mini-Truck),635,177,70.8,112395,44958.0,60.0,587.62,3,Yes,Delivered On Time,1.4
ORD-01900,2024-08-27,2024-08-29,2024-08-31,2024-08-31,North India,Chandigarh,Stout_650ml,Modern Trade,WH-BLR-01,BrewMalt India,Road (Mini-Truck),343,214,107.0,73402,36701.0,50.0,407.09,2,Yes,Delivered On Time,0.73
ORD-01901,2024-06-27,2024-06-28,2024-07-05,2024-07-05,South India,Chennai,Stout_650ml,General Trade,WH-HYD-01,BrewMalt India,Rail Freight,246,226,113.0,55596,27798.0,50.0,468.72,7,Yes,Delivered On Time,1.19
ORD-01902,2023-02-17,2023-02-18,2023-02-22,2023-02-23,South India,Hyderabad,Premium_Lager_330ml,General Trade,WH-KOL-01,AquaPure Beverages,Road (Truck),143,207,93.15,29601,13320.45,55.0,176.48,4,Yes,Delivered On Time,1.16
ORD-01903,2024-09-16,2024-09-17,2024-09-21,2024-09-23,East India,Patna,IPA_330ml,E-Commerce,WH-KOL-01,BrewMalt India,Road (Truck),383,160,64.0,61280,24512.0,60.0,474.88,4,Yes,Delivered On Time,0.92
ORD-01904,2024-09-21,2024-09-23,2024-09-27,2024-09-27,Central India,Indore,Strong_Beer_500ml,On-Premise (Bar/Restaurant),WH-MUM-01,PackRight Solutions,Road (Truck),461,167,71.81,76987,33104.41,57.0,889.55,4,Yes,Delivered On Time,1.01
ORD-01905,2023-05-31,2023-06-01,2023-06-04,2023-06-05,West India,Surat,Lager_500ml,Modern Trade,WH-BLR-01,GrainSource Ltd,Road (Truck),118,200,84.0,23600,9912.0,58.0,275.59,3,Yes,Delivered On Time,1.1
ORD-01906,2024-03-13,2024-03-14,2024-03-17,2024-03-18,North India,Jaipur,Wheat_330ml,General Trade,WH-HYD-01,HopCo Supplies,Road (Truck),495,142,53.96,70290,26710.2,62.0,1086.11,3,Yes,Delivered On Time,1.36
ORD-01907,2023-03-19,2023-03-20,2023-03-23,2023-03-24,South India,Bengaluru,Premium_Lager_330ml,General Trade,WH-KOL-01,GrainSource Ltd,Road (Mini-Truck),444,196,88.2,87024,39160.8,55.0,938.57,3,Yes,Delivered On Time,1.61
ORD-01908,2024-10-20,2024-10-21,2024-10-26,2024-10-26,South India,Mysuru,Premium_Lager_330ml,E-Commerce,WH-KOL-01,BrewMalt India,Road (Truck),688,209,94.05,143792,64706.4,55.0,1560.22,5,Yes,Delivered On Time,1.42
ORD-01909,2023-07-01,2023-07-02,2023-07-10,2023-07-10,East India,Patna,Stout_650ml,Modern Trade,WH-DEL-01,PackRight Solutions,Rail Freight,268,230,115.0,61640,30820.0,50.0,439.63,8,Yes,Delivered On Time,0.6
ORD-01910,2023-06-24,2023-06-25,2023-06-30,2023-07-01,North India,Lucknow,Strong_Beer_500ml,On-Premise (Bar/Restaurant),WH-BLR-01,GrainSource Ltd,Rail Freight,331,177,76.11,58587,25192.41,57.0,703.21,5,Yes,Delivered On Time,1.08
ORD-01911,2024-12-07,2024-12-08,2024-12-11,2024-12-12,North India,Amritsar,Light_Beer_330ml,General Trade,WH-BLR-01,AquaPure Beverages,Road (Truck),337,139,50.04,46843,16863.48,64.0,407.15,3,Yes,Delivered On Time,1.48
ORD-01912,2024-07-16,2024-07-17,2024-07-24,2024-07-24,Central India,Gwalior,Lager_500ml,Modern Trade,WH-DEL-01,GrainSource Ltd,Rail Freight,214,175,73.5,37450,15729.0,58.0,259.85,7,Yes,Delivered On Time,0.77
ORD-01913,2023-04-11,2023-04-12,2023-04-16,2023-04-16,West India,Mumbai,Lager_500ml,On-Premise (Bar/Restaurant),WH-MUM-01,HopCo Supplies,Road (Truck),536,187,78.54,100232,42097.44,58.0,1131.29,4,Yes,Delivered On Time,1.39
ORD-01914,2023-01-10,2023-01-11,2023-01-13,2023-01-15,North India,Jaipur,Premium_Lager_330ml,Modern Trade,WH-KOL-01,HopCo Supplies,Road (Truck),328,211,94.95,69208,31143.6,55.0,529.43,2,Yes,Delivered On Time,0.97
ORD-01915,2023-11-10,2023-11-11,2023-11-12,2023-11-14,West India,Nagpur,Lager_500ml,E-Commerce,WH-HYD-01,BrewMalt India,Road (Mini-Truck),419,185,77.7,77515,32556.3,58.0,392.75,1,Yes,Delivered On Time,1.56
ORD-01916,2023-10-03,2023-10-04,2023-10-07,2023-10-08,North India,Jaipur,Lager_500ml,E-Commerce,WH-DEL-01,BrewMalt India,Road (Truck),753,195,81.9,146835,61670.7,58.0,1378.98,3,Yes,Delivered On Time,1.52
ORD-01917,2023-04-23,2023-04-24,2023-04-28,2023-04-29,South India,Chennai,IPA_330ml,Modern Trade,WH-HYD-01,GrainSource Ltd,Road (Truck),575,174,69.6,100050,40020.0,60.0,813.67,4,Yes,Delivered On Time,1.65
ORD-01918,2023-12-13,2023-12-14,2023-12-17,2023-12-18,West India,Nagpur,IPA_330ml,General Trade,WH-HYD-01,BrewMalt India,Road (Truck),157,169,67.6,26533,10613.2,60.0,242.82,3,Yes,Delivered On Time,1.46
ORD-01919,2023-12-29,2023-12-30,2024-01-04,2024-01-04,Central India,Gwalior,IPA_330ml,General Trade,WH-KOL-01,HopCo Supplies,Road (Truck),172,173,69.2,29756,11902.4,60.0,266.44,5,Yes,Delivered On Time,1.46
ORD-01920,2023-07-20,2023-07-21,2023-07-24,2023-07-25,North India,Chandigarh,Stout_650ml,E-Commerce,WH-MUM-01,HopCo Supplies,Road (Truck),359,226,113.0,81134,40567.0,50.0,388.43,3,No,Delivered On Time,0.74
ORD-01921,2024-02-05,2024-02-06,2024-02-10,2024-02-11,South India,Hyderabad,Strong_Beer_500ml,E-Commerce,WH-DEL-01,BrewMalt India,Road (Truck),163,180,77.4,29340,12616.2,57.0,394.04,4,Yes,Delivered On Time,1.17
ORD-01922,2024-11-18,2024-11-19,2024-11-21,2024-11-23,North India,Jaipur,IPA_330ml,Modern Trade,WH-BLR-01,AquaPure Beverages,Road (Truck),194,159,63.6,30846,12338.4,60.0,330.61,2,Yes,Delivered On Time,1.34
ORD-01923,2024-02-02,2024-02-03,2024-02-09,2024-02-10,South India,Kochi,Stout_650ml,E-Commerce,WH-DEL-01,AquaPure Beverages,Rail Freight,321,228,114.0,73188,36594.0,50.0,268.72,6,Yes,Delivered On Time,0.99
ORD-01924,2024-07-08,2024-07-10,2024-07-14,2024-07-14,Central India,Gwalior,Light_Beer_330ml,General Trade,WH-DEL-01,BrewMalt India,Road (Truck),259,149,53.64,38591,13892.76,64.0,511.05,4,Yes,Delivered On Time,0.65
ORD-01925,2024-10-21,2024-10-22,2024-10-27,2024-10-28,East India,Ranchi,Wheat_330ml,General Trade,WH-HYD-01,BrewMalt India,Road (Truck),108,152,57.76,16416,6238.08,62.0,253.08,5,Yes,Delivered On Time,1.37
ORD-01926,2023-06-24,2023-06-25,2023-06-28,2023-06-29,West India,Pune,Premium_Lager_330ml,Modern Trade,WH-DEL-01,AquaPure Beverages,Road (Truck),122,198,89.1,24156,10870.2,55.0,208.86,3,Yes,Delivered On Time,0.94
ORD-01927,2024-04-03,2024-04-05,2024-04-09,2024-04-09,Central India,Jabalpur,Strong_Beer_500ml,Modern Trade,WH-KOL-01,GrainSource Ltd,Road (Truck),638,190,81.7,121220,52124.6,57.0,1135.73,4,Yes,Delivered On Time,1.51
ORD-01928,2023-05-19,2023-05-20,2023-05-25,2023-05-25,Central India,Gwalior,IPA_330ml,Modern Trade,WH-BLR-01,GrainSource Ltd,Road (Truck),105,153,61.2,16065,6426.0,60.0,260.33,5,Yes,Delivered On Time,0.93
ORD-01929,2024-05-19,2024-05-21,2024-05-26,2024-05-25,Central India,Bhopal,Premium_Lager_330ml,Modern Trade,WH-DEL-01,AquaPure Beverages,Road (Truck),441,211,94.95,93051,41872.95,55.0,423.81,5,No,In Transit,0.96
ORD-01930,2024-04-04,2024-04-05,2024-04-10,2024-04-12,South India,Bengaluru,Wheat_330ml,E-Commerce,WH-BLR-01,HopCo Supplies,Rail Freight,702,167,63.46,117234,44548.92,62.0,1288.14,5,Yes,Delivered On Time,1.63
ORD-01931,2023-08-05,2023-08-06,2023-08-08,2023-08-09,West India,Nagpur,Premium_Lager_330ml,Modern Trade,WH-DEL-01,HopCo Supplies,Road (Mini-Truck),294,212,95.4,62328,28047.6,55.0,431.1,2,Yes,Delivered On Time,0.73
ORD-01932,2024-03-12,2024-03-13,2024-03-16,2024-03-17,North India,Delhi,Light_Beer_330ml,General Trade,WH-DEL-01,HopCo Supplies,Road (Truck),387,136,48.96,52632,18947.52,64.0,455.52,3,Yes,Delivered On Time,1.7
ORD-01933,2024-06-23,2024-06-24,2024-06-26,2024-06-28,West India,Mumbai,Light_Beer_330ml,General Trade,WH-DEL-01,HopCo Supplies,Road (Truck),346,131,47.16,45326,16317.36,64.0,767.83,2,Yes,Delivered On Time,1.0
ORD-01934,2023-12-07,2023-12-08,2023-12-13,2023-12-12,West India,Pune,Premium_Lager_330ml,On-Premise (Bar/Restaurant),WH-BLR-01,PackRight Solutions,Road (Truck),336,212,95.4,71232,32054.4,55.0,792.63,5,No,Delivered Late,1.5
ORD-01935,2023-06-07,2023-06-10,2023-06-12,2023-06-11,North India,Lucknow,IPA_330ml,On-Premise (Bar/Restaurant),WH-MUM-01,HopCo Supplies,Road (Mini-Truck),201,174,69.6,34974,13989.6,60.0,445.65,2,No,Delivered Late,0.94
ORD-01936,2023-07-03,2023-07-04,2023-07-10,2023-07-12,East India,Ranchi,Lager_500ml,On-Premise (Bar/Restaurant),WH-KOL-01,BrewMalt India,Rail Freight,86,196,82.32,16856,7079.52,58.0,187.38,6,Yes,Delivered On Time,0.83
ORD-01937,2023-08-01,2023-08-02,2023-08-05,2023-08-07,Central India,Jabalpur,Wheat_330ml,On-Premise (Bar/Restaurant),WH-BLR-01,PackRight Solutions,Road (Truck),260,148,56.24,38480,14622.4,62.0,550.98,3,Yes,Delivered On Time,0.78
ORD-01938,2024-11-08,2024-11-09,2024-11-13,2024-11-14,South India,Bengaluru,Light_Beer_330ml,E-Commerce,WH-HYD-01,GrainSource Ltd,Road (Truck),709,160,57.6,113440,40838.4,64.0,1364.63,4,Yes,Delivered On Time,1.59
ORD-01939,2023-02-02,2023-02-03,2023-02-08,2023-02-10,Central India,Gwalior,IPA_330ml,General Trade,WH-BLR-01,HopCo Supplies,Rail Freight,463,169,67.6,78247,31298.8,60.0,750.93,5,Yes,Delivered On Time,1.07
ORD-01940,2023-07-31,2023-08-01,2023-08-06,2023-08-07,East India,Kolkata,IPA_330ml,E-Commerce,WH-HYD-01,BrewMalt India,Road (Truck),239,165,66.0,39435,15774.0,60.0,472.53,5,Yes,Delivered On Time,0.65
ORD-01941,2023-07-04,2023-07-05,2023-07-07,2023-07-08,West India,Pune,Strong_Beer_500ml,On-Premise (Bar/Restaurant),WH-DEL-01,PackRight Solutions,Road (Mini-Truck),260,170,73.1,44200,19006.0,57.0,249.57,2,Yes,Delivered On Time,0.68
ORD-01942,2023-09-09,2023-09-10,2023-09-14,2023-09-14,Central India,Indore,Light_Beer_330ml,Modern Trade,WH-KOL-01,GrainSource Ltd,Road (Mini-Truck),163,143,51.48,23309,8391.24,64.0,281.22,4,Yes,Delivered On Time,0.96
ORD-01943,2023-10-05,2023-10-06,2023-10-13,2023-10-14,East India,Patna,Wheat_330ml,On-Premise (Bar/Restaurant),WH-HYD-01,BrewMalt India,Rail Freight,533,140,53.2,74620,28355.6,62.0,1109.54,7,Yes,Delivered On Time,1.36
ORD-01944,2023-04-04,2023-04-05,2023-04-07,2023-04-09,Central India,Raipur,IPA_330ml,E-Commerce,WH-BLR-01,BrewMalt India,Road (Mini-Truck),575,166,66.4,95450,38180.0,60.0,1427.43,2,Yes,Delivered On Time,1.35
ORD-01945,2023-07-17,2023-07-18,2023-07-21,2023-07-23,Central India,Gwalior,Stout_650ml,Modern Trade,WH-BLR-01,HopCo Supplies,Road (Truck),278,232,116.0,64496,32248.0,50.0,369.4,3,Yes,Delivered On Time,0.76
ORD-01946,2023-07-03,2023-07-05,2023-07-13,2023-07-12,East India,Patna,Lager_500ml,Modern Trade,WH-HYD-01,PackRight Solutions,Rail Freight,61,191,80.22,11651,4893.42,58.0,88.55,8,No,Delivered Late,0.7
ORD-01947,2023-06-28,2023-06-29,2023-07-03,2023-07-04,East India,Bhubaneswar,Strong_Beer_500ml,General Trade,WH-DEL-01,HopCo Supplies,Road (Mini-Truck),237,187,80.41,44319,19057.17,57.0,360.2,4,Yes,Delivered On Time,0.97
ORD-01948,2023-04-06,2023-04-07,2023-04-12,2023-04-12,South India,Mysuru,Stout_650ml,General Trade,WH-MUM-01,BrewMalt India,Road (Truck),148,236,118.0,34928,17464.0,50.0,166.68,5,Yes,Delivered On Time,1.53
ORD-01949,2024-10-08,2024-10-09,2024-10-13,2024-10-14,Central India,Indore,Light_Beer_330ml,On-Premise (Bar/Restaurant),WH-MUM-01,AquaPure Beverages,Road (Truck),328,130,46.8,42640,15350.4,64.0,367.13,4,Yes,Delivered On Time,1.64
ORD-01950,2023-08-24,2023-08-25,2023-08-28,2023-08-30,South India,Chennai,Light_Beer_330ml,On-Premise (Bar/Restaurant),WH-HYD-01,AquaPure Beverages,Road (Truck),152,136,48.96,20672,7441.92,64.0,257.73,3,No,Delivered On Time,0.84
ORD-01951,2024-01-06,2024-01-07,2024-01-11,2024-01-12,Central India,Raipur,Strong_Beer_500ml,Modern Trade,WH-HYD-01,HopCo Supplies,Road (Truck),158,174,74.82,27492,11821.56,57.0,292.99,4,Yes,Delivered On Time,1.14
ORD-01952,2023-12-15,2023-12-17,2023-12-20,2023-12-21,Central India,Raipur,Stout_650ml,Modern Trade,WH-KOL-01,PackRight Solutions,Road (Truck),99,228,114.0,22572,11286.0,50.0,173.35,3,Yes,Delivered On Time,1.63
ORD-01953,2023-01-09,2023-01-11,2023-01-18,2023-01-17,Central India,Raipur,Premium_Lager_330ml,On-Premise (Bar/Restaurant),WH-KOL-01,BrewMalt India,Rail Freight,259,215,96.75,55685,25058.25,55.0,349.29,7,No,Delivered Late,0.97
ORD-01954,2024-07-16,2024-07-17,2024-07-21,2024-07-21,West India,Surat,Stout_650ml,Modern Trade,WH-BLR-01,PackRight Solutions,Road (Truck),37,211,105.5,7807,3903.5,50.0,38.18,4,Yes,Delivered On Time,0.73
ORD-01955,2024-11-13,2024-11-14,2024-11-16,2024-11-17,West India,Pune,Stout_650ml,On-Premise (Bar/Restaurant),WH-HYD-01,AquaPure Beverages,Road (Mini-Truck),394,223,111.5,87862,43931.0,50.0,621.29,2,Yes,Delivered On Time,1.45
ORD-01956,2023-03-29,2023-03-31,2023-04-01,2023-04-02,North India,Jaipur,Strong_Beer_500ml,Modern Trade,WH-KOL-01,PackRight Solutions,Road (Mini-Truck),603,179,76.97,107937,46412.91,57.0,702.69,1,No,Delivered On Time,1.64
ORD-01957,2024-01-03,2024-01-04,2024-01-09,2024-01-10,East India,Guwahati,Lager_500ml,On-Premise (Bar/Restaurant),WH-KOL-01,BrewMalt India,Road (Truck),434,180,75.6,78120,32810.4,58.0,719.92,5,Yes,Delivered On Time,1.03
ORD-01958,2024-11-30,2024-12-01,2024-12-05,2024-12-04,North India,Jaipur,IPA_330ml,On-Premise (Bar/Restaurant),WH-BLR-01,PackRight Solutions,Road (Mini-Truck),267,172,68.8,45924,18369.6,60.0,411.02,4,No,Delivered Late,1.37
ORD-01959,2024-02-23,2024-02-24,2024-02-28,2024-02-29,East India,Kolkata,Stout_650ml,On-Premise (Bar/Restaurant),WH-DEL-01,GrainSource Ltd,Road (Mini-Truck),420,228,114.0,95760,47880.0,50.0,368.53,4,Yes,Delivered On Time,1.02
ORD-01960,2024-07-03,2024-07-04,2024-07-10,2024-07-11,South India,Mysuru,IPA_330ml,Modern Trade,WH-KOL-01,BrewMalt India,Rail Freight,164,175,70.0,28700,11480.0,60.0,167.46,6,Yes,Delivered On Time,0.75
ORD-01961,2024-01-21,2024-01-24,2024-01-26,2024-01-26,South India,Mysuru,Stout_650ml,E-Commerce,WH-KOL-01,PackRight Solutions,Road (Mini-Truck),236,226,113.0,53336,26668.0,50.0,492.06,2,Yes,Delivered On Time,1.16
ORD-01962,2024-11-18,2024-11-19,2024-11-25,2024-11-27,East India,Ranchi,Wheat_330ml,E-Commerce,WH-HYD-01,BrewMalt India,Rail Freight,311,156,59.28,48516,18436.08,62.0,260.29,6,Yes,Delivered On Time,1.45
ORD-01963,2024-09-17,2024-09-18,2024-09-23,2024-09-23,South India,Kochi,Premium_Lager_330ml,E-Commerce,WH-HYD-01,AquaPure Beverages,Road (Truck),54,214,96.3,11556,5200.2,55.0,56.73,5,Yes,Delivered On Time,1.09
ORD-01964,2023-08-10,2023-08-11,2023-08-13,2023-08-15,West India,Ahmedabad,Premium_Lager_330ml,E-Commerce,WH-KOL-01,GrainSource Ltd,Road (Truck),183,194,87.3,35502,15975.9,55.0,225.34,2,Yes,Delivered On Time,0.7
ORD-01965,2024-01-22,2024-01-23,2024-01-26,2024-01-27,South India,Mysuru,Stout_650ml,E-Commerce,WH-HYD-01,HopCo Supplies,Road (Mini-Truck),467,217,108.5,101339,50669.5,50.0,493.11,3,Yes,Delivered On Time,1.12
ORD-01966,2023-02-18,2023-02-19,2023-02-24,2023-02-25,East India,Guwahati,Strong_Beer_500ml,E-Commerce,WH-DEL-01,AquaPure Beverages,Road (Truck),166,191,82.13,31706,13633.58,57.0,233.64,5,Yes,Delivered On Time,1.03
ORD-01967,2024-02-06,2024-02-07,2024-02-10,2024-02-11,West India,Pune,Strong_Beer_500ml,E-Commerce,WH-MUM-01,PackRight Solutions,Road (Truck),216,187,80.41,40392,17368.56,57.0,508.73,3,Yes,Delivered On Time,1.03
ORD-01968,2024-12-01,2024-12-02,2024-12-04,2024-12-05,West India,Surat,Stout_650ml,E-Commerce,WH-BLR-01,HopCo Supplies,Road (Mini-Truck),242,240,120.0,58080,29040.0,50.0,435.27,2,Yes,Delivered On Time,1.41
ORD-01969,2023-09-03,2023-09-04,2023-09-05,2023-09-06,West India,Surat,Light_Beer_330ml,On-Premise (Bar/Restaurant),WH-DEL-01,AquaPure Beverages,Air Freight,299,143,51.48,42757,15392.52,64.0,315.6,1,Yes,Delivered On Time,1.04
ORD-01970,2023-12-26,2023-12-27,2023-12-29,2023-12-30,West India,Surat,Stout_650ml,Modern Trade,WH-BLR-01,BrewMalt India,Road (Mini-Truck),131,212,106.0,27772,13886.0,50.0,277.83,2,Yes,Delivered On Time,1.38
ORD-01971,2023-10-12,2023-10-13,2023-10-16,2023-10-17,Central India,Gwalior,Lager_500ml,Modern Trade,WH-DEL-01,GrainSource Ltd,Road (Mini-Truck),731,183,76.86,133773,56184.66,58.0,885.74,3,Yes,Delivered On Time,1.6
ORD-01972,2023-12-17,2023-12-18,2023-12-24,2023-12-24,East India,Patna,Wheat_330ml,On-Premise (Bar/Restaurant),WH-KOL-01,BrewMalt India,Road (Truck),255,167,63.46,42585,16182.3,62.0,217.83,6,Yes,Delivered On Time,1.68
ORD-01973,2023-03-13,2023-03-14,2023-03-18,2023-03-17,North India,Chandigarh,IPA_330ml,Modern Trade,WH-HYD-01,PackRight Solutions,Road (Mini-Truck),231,176,70.4,40656,16262.4,60.0,215.35,4,No,Delivered Late,1.32
ORD-01974,2023-03-30,2023-03-31,2023-04-02,2023-04-03,Central India,Gwalior,Premium_Lager_330ml,E-Commerce,WH-BLR-01,GrainSource Ltd,Air Freight,606,218,98.1,132108,59448.6,55.0,1296.14,2,No,Delivered On Time,1.52
ORD-01975,2024-03-11,2024-03-12,2024-03-15,2024-03-16,West India,Surat,Lager_500ml,On-Premise (Bar/Restaurant),WH-BLR-01,AquaPure Beverages,Road (Truck),519,190,79.8,98610,41416.2,58.0,415.25,3,Yes,Delivered On Time,1.67
ORD-01976,2024-12-26,2024-12-27,2025-01-02,2025-01-03,Central India,Jabalpur,IPA_330ml,E-Commerce,WH-HYD-01,GrainSource Ltd,Rail Freight,664,161,64.4,106904,42761.6,60.0,1208.93,6,Yes,Delivered On Time,1.55
ORD-01977,2024-12-19,2024-12-20,2024-12-22,2024-12-23,North India,Amritsar,Strong_Beer_500ml,Modern Trade,WH-BLR-01,GrainSource Ltd,Road (Mini-Truck),233,165,70.95,38445,16531.35,57.0,353.88,2,Yes,Delivered On Time,1.39
ORD-01978,2024-03-08,2024-03-09,2024-03-11,2024-03-12,North India,Chandigarh,Stout_650ml,E-Commerce,WH-MUM-01,AquaPure Beverages,Road (Mini-Truck),176,212,106.0,37312,18656.0,50.0,167.2,2,Yes,Delivered On Time,1.37
ORD-01979,2023-09-07,2023-09-08,2023-09-11,2023-09-12,West India,Mumbai,Stout_650ml,E-Commerce,WH-BLR-01,GrainSource Ltd,Road (Truck),337,236,118.0,79532,39766.0,50.0,464.15,3,Yes,Delivered On Time,0.96
ORD-01980,2023-12-02,2023-12-03,2023-12-07,2023-12-07,West India,Ahmedabad,Light_Beer_330ml,On-Premise (Bar/Restaurant),WH-MUM-01,HopCo Supplies,Road (Truck),298,133,47.88,39634,14268.24,64.0,322.74,4,Yes,Delivered On Time,1.54
ORD-01981,2024-07-04,2024-07-05,2024-07-07,2024-07-08,Central India,Jabalpur,Strong_Beer_500ml,General Trade,WH-BLR-01,AquaPure Beverages,Air Freight,331,187,80.41,61897,26615.71,57.0,752.7,2,Yes,Delivered On Time,0.83
ORD-01982,2024-01-11,2024-01-12,2024-01-13,2024-01-14,West India,Ahmedabad,Lager_500ml,General Trade,WH-DEL-01,AquaPure Beverages,Air Freight,363,176,73.92,63888,26832.96,58.0,455.5,1,Yes,Delivered On Time,0.92
ORD-01983,2024-09-28,2024-09-29,2024-10-03,2024-10-05,East India,Ranchi,Light_Beer_330ml,Modern Trade,WH-BLR-01,GrainSource Ltd,Road (Truck),527,147,52.92,77469,27888.84,64.0,914.68,4,Yes,Delivered On Time,1.18
ORD-01984,2024-12-23,2024-12-25,2025-01-01,2024-12-30,East India,Ranchi,Light_Beer_330ml,Modern Trade,WH-HYD-01,PackRight Solutions,Road (Truck),752,132,47.52,99264,35735.04,64.0,1063.11,7,No,Delivered Late,1.65
ORD-01985,2024-07-04,2024-07-05,2024-07-08,2024-07-09,North India,Jaipur,IPA_330ml,On-Premise (Bar/Restaurant),WH-HYD-01,PackRight Solutions,Road (Truck),316,153,61.2,48348,19339.2,60.0,560.05,3,Yes,Delivered On Time,0.65
ORD-01986,2023-07-13,2023-07-16,2023-07-20,2023-07-20,North India,Delhi,Wheat_330ml,Modern Trade,WH-BLR-01,PackRight Solutions,Rail Freight,270,159,60.42,42930,16313.4,62.0,263.18,4,Yes,Delivered On Time,0.66
ORD-01987,2023-04-15,2023-04-16,2023-04-24,2023-04-24,East India,Ranchi,IPA_330ml,General Trade,WH-DEL-01,GrainSource Ltd,Rail Freight,428,160,64.0,68480,27392.0,60.0,1062.83,8,Yes,Delivered On Time,1.37
ORD-01988,2024-10-18,2024-10-19,2024-10-21,2024-10-23,West India,Mumbai,Wheat_330ml,General Trade,WH-DEL-01,GrainSource Ltd,Road (Truck),216,167,63.46,36072,13707.36,62.0,242.5,2,Yes,Delivered On Time,1.44
ORD-01989,2024-12-30,2025-01-02,2025-01-07,2025-01-06,East India,Kolkata,IPA_330ml,E-Commerce,WH-HYD-01,GrainSource Ltd,Road (Truck),99,169,67.6,16731,6692.4,60.0,190.89,5,No,Delivered Late,1.34
ORD-01990,2023-11-09,2023-11-10,2023-11-14,2023-11-15,East India,Guwahati,IPA_330ml,E-Commerce,WH-MUM-01,HopCo Supplies,Road (Mini-Truck),293,153,61.2,44829,17931.6,60.0,528.78,4,Yes,Delivered On Time,1.43
ORD-01991,2024-03-02,2024-03-03,2024-03-06,2024-03-07,West India,Nagpur,Light_Beer_330ml,On-Premise (Bar/Restaurant),WH-BLR-01,BrewMalt India,Road (Truck),130,159,57.24,20670,7441.2,64.0,196.68,3,Yes,Delivered On Time,1.42
ORD-01992,2024-12-20,2024-12-21,2024-12-24,2024-12-25,West India,Surat,Strong_Beer_500ml,Modern Trade,WH-DEL-01,PackRight Solutions,Road (Truck),596,169,72.67,100724,43311.32,57.0,601.93,3,Yes,Delivered On Time,1.59
ORD-01993,2024-10-10,2024-10-11,2024-10-13,2024-10-15,South India,Kochi,Light_Beer_330ml,General Trade,WH-MUM-01,PackRight Solutions,Road (Mini-Truck),375,159,57.24,59625,21465.0,64.0,832.73,2,Yes,Delivered On Time,1.62
ORD-01994,2024-12-26,2024-12-27,2024-12-30,2024-12-31,West India,Pune,Lager_500ml,General Trade,WH-BLR-01,GrainSource Ltd,Road (Truck),67,170,71.4,11390,4783.8,58.0,125.83,3,Yes,Delivered On Time,1.33
ORD-01995,2023-02-20,2023-02-21,2023-02-25,2023-02-24,West India,Pune,Light_Beer_330ml,General Trade,WH-HYD-01,GrainSource Ltd,Road (Mini-Truck),144,134,48.24,19296,6946.56,64.0,180.64,4,No,In Transit,1.11
ORD-01996,2024-07-23,2024-07-24,2024-07-29,2024-07-31,Central India,Jabalpur,Strong_Beer_500ml,General Trade,WH-BLR-01,BrewMalt India,Rail Freight,80,169,72.67,13520,5813.6,57.0,186.53,5,Yes,Delivered On Time,0.72
ORD-01997,2024-06-12,2024-06-13,2024-06-20,2024-06-21,East India,Ranchi,Light_Beer_330ml,Modern Trade,WH-MUM-01,HopCo Supplies,Rail Freight,471,142,51.12,66882,24077.52,64.0,1125.7,7,Yes,Delivered On Time,1.02
ORD-01998,2023-09-27,2023-09-28,2023-10-05,2023-10-06,East India,Kolkata,IPA_330ml,On-Premise (Bar/Restaurant),WH-BLR-01,BrewMalt India,Rail Freight,479,162,64.8,77598,31039.2,60.0,967.88,7,Yes,Delivered On Time,1.04
ORD-01999,2024-12-05,2024-12-07,2024-12-12,2024-12-12,East India,Kolkata,Strong_Beer_500ml,On-Premise (Bar/Restaurant),WH-KOL-01,HopCo Supplies,Road (Truck),95,168,72.24,15960,6862.8,57.0,145.67,5,Yes,Delivered On Time,1.4
ORD-02000,2024-06-06,2024-06-07,2024-06-11,2024-06-12,South India,Mysuru,Premium_Lager_330ml,E-Commerce,WH-HYD-01,HopCo Supplies,Road (Truck),515,202,90.9,104030,46813.5,55.0,948.98,4,Yes,Delivered On Time,1.03
