Route_ID,Date,Region,Origin_Hub,Destination_City,Vehicle_Type,Vehicle_Capacity_Cases,Load_Cases,Utilization_Pct,Distance_KM,Avg_Speed_KMPH,Travel_Time_Hrs,No_of_Stops,Total_Time_Hrs,Fuel_Litres,Fuel_Cost_INR,Toll_Cost_INR,Driver_Cost_INR,Total_Route_Cost_INR,Cost_Per_Case_INR,Delivery_Delay_Min,On_Time_Delivery
RT-0001,2024-09-07,West India,Mumbai Hub,Surat,20-ft Truck,500,316,63.2,132,43,3.07,4,5.59,21.98,2077.11,176.39,976.82,3230.32,10.22,0,Yes
RT-0002,2024-10-17,South India,Bengaluru Hub,Kochi,Mini Truck (14-ft),250,167,66.8,420,51,8.24,8,13.69,71.79,6784.16,607.35,1838.84,9230.35,55.27,0,Yes
RT-0003,2024-02-11,East India,Kolkata Hub,Kolkata,Tempo,80,69,86.2,361,33,10.94,9,14.61,69.82,6597.99,570.79,2250.18,9418.96,136.51,0,Yes
RT-0004,2024-08-14,West India,Mumbai Hub,Nagpur,Tempo,80,74,92.5,251,31,8.1,7,10.3,28.49,2692.3,452.1,1851.95,4996.35,67.52,56,No
RT-0005,2024-06-07,Central India,Bhopal Hub,Indore,Tempo,80,78,97.5,105,30,3.5,3,4.28,15.23,1439.24,204.49,541.39,2185.12,28.01,2,Yes
RT-0006,2024-10-06,Central India,Bhopal Hub,Bhopal,20-ft Truck,500,294,58.8,282,53,5.32,5,8.82,31.7,2995.65,478.44,1370.96,4845.05,16.48,16,Yes
RT-0007,2024-02-19,West India,Mumbai Hub,Vadodara,Tata Ace,120,99,82.5,370,58,6.38,2,7.01,43.76,4135.32,606.63,1260.24,6002.19,60.63,0,Yes
RT-0008,2024-05-11,North India,Delhi Hub,Lucknow,20-ft Truck,500,315,63.0,224,37,6.05,5,9.5,35.69,3372.7,335.73,1317.77,5026.2,15.96,0,Yes
RT-0009,2024-07-23,North India,Delhi Hub,Agra,Tata Ace,120,77,64.2,362,32,11.31,10,15.25,49.3,4658.85,313.76,2093.91,7066.52,91.77,0,Yes
RT-0010,2024-12-01,West India,Mumbai Hub,Surat,Tata Ace,120,65,54.2,107,30,3.57,7,7.85,16.23,1533.74,152.11,1137.57,2823.42,43.44,39,No
RT-0011,2024-08-12,South India,Bengaluru Hub,Coimbatore,Mini Truck (14-ft),250,139,55.6,367,48,7.65,5,10.81,46.77,4419.77,659.23,1628.9,6707.9,48.26,0,Yes
RT-0012,2024-07-28,West India,Mumbai Hub,Ahmedabad,32-ft Truck,800,510,63.7,365,48,7.6,9,12.25,41.86,3955.77,423.24,2333.95,6712.96,13.16,35,No
RT-0013,2024-12-06,Central India,Bhopal Hub,Indore,20-ft Truck,500,450,90.0,114,52,2.19,7,7.05,17.86,1687.77,197.66,1237.61,3123.04,6.94,27,Yes
RT-0014,2024-09-29,South India,Bengaluru Hub,Vizag,Mini Truck (14-ft),250,218,87.2,395,42,9.4,8,14.84,61.89,5848.61,537.15,1914.16,8299.92,38.07,8,Yes
RT-0015,2024-11-06,South India,Bengaluru Hub,Bengaluru,Mini Truck (14-ft),250,154,61.6,276,56,4.93,5,6.84,32.83,3102.43,381.87,1127.44,4611.74,29.95,0,Yes
RT-0016,2024-11-16,East India,Kolkata Hub,Bhubaneswar,Mini Truck (14-ft),250,138,55.2,172,32,5.38,11,8.31,32.87,3106.21,209.77,1642.59,4958.57,35.93,0,Yes
RT-0017,2024-07-18,Central India,Bhopal Hub,Gwalior,20-ft Truck,500,276,55.2,217,53,4.09,4,5.62,34.36,3247.02,440.3,1079.83,4767.15,17.27,37,No
RT-0018,2024-09-02,West India,Mumbai Hub,Nagpur,Tempo,80,47,58.8,199,44,4.52,5,6.45,27.3,2579.85,407.09,971.45,3958.39,84.22,0,Yes
RT-0019,2024-12-01,Central India,Bhopal Hub,Ujjain,Tata Ace,120,114,95.0,355,38,9.34,3,10.89,39.49,3731.81,544.02,1406.87,5682.7,49.85,14,Yes
RT-0020,2024-07-22,North India,Delhi Hub,Amritsar,Mini Truck (14-ft),250,182,72.8,339,28,12.11,11,16.61,56.07,5298.61,335.82,3215.69,8850.12,48.63,2,Yes
RT-0021,2024-05-19,North India,Delhi Hub,Delhi,20-ft Truck,500,342,68.4,299,46,6.5,4,9.18,57.17,5402.57,563.63,1270.22,7236.42,21.16,22,Yes
RT-0022,2024-12-13,East India,Kolkata Hub,Siliguri,20-ft Truck,500,326,65.2,412,63,6.54,4,8.94,54.14,5116.23,799.81,1131.06,7047.1,21.62,38,No
RT-0023,2024-11-07,North India,Delhi Hub,Meerut,32-ft Truck,800,430,53.8,91,62,1.47,3,2.27,12.91,1220.0,121.12,336.67,1677.79,3.9,15,Yes
RT-0024,2024-09-23,Central India,Bhopal Hub,Indore,20-ft Truck,500,252,50.4,190,55,3.45,5,5.47,23.88,2256.66,190.99,937.73,3385.38,13.43,0,Yes
RT-0025,2024-03-26,North India,Delhi Hub,Lucknow,20-ft Truck,500,274,54.8,415,43,9.65,11,14.84,50.78,4798.71,839.91,1875.99,7514.61,27.43,32,No
RT-0026,2024-10-11,West India,Mumbai Hub,Ahmedabad,20-ft Truck,500,248,49.6,314,53,5.92,2,6.72,55.72,5265.54,666.03,1280.0,7211.57,29.08,0,Yes
RT-0027,2024-07-11,East India,Kolkata Hub,Patna,32-ft Truck,800,578,72.2,52,30,1.73,7,4.05,6.72,635.04,103.23,701.13,1439.4,2.49,34,No
RT-0028,2024-03-30,East India,Kolkata Hub,Ranchi,20-ft Truck,500,302,60.4,370,29,12.76,6,16.48,55.42,5237.19,666.69,2999.02,8902.9,29.48,0,Yes
RT-0029,2024-04-02,Central India,Bhopal Hub,Jabalpur,Tempo,80,49,61.3,138,44,3.14,4,5.83,25.67,2425.82,111.23,1139.7,3676.75,75.04,18,Yes
RT-0030,2024-08-16,East India,Kolkata Hub,Kolkata,Tempo,80,52,65.0,108,65,1.66,8,4.26,12.37,1168.96,91.78,646.1,1906.84,36.67,0,Yes
RT-0031,2024-02-21,North India,Delhi Hub,Lucknow,Mini Truck (14-ft),250,199,79.6,237,36,6.58,9,12.96,44.18,4175.01,356.15,1796.38,6327.54,31.8,0,Yes
RT-0032,2024-09-15,West India,Mumbai Hub,Nagpur,20-ft Truck,500,313,62.6,83,58,1.43,5,3.11,10.72,1013.04,85.9,501.54,1600.48,5.11,4,Yes
RT-0033,2024-11-17,Central India,Bhopal Hub,Bhopal,20-ft Truck,500,493,98.6,131,54,2.43,8,6.53,24.76,2339.82,150.74,1184.34,3674.9,7.45,3,Yes
RT-0034,2024-10-22,North India,Delhi Hub,Delhi,20-ft Truck,500,386,77.2,112,31,3.61,12,8.37,18.44,1742.58,234.35,1175.09,3152.02,8.17,25,Yes
RT-0035,2024-06-30,Central India,Bhopal Hub,Raipur,32-ft Truck,800,546,68.2,73,38,1.92,7,5.03,9.38,886.41,112.65,683.32,1682.38,3.08,71,No
RT-0036,2024-01-15,South India,Bengaluru Hub,Chennai,Mini Truck (14-ft),250,209,83.6,24,50,0.48,7,5.34,4.01,378.94,24.36,672.44,1075.74,5.15,33,No
RT-0037,2024-08-04,South India,Bengaluru Hub,Chennai,20-ft Truck,500,356,71.2,404,32,12.62,12,15.62,74.05,6997.72,569.72,2738.97,10306.41,28.95,35,No
RT-0038,2024-06-15,Central India,Bhopal Hub,Jabalpur,Tata Ace,120,87,72.5,182,50,3.64,3,4.8,30.47,2879.41,382.65,660.37,3922.43,45.09,7,Yes
RT-0039,2024-01-10,Central India,Bhopal Hub,Bhopal,20-ft Truck,500,382,76.4,333,43,7.74,5,10.1,49.12,4641.84,274.26,1812.91,6729.01,17.62,33,No
RT-0040,2024-02-24,East India,Kolkata Hub,Guwahati,Tata Ace,120,110,91.7,233,48,4.85,10,12.33,31.4,2967.3,360.78,2339.27,5667.35,51.52,23,Yes
RT-0041,2024-03-07,East India,Kolkata Hub,Guwahati,Tata Ace,120,62,51.7,317,45,7.04,9,12.63,49.89,4714.61,517.82,2219.37,7451.8,120.19,21,Yes
RT-0042,2024-08-08,West India,Mumbai Hub,Pune,20-ft Truck,500,234,46.8,25,35,0.71,7,3.22,3.26,308.07,54.77,389.68,752.52,3.22,15,Yes
RT-0043,2024-06-04,East India,Kolkata Hub,Bhubaneswar,Tata Ace,120,90,75.0,105,54,1.94,3,3.15,18.3,1729.35,145.54,537.22,2412.11,26.8,65,No
RT-0044,2024-03-06,East India,Kolkata Hub,Jamshedpur,Tempo,80,46,57.5,400,45,8.89,3,9.69,53.91,5094.49,359.11,1529.83,6983.43,151.81,40,No
RT-0045,2024-09-14,East India,Kolkata Hub,Ranchi,Mini Truck (14-ft),250,240,96.0,171,56,3.05,6,6.05,22.68,2143.26,246.79,798.12,3188.17,13.28,5,Yes
RT-0046,2024-07-23,South India,Bengaluru Hub,Mysuru,20-ft Truck,500,489,97.8,51,42,1.21,10,5.89,9.14,863.73,40.82,1048.38,1952.93,3.99,23,Yes
RT-0047,2024-03-16,Central India,Bhopal Hub,Bilaspur,32-ft Truck,800,576,72.0,60,55,1.09,9,3.82,11.95,1129.27,121.03,485.32,1735.62,3.01,12,Yes
RT-0048,2024-01-22,East India,Kolkata Hub,Siliguri,20-ft Truck,500,322,64.4,60,35,1.71,7,3.55,7.19,679.46,73.01,521.08,1273.55,3.96,28,Yes
RT-0049,2024-04-16,West India,Mumbai Hub,Nashik,Tempo,80,66,82.5,292,50,5.84,5,7.96,56.46,5335.47,366.5,1536.39,7238.36,109.67,63,No
RT-0050,2024-01-09,Central India,Bhopal Hub,Gwalior,20-ft Truck,500,468,93.6,98,50,1.96,10,5.34,13.86,1309.77,188.0,771.85,2269.62,4.85,0,Yes
RT-0051,2024-12-18,Central India,Bhopal Hub,Gwalior,20-ft Truck,500,290,58.0,238,30,7.93,3,9.48,26.98,2549.61,376.35,1770.11,4696.07,16.19,22,Yes
RT-0052,2024-07-19,North India,Delhi Hub,Meerut,Mini Truck (14-ft),250,120,48.0,356,49,7.27,8,10.06,63.23,5975.23,372.29,1281.62,7629.14,63.58,31,No
RT-0053,2024-05-14,West India,Mumbai Hub,Vadodara,Mini Truck (14-ft),250,209,83.6,205,65,3.15,12,11.15,31.49,2975.8,194.16,1519.77,4689.73,22.44,14,Yes
RT-0054,2024-07-27,North India,Delhi Hub,Delhi,20-ft Truck,500,385,77.0,318,43,7.4,11,10.83,41.53,3924.59,383.2,2108.16,6415.95,16.66,0,Yes
RT-0055,2024-07-15,South India,Bengaluru Hub,Chennai,Mini Truck (14-ft),250,145,58.0,162,29,5.59,10,10.63,26.78,2530.71,185.61,1720.9,4437.22,30.6,26,Yes
RT-0056,2024-01-20,North India,Delhi Hub,Agra,Tempo,80,37,46.2,266,42,6.33,9,11.51,38.0,3591.0,325.09,2098.96,6015.05,162.57,27,Yes
RT-0057,2024-04-20,South India,Bengaluru Hub,Kochi,Tata Ace,120,62,51.7,196,63,3.11,4,6.04,22.51,2127.2,254.29,1082.53,3464.02,55.87,21,Yes
RT-0058,2024-03-20,North India,Delhi Hub,Jaipur,20-ft Truck,500,493,98.6,405,57,7.11,9,12.22,80.8,7635.6,736.89,2059.94,10432.43,21.16,10,Yes
RT-0059,2024-09-12,West India,Mumbai Hub,Pune,Tata Ace,120,112,93.3,162,29,5.59,2,6.39,21.6,2041.2,285.3,1057.97,3384.47,30.22,46,No
RT-0060,2024-12-12,South India,Bengaluru Hub,Hyderabad,Mini Truck (14-ft),250,150,60.0,368,30,12.27,7,16.04,56.69,5357.2,727.88,2779.81,8864.89,59.1,0,Yes
RT-0061,2024-01-16,East India,Kolkata Hub,Bhubaneswar,Mini Truck (14-ft),250,234,93.6,55,52,1.06,8,5.94,9.1,859.95,90.66,940.62,1891.23,8.08,0,Yes
RT-0062,2024-07-24,East India,Kolkata Hub,Bhubaneswar,32-ft Truck,800,705,88.1,379,29,13.07,4,15.13,64.35,6081.07,438.93,2291.79,8811.79,12.5,0,Yes
RT-0063,2024-10-17,South India,Bengaluru Hub,Hyderabad,20-ft Truck,500,309,61.8,18,37,0.49,10,5.31,2.95,278.78,35.55,904.76,1219.09,3.95,10,Yes
RT-0064,2024-12-18,South India,Bengaluru Hub,Coimbatore,Mini Truck (14-ft),250,240,96.0,219,63,3.48,12,10.0,26.77,2529.76,318.41,1600.11,4448.28,18.53,0,Yes
RT-0065,2024-12-30,West India,Mumbai Hub,Ahmedabad,Tata Ace,120,94,78.3,183,41,4.46,3,5.34,20.57,1943.87,340.82,980.31,3265.0,34.73,0,Yes
RT-0066,2024-06-22,West India,Mumbai Hub,Pune,20-ft Truck,500,319,63.8,45,31,1.45,3,3.15,6.9,652.05,81.93,443.98,1177.96,3.69,55,No
RT-0067,2024-10-18,Central India,Bhopal Hub,Bhopal,Tempo,80,77,96.2,299,55,5.44,11,12.99,44.37,4192.97,355.16,2557.27,7105.4,92.28,2,Yes
RT-0068,2024-08-16,East India,Kolkata Hub,Siliguri,Tata Ace,120,115,95.8,242,57,4.25,4,6.16,34.21,3232.85,395.85,887.01,4515.71,39.27,2,Yes
RT-0069,2024-04-10,Central India,Bhopal Hub,Jabalpur,Tata Ace,120,115,95.8,32,57,0.56,5,2.11,4.6,434.7,42.67,403.21,880.58,7.66,8,Yes
RT-0070,2024-05-09,South India,Bengaluru Hub,Vizag,32-ft Truck,800,640,80.0,234,62,3.77,2,4.38,31.82,3006.99,249.05,860.12,4116.16,6.43,20,Yes
RT-0071,2024-05-15,North India,Delhi Hub,Chandigarh,Mini Truck (14-ft),250,127,50.8,37,40,0.93,2,1.62,4.22,398.79,81.1,222.05,701.94,5.53,12,Yes
RT-0072,2024-04-19,West India,Mumbai Hub,Ahmedabad,Tata Ace,120,98,81.7,187,43,4.35,6,5.9,27.47,2595.91,193.43,1158.79,3948.13,40.29,0,Yes
RT-0073,2024-05-10,West India,Mumbai Hub,Vadodara,20-ft Truck,500,413,82.6,189,39,4.85,12,10.67,24.82,2345.49,359.5,1690.21,4395.2,10.64,0,Yes
RT-0074,2024-07-06,Central India,Bhopal Hub,Gwalior,32-ft Truck,800,415,51.9,29,55,0.53,7,4.69,3.33,314.69,23.34,702.63,1040.66,2.51,13,Yes
RT-0075,2024-12-08,Central India,Bhopal Hub,Raipur,Mini Truck (14-ft),250,193,77.2,395,44,8.98,8,11.65,47.52,4490.64,683.93,2176.39,7350.96,38.09,21,Yes
RT-0076,2024-03-08,West India,Mumbai Hub,Mumbai,Tata Ace,120,79,65.8,72,50,1.44,8,6.89,8.08,763.56,144.11,856.41,1764.08,22.33,9,Yes
RT-0077,2024-12-09,Central India,Bhopal Hub,Raipur,Tata Ace,120,104,86.7,100,28,3.57,7,6.42,15.37,1452.46,149.67,1177.85,2779.98,26.73,31,No
RT-0078,2024-05-06,North India,Delhi Hub,Meerut,32-ft Truck,800,376,47.0,171,50,3.42,9,6.32,30.82,2912.49,292.63,1050.79,4255.91,11.32,46,No
RT-0079,2024-07-03,East India,Kolkata Hub,Bhubaneswar,32-ft Truck,800,489,61.1,235,35,6.71,11,9.92,32.46,3067.47,188.33,1659.97,4915.77,10.05,22,Yes
RT-0080,2024-04-26,South India,Bengaluru Hub,Mysuru,Tata Ace,120,83,69.2,124,55,2.25,10,7.02,18.6,1757.7,249.16,952.8,2959.66,35.66,39,No
RT-0081,2024-08-11,East India,Kolkata Hub,Ranchi,32-ft Truck,800,471,58.9,189,57,3.32,5,4.82,24.19,2285.95,161.28,590.47,3037.7,6.45,27,Yes
RT-0082,2024-07-09,North India,Delhi Hub,Delhi,32-ft Truck,800,368,46.0,142,33,4.3,3,5.16,26.71,2524.1,257.38,999.2,3780.68,10.27,59,No
RT-0083,2024-06-06,East India,Kolkata Hub,Bhubaneswar,20-ft Truck,500,249,49.8,234,39,6.0,9,9.13,34.15,3227.17,489.69,1354.51,5071.37,20.37,0,Yes
RT-0084,2024-10-10,Central India,Bhopal Hub,Bhopal,Mini Truck (14-ft),250,163,65.2,37,60,0.62,10,4.7,4.86,459.27,61.31,605.63,1126.21,6.91,0,Yes
RT-0085,2024-05-15,West India,Mumbai Hub,Nashik,20-ft Truck,500,242,48.4,98,58,1.69,3,3.63,17.1,1615.95,96.29,617.46,2329.7,9.63,30,No
RT-0086,2024-10-22,North India,Delhi Hub,Agra,20-ft Truck,500,489,97.8,408,62,6.58,2,7.76,60.33,5701.18,673.84,1315.74,7690.76,15.73,0,Yes
RT-0087,2024-11-24,East India,Kolkata Hub,Ranchi,20-ft Truck,500,462,92.4,290,50,5.8,9,11.43,35.49,3353.81,478.8,1471.01,5303.62,11.48,45,No
RT-0088,2024-04-05,North India,Delhi Hub,Lucknow,Mini Truck (14-ft),250,247,98.8,79,61,1.3,11,6.36,10.34,977.13,151.57,906.7,2035.4,8.24,49,No
RT-0089,2024-03-27,East India,Kolkata Hub,Ranchi,32-ft Truck,800,667,83.4,116,60,1.93,6,4.51,13.19,1246.45,195.14,715.23,2156.82,3.23,0,Yes
RT-0090,2024-12-23,East India,Kolkata Hub,Patna,Mini Truck (14-ft),250,165,66.0,357,45,7.93,6,10.1,50.79,4799.65,336.39,1863.62,6999.66,42.42,0,Yes
RT-0091,2024-07-12,Central India,Bhopal Hub,Indore,Mini Truck (14-ft),250,177,70.8,250,39,6.41,5,9.97,40.21,3799.85,210.23,1562.72,5572.8,31.48,35,No
RT-0092,2024-01-13,South India,Bengaluru Hub,Mysuru,Mini Truck (14-ft),250,135,54.0,86,52,1.65,10,8.38,11.59,1095.25,133.47,1136.13,2364.85,17.52,14,Yes
RT-0093,2024-10-27,Central India,Bhopal Hub,Bhopal,Mini Truck (14-ft),250,223,89.2,171,60,2.85,8,7.96,20.1,1899.45,314.42,1588.52,3802.39,17.05,0,Yes
RT-0094,2024-10-15,Central India,Bhopal Hub,Raipur,20-ft Truck,500,390,78.0,67,29,2.31,12,11.02,8.21,775.85,123.63,1945.04,2844.52,7.29,0,Yes
RT-0095,2024-04-15,South India,Bengaluru Hub,Vizag,20-ft Truck,500,469,93.8,419,30,13.97,6,16.13,50.63,4784.53,606.35,2265.1,7655.98,16.32,17,Yes
RT-0096,2024-02-12,Central India,Bhopal Hub,Bhopal,32-ft Truck,800,454,56.8,287,55,5.22,11,8.78,39.44,3727.08,587.98,1622.32,5937.38,13.08,5,Yes
RT-0097,2024-06-18,North India,Delhi Hub,Agra,20-ft Truck,500,474,94.8,88,42,2.1,10,9.24,16.68,1576.26,100.83,1324.91,3002.0,6.33,22,Yes
RT-0098,2024-07-10,Central India,Bhopal Hub,Jabalpur,Tata Ace,120,95,79.2,389,38,10.24,9,13.1,65.68,6206.76,533.42,2077.05,8817.23,92.81,42,No
RT-0099,2024-02-17,West India,Mumbai Hub,Ahmedabad,32-ft Truck,800,623,77.9,38,41,0.93,9,5.52,5.32,502.74,53.93,1049.68,1606.35,2.58,0,Yes
RT-0100,2024-11-28,West India,Mumbai Hub,Nagpur,Tata Ace,120,106,88.3,260,29,8.97,5,10.78,43.39,4100.36,443.91,1441.42,5985.69,56.47,4,Yes
RT-0101,2024-03-09,South India,Bengaluru Hub,Hyderabad,20-ft Truck,500,407,81.4,371,32,11.59,11,18.56,49.25,4654.12,313.38,2521.08,7488.58,18.4,0,Yes
RT-0102,2024-12-12,North India,Delhi Hub,Chandigarh,Mini Truck (14-ft),250,161,64.4,153,51,3.0,3,4.12,24.75,2338.88,201.51,754.1,3294.49,20.46,0,Yes
RT-0103,2024-01-24,South India,Bengaluru Hub,Bengaluru,32-ft Truck,800,658,82.2,277,30,9.23,10,16.27,34.74,3282.93,415.86,2329.89,6028.68,9.16,56,No
RT-0104,2024-10-29,West India,Mumbai Hub,Pune,32-ft Truck,800,507,63.4,339,52,6.52,7,8.4,44.1,4167.45,542.54,1390.57,6100.56,12.03,22,Yes
RT-0105,2024-12-30,West India,Mumbai Hub,Mumbai,20-ft Truck,500,269,53.8,270,61,4.43,4,5.86,34.34,3245.13,395.61,758.18,4398.92,16.35,0,Yes
RT-0106,2024-03-10,Central India,Bhopal Hub,Ujjain,Tempo,80,45,56.2,44,61,0.72,4,2.5,5.33,503.69,50.85,483.42,1037.96,23.07,11,Yes
RT-0107,2024-01-27,South India,Bengaluru Hub,Bengaluru,20-ft Truck,500,402,80.4,255,40,6.38,8,10.15,30.22,2855.79,314.86,1637.13,4807.78,11.96,59,No
RT-0108,2024-08-10,East India,Kolkata Hub,Bhubaneswar,Mini Truck (14-ft),250,144,57.6,178,28,6.36,2,7.65,32.18,3041.01,270.19,1127.22,4438.42,30.82,0,Yes
RT-0109,2024-07-24,West India,Mumbai Hub,Nashik,Tata Ace,120,101,84.2,132,32,4.12,7,7.89,23.34,2205.63,272.2,1427.99,3905.82,38.67,23,Yes
RT-0110,2024-08-11,North India,Delhi Hub,Chandigarh,Mini Truck (14-ft),250,186,74.4,146,37,3.95,3,5.07,27.99,2645.05,136.65,642.54,3424.24,18.41,0,Yes
RT-0111,2024-08-08,Central India,Bhopal Hub,Bhopal,20-ft Truck,500,275,55.0,251,42,5.98,4,8.47,30.34,2867.13,327.76,1085.75,4280.64,15.57,31,No
RT-0112,2024-09-05,North India,Delhi Hub,Lucknow,Tata Ace,120,116,96.7,369,39,9.46,7,13.46,51.47,4863.91,434.37,2691.36,7989.64,68.88,8,Yes
RT-0113,2024-08-16,North India,Delhi Hub,Amritsar,32-ft Truck,800,670,83.8,35,32,1.09,5,3.2,5.15,486.68,38.63,534.98,1060.29,1.58,11,Yes
RT-0114,2024-05-02,South India,Bengaluru Hub,Chennai,Mini Truck (14-ft),250,198,79.2,173,56,3.09,3,3.84,23.52,2222.64,220.57,538.7,2981.91,15.06,0,Yes
RT-0115,2024-03-29,East India,Kolkata Hub,Patna,Mini Truck (14-ft),250,145,58.0,312,31,10.06,3,11.3,35.85,3387.83,397.8,2120.0,5905.63,40.73,28,Yes
RT-0116,2024-08-03,South India,Bengaluru Hub,Bengaluru,Mini Truck (14-ft),250,112,44.8,181,29,6.24,8,10.03,23.08,2181.06,193.61,1383.05,3757.72,33.55,47,No
RT-0117,2024-12-05,South India,Bengaluru Hub,Coimbatore,Tata Ace,120,89,74.2,356,42,8.48,3,9.73,68.26,6450.57,651.14,1226.16,8327.87,93.57,8,Yes
RT-0118,2024-08-17,West India,Mumbai Hub,Pune,20-ft Truck,500,269,53.8,319,43,7.42,7,10.72,43.56,4116.42,311.12,1631.51,6059.05,22.52,4,Yes
RT-0119,2024-10-13,East India,Kolkata Hub,Guwahati,Mini Truck (14-ft),250,178,71.2,193,59,3.27,11,9.37,32.82,3101.49,285.95,1604.45,4991.89,28.04,23,Yes
RT-0120,2024-02-19,West India,Mumbai Hub,Vadodara,Mini Truck (14-ft),250,179,71.6,240,61,3.93,6,6.33,38.59,3646.76,260.25,847.83,4754.84,26.56,25,Yes
RT-0121,2024-10-31,East India,Kolkata Hub,Kolkata,20-ft Truck,500,444,88.8,359,65,5.52,5,8.68,42.38,4004.91,716.63,1320.0,6041.54,13.61,0,Yes
RT-0122,2024-09-08,West India,Mumbai Hub,Pune,32-ft Truck,800,647,80.9,267,65,4.11,10,10.03,35.95,3397.28,226.49,1250.6,4874.37,7.53,58,No
RT-0123,2024-04-08,Central India,Bhopal Hub,Indore,Mini Truck (14-ft),250,173,69.2,366,44,8.32,7,12.11,55.68,5261.76,342.8,1899.47,7504.03,43.38,24,Yes
RT-0124,2024-06-22,North India,Delhi Hub,Lucknow,Mini Truck (14-ft),250,241,96.4,125,50,2.5,4,4.09,15.04,1421.28,233.86,499.24,2154.38,8.94,0,Yes
RT-0125,2024-02-14,East India,Kolkata Hub,Kolkata,32-ft Truck,800,631,78.9,201,46,4.37,8,10.02,23.49,2219.8,336.77,1462.29,4018.86,6.37,0,Yes
RT-0126,2024-08-09,Central India,Bhopal Hub,Jabalpur,Mini Truck (14-ft),250,197,78.8,330,28,11.79,9,17.85,38.78,3664.71,648.2,2340.09,6653.0,33.77,46,No
RT-0127,2024-03-02,West India,Mumbai Hub,Ahmedabad,32-ft Truck,800,454,56.8,261,58,4.5,8,7.78,35.09,3316.01,548.18,1205.3,5069.49,11.17,0,Yes
RT-0128,2024-01-01,Central India,Bhopal Hub,Ujjain,Tempo,80,67,83.8,165,38,4.34,9,9.01,30.17,2851.07,269.82,1304.06,4424.95,66.04,1,Yes
RT-0129,2024-04-19,North India,Delhi Hub,Amritsar,32-ft Truck,800,577,72.1,207,47,4.4,11,8.95,31.67,2992.82,321.4,1178.05,4492.27,7.79,18,Yes
RT-0130,2024-02-03,South India,Bengaluru Hub,Coimbatore,32-ft Truck,800,607,75.9,15,44,0.34,2,1.84,2.89,273.11,15.67,279.5,568.28,0.94,0,Yes
RT-0131,2024-12-08,East India,Kolkata Hub,Bhubaneswar,Mini Truck (14-ft),250,169,67.6,343,50,6.86,12,12.93,56.12,5303.34,556.42,2085.02,7944.78,47.01,9,Yes
RT-0132,2024-05-17,South India,Bengaluru Hub,Hyderabad,Mini Truck (14-ft),250,113,45.2,243,58,4.19,11,10.67,42.44,4010.58,227.44,1326.4,5564.42,49.24,3,Yes
RT-0133,2024-07-18,South India,Bengaluru Hub,Coimbatore,32-ft Truck,800,757,94.6,415,57,7.28,8,10.04,51.92,4906.44,825.85,1226.61,6958.9,9.19,1,Yes
RT-0134,2024-03-19,North India,Delhi Hub,Delhi,Tempo,80,74,92.5,297,35,8.49,10,14.1,39.37,3720.46,483.6,2737.4,6941.46,93.8,42,No
RT-0135,2024-09-05,East India,Kolkata Hub,Patna,20-ft Truck,500,416,83.2,51,34,1.5,4,3.88,7.84,740.88,60.34,527.46,1328.68,3.19,0,Yes
RT-0136,2024-07-21,Central India,Bhopal Hub,Bhopal,32-ft Truck,800,439,54.9,227,47,4.83,7,6.67,31.38,2965.41,472.74,1086.44,4524.59,10.31,0,Yes
RT-0137,2024-12-12,West India,Mumbai Hub,Pune,32-ft Truck,800,510,63.7,237,61,3.89,8,7.96,30.59,2890.76,270.47,1211.06,4372.29,8.57,32,No
RT-0138,2024-01-21,South India,Bengaluru Hub,Mysuru,20-ft Truck,500,470,94.0,274,54,5.07,2,6.07,38.6,3647.7,337.05,1069.53,5054.28,10.75,12,Yes
RT-0139,2024-04-03,North India,Delhi Hub,Meerut,32-ft Truck,800,619,77.4,177,28,6.32,7,11.25,22.36,2113.02,203.62,1520.81,3837.45,6.2,21,Yes
RT-0140,2024-12-18,West India,Mumbai Hub,Mumbai,Tempo,80,48,60.0,263,50,5.26,5,8.12,40.71,3847.1,363.94,1510.93,5721.97,119.21,54,No
RT-0141,2024-11-25,South India,Bengaluru Hub,Vizag,Tata Ace,120,56,46.7,367,46,7.98,9,13.27,46.29,4374.4,749.57,1863.94,6987.91,124.78,0,Yes
RT-0142,2024-10-01,North India,Delhi Hub,Amritsar,Tata Ace,120,84,70.0,218,43,5.07,3,6.51,37.59,3552.26,316.26,838.66,4707.18,56.04,0,Yes
RT-0143,2024-04-28,West India,Mumbai Hub,Mumbai,Tata Ace,120,80,66.7,304,51,5.96,7,9.3,56.84,5371.38,316.18,1356.72,7044.28,88.05,11,Yes
RT-0144,2024-11-02,West India,Mumbai Hub,Vadodara,20-ft Truck,500,439,87.8,211,35,6.03,6,10.06,39.99,3779.06,190.55,1798.09,5767.7,13.14,0,Yes
RT-0145,2024-03-25,South India,Bengaluru Hub,Hyderabad,Mini Truck (14-ft),250,200,80.0,46,49,0.94,3,1.92,7.71,728.6,37.56,271.64,1037.8,5.19,0,Yes
RT-0146,2024-10-21,West India,Mumbai Hub,Nashik,Tata Ace,120,78,65.0,169,46,3.67,3,4.5,31.31,2958.8,316.65,828.55,4104.0,52.62,0,Yes
RT-0147,2024-06-18,Central India,Bhopal Hub,Ujjain,20-ft Truck,500,422,84.4,213,29,7.34,6,11.32,24.21,2287.85,381.08,2047.48,4716.41,11.18,0,Yes
RT-0148,2024-08-10,North India,Delhi Hub,Lucknow,Tata Ace,120,101,84.2,332,53,6.26,8,8.8,57.3,5414.85,559.44,1100.9,7075.19,70.05,16,Yes
RT-0149,2024-05-02,West India,Mumbai Hub,Vadodara,32-ft Truck,800,537,67.1,201,58,3.47,4,5.91,35.93,3395.38,419.74,1062.24,4877.36,9.08,0,Yes
RT-0150,2024-11-15,West India,Mumbai Hub,Mumbai,Tata Ace,120,63,52.5,195,44,4.43,3,5.24,32.23,3045.73,195.57,982.04,4223.34,67.04,56,No
RT-0151,2024-09-08,East India,Kolkata Hub,Guwahati,32-ft Truck,800,657,82.1,327,47,6.96,5,9.2,64.88,6131.16,321.63,1649.41,8102.2,12.33,0,Yes
RT-0152,2024-01-27,South India,Bengaluru Hub,Bengaluru,20-ft Truck,500,471,94.2,19,61,0.31,4,2.49,2.15,203.17,32.29,407.83,643.29,1.37,0,Yes
RT-0153,2024-01-16,North India,Delhi Hub,Chandigarh,20-ft Truck,500,311,62.2,378,41,9.22,6,12.79,46.47,4391.41,615.21,1803.39,6810.01,21.9,40,No
RT-0154,2024-01-15,South India,Bengaluru Hub,Vizag,Mini Truck (14-ft),250,125,50.0,284,37,7.68,3,8.97,36.64,3462.48,493.42,1143.11,5099.01,40.79,0,Yes
RT-0155,2024-12-11,Central India,Bhopal Hub,Bhopal,20-ft Truck,500,423,84.6,27,58,0.47,3,1.67,3.26,308.07,39.09,309.7,656.86,1.55,0,Yes
RT-0156,2024-09-04,South India,Bengaluru Hub,Vizag,20-ft Truck,500,303,60.6,294,28,10.5,6,13.56,32.82,3101.49,630.99,2569.43,6301.91,20.8,13,Yes
RT-0157,2024-04-06,Central India,Bhopal Hub,Jabalpur,Mini Truck (14-ft),250,118,47.2,346,35,9.89,11,17.14,47.85,4521.82,708.57,3094.47,8324.86,70.55,0,Yes
RT-0158,2024-12-01,North India,Delhi Hub,Delhi,Mini Truck (14-ft),250,206,82.4,61,49,1.24,4,3.7,9.39,887.36,94.66,667.13,1649.15,8.01,33,No
RT-0159,2024-02-21,Central India,Bhopal Hub,Gwalior,Mini Truck (14-ft),250,113,45.2,95,42,2.26,2,3.41,12.89,1218.11,165.86,473.27,1857.24,16.44,42,No
RT-0160,2024-06-22,South India,Bengaluru Hub,Kochi,Tata Ace,120,114,95.0,162,60,2.7,7,5.45,19.31,1824.79,224.17,845.29,2894.25,25.39,0,Yes
RT-0161,2024-10-10,East India,Kolkata Hub,Ranchi,20-ft Truck,500,339,67.8,144,55,2.62,2,3.61,21.79,2059.15,310.15,435.69,2804.99,8.27,24,Yes
RT-0162,2024-03-11,South India,Bengaluru Hub,Coimbatore,Mini Truck (14-ft),250,177,70.8,202,53,3.81,8,9.63,23.2,2192.4,406.21,1704.39,4303.0,24.31,24,Yes
RT-0163,2024-02-24,South India,Bengaluru Hub,Chennai,Tempo,80,70,87.5,209,63,3.32,9,8.37,26.93,2544.88,299.09,1082.81,3926.78,56.1,24,Yes
RT-0164,2024-03-30,Central India,Bhopal Hub,Bhopal,20-ft Truck,500,432,86.4,346,63,5.49,9,10.1,46.05,4351.72,512.39,1971.48,6835.59,15.82,35,No
RT-0165,2024-06-26,East India,Kolkata Hub,Kolkata,Mini Truck (14-ft),250,148,59.2,182,44,4.14,7,6.72,20.8,1965.6,398.54,1192.04,3556.18,24.03,0,Yes
RT-0166,2024-01-01,East India,Kolkata Hub,Guwahati,Tempo,80,69,86.2,110,35,3.14,3,4.51,13.46,1271.97,150.49,644.7,2067.16,29.96,48,No
RT-0167,2024-10-11,West India,Mumbai Hub,Ahmedabad,20-ft Truck,500,363,72.6,176,40,4.4,2,5.19,24.76,2339.82,286.83,695.93,3322.58,9.15,45,No
RT-0168,2024-05-24,South India,Bengaluru Hub,Bengaluru,20-ft Truck,500,269,53.8,108,33,3.27,9,5.87,15.73,1486.49,201.69,951.71,2639.89,9.81,42,No
RT-0169,2024-04-29,Central India,Bhopal Hub,Gwalior,Tata Ace,120,107,89.2,237,51,4.65,8,7.45,42.44,4010.58,439.52,1232.42,5682.52,53.11,34,No
RT-0170,2024-06-12,East India,Kolkata Hub,Patna,Tata Ace,120,114,95.0,350,38,9.21,6,11.41,43.73,4132.48,538.63,1795.78,6466.89,56.73,31,No
RT-0171,2024-10-06,North India,Delhi Hub,Chandigarh,20-ft Truck,500,430,86.0,401,34,11.79,12,18.82,71.07,6716.11,762.77,3686.9,11165.78,25.97,0,Yes
RT-0172,2024-11-21,East India,Kolkata Hub,Siliguri,32-ft Truck,800,466,58.2,256,33,7.76,4,9.07,36.12,3413.34,280.43,1280.2,4973.97,10.67,21,Yes
RT-0173,2024-05-18,East India,Kolkata Hub,Siliguri,Mini Truck (14-ft),250,125,50.0,262,63,4.16,6,6.64,29.55,2792.47,448.97,1143.35,4384.79,35.08,21,Yes
RT-0174,2024-09-25,Central India,Bhopal Hub,Jabalpur,Tata Ace,120,65,54.2,356,59,6.03,12,12.24,65.57,6196.36,359.66,1950.29,8506.31,130.87,24,Yes
RT-0175,2024-01-12,Central India,Bhopal Hub,Raipur,Mini Truck (14-ft),250,173,69.2,332,54,6.15,2,7.14,57.32,5416.74,607.59,1177.07,7201.4,41.63,15,Yes
RT-0176,2024-11-10,North India,Delhi Hub,Jaipur,Tata Ace,120,106,88.3,326,56,5.82,12,14.71,62.06,5864.67,308.87,2288.87,8462.41,79.83,12,Yes
RT-0177,2024-10-14,Central India,Bhopal Hub,Raipur,20-ft Truck,500,474,94.8,411,47,8.74,7,11.86,68.28,6452.46,681.28,1843.26,8977.0,18.94,17,Yes
RT-0178,2024-10-05,East India,Kolkata Hub,Siliguri,20-ft Truck,500,270,54.0,376,57,6.6,12,13.09,52.37,4948.97,371.56,2317.56,7638.09,28.29,5,Yes
RT-0179,2024-01-06,Central India,Bhopal Hub,Bhopal,Tempo,80,50,62.5,371,54,6.87,10,9.84,50.9,4810.05,779.21,1453.45,7042.71,140.85,39,No
RT-0180,2024-07-02,South India,Bengaluru Hub,Vizag,32-ft Truck,800,547,68.4,53,65,0.82,8,5.36,6.79,641.65,98.29,1011.45,1751.39,3.2,36,No
RT-0181,2024-01-11,Central India,Bhopal Hub,Ujjain,Mini Truck (14-ft),250,227,90.8,356,30,11.87,8,15.06,39.76,3757.32,627.59,1976.7,6361.61,28.02,0,Yes
RT-0182,2024-02-19,West India,Mumbai Hub,Mumbai,Mini Truck (14-ft),250,132,52.8,164,53,3.09,9,8.5,30.29,2862.4,184.62,1512.32,4559.34,34.54,0,Yes
RT-0183,2024-12-30,North India,Delhi Hub,Meerut,Mini Truck (14-ft),250,203,81.2,111,50,2.22,5,3.77,12.6,1190.7,193.69,711.94,2096.33,10.33,31,No
RT-0184,2024-11-25,South India,Bengaluru Hub,Vizag,Tempo,80,46,57.5,303,36,8.42,8,12.64,37.1,3505.95,638.39,1567.67,5712.01,124.17,0,Yes
RT-0185,2024-03-28,South India,Bengaluru Hub,Kochi,Tata Ace,120,59,49.2,185,47,3.94,5,7.26,21.54,2035.53,204.77,1250.32,3490.62,59.16,10,Yes
RT-0186,2024-07-24,North India,Delhi Hub,Delhi,Tata Ace,120,56,46.7,239,28,8.54,3,9.39,36.97,3493.66,501.94,1134.88,5130.48,91.62,22,Yes
RT-0187,2024-08-28,North India,Delhi Hub,Amritsar,Mini Truck (14-ft),250,156,62.4,148,42,3.52,2,4.11,29.44,2782.08,193.97,702.93,3678.98,23.58,54,No
RT-0188,2024-12-15,West India,Mumbai Hub,Pune,20-ft Truck,500,328,65.6,364,57,6.39,4,7.52,41.77,3947.27,701.66,1315.16,5964.09,18.18,60,No
RT-0189,2024-04-18,North India,Delhi Hub,Agra,20-ft Truck,500,314,62.8,332,50,6.64,11,10.61,63.0,5953.5,509.55,1791.92,8254.97,26.29,22,Yes
RT-0190,2024-02-08,East India,Kolkata Hub,Kolkata,Mini Truck (14-ft),250,124,49.6,135,57,2.37,10,8.23,19.97,1887.16,232.78,1572.96,3692.9,29.78,33,No
RT-0191,2024-10-23,Central India,Bhopal Hub,Indore,20-ft Truck,500,456,91.2,419,64,6.55,3,7.73,68.43,6466.64,346.81,1320.38,8133.83,17.84,0,Yes
RT-0192,2024-05-15,South India,Bengaluru Hub,Vizag,Mini Truck (14-ft),250,224,89.6,135,47,2.87,2,3.95,23.57,2227.37,250.48,490.34,2968.19,13.25,5,Yes
RT-0193,2024-01-22,West India,Mumbai Hub,Vadodara,Mini Truck (14-ft),250,152,60.8,210,32,6.56,9,9.41,28.81,2722.55,192.71,1375.79,4291.05,28.23,22,Yes
RT-0194,2024-01-01,West India,Mumbai Hub,Vadodara,32-ft Truck,800,484,60.5,338,51,6.63,10,12.09,37.66,3558.87,476.98,1971.31,6007.16,12.41,0,Yes
RT-0195,2024-12-21,North India,Delhi Hub,Amritsar,Tempo,80,53,66.2,416,63,6.6,3,8.82,55.16,5212.62,432.81,1715.8,7361.23,138.89,0,Yes
RT-0196,2024-12-10,Central India,Bhopal Hub,Bhopal,Tata Ace,120,96,80.0,66,61,1.08,3,2.6,7.33,692.69,91.38,435.24,1219.31,12.7,10,Yes
RT-0197,2024-07-24,East India,Kolkata Hub,Ranchi,Mini Truck (14-ft),250,117,46.8,191,61,3.13,12,8.82,22.79,2153.65,347.24,1645.27,4146.16,35.44,9,Yes
RT-0198,2024-02-01,North India,Delhi Hub,Meerut,Tempo,80,49,61.3,79,64,1.23,7,3.2,15.42,1457.19,122.96,482.84,2062.99,42.1,20,Yes
RT-0199,2024-07-26,Central India,Bhopal Hub,Gwalior,Tempo,80,46,57.5,19,51,0.37,6,4.06,2.16,204.12,28.42,791.08,1023.62,22.25,8,Yes
RT-0200,2024-11-27,East India,Kolkata Hub,Siliguri,20-ft Truck,500,265,53.0,180,48,3.75,4,4.99,21.94,2073.33,384.69,884.24,3342.26,12.61,13,Yes
RT-0201,2024-06-12,Central India,Bhopal Hub,Raipur,20-ft Truck,500,321,64.2,150,63,2.38,8,5.06,17.96,1697.22,287.44,993.35,2978.01,9.28,0,Yes
RT-0202,2024-09-30,Central India,Bhopal Hub,Gwalior,20-ft Truck,500,393,78.6,284,28,10.14,9,16.61,41.59,3930.26,271.77,3302.47,7504.5,19.1,0,Yes
RT-0203,2024-03-21,North India,Delhi Hub,Delhi,Mini Truck (14-ft),250,171,68.4,366,53,6.91,6,8.53,50.15,4739.18,355.4,1196.38,6290.96,36.79,47,No
RT-0204,2024-09-24,East India,Kolkata Hub,Bhubaneswar,Tata Ace,120,103,85.8,208,62,3.35,6,6.74,33.35,3151.58,238.42,1240.87,4630.87,44.96,0,Yes
RT-0205,2024-06-28,East India,Kolkata Hub,Patna,32-ft Truck,800,588,73.5,269,53,5.08,8,9.85,35.41,3346.24,540.89,1233.86,5120.99,8.71,10,Yes
RT-0206,2024-12-04,North India,Delhi Hub,Meerut,20-ft Truck,500,436,87.2,177,48,3.69,8,9.23,22.28,2105.46,286.06,1309.69,3701.21,8.49,0,Yes
RT-0207,2024-09-07,East India,Kolkata Hub,Kolkata,32-ft Truck,800,487,60.9,128,31,4.13,11,9.07,14.83,1401.43,189.83,1361.82,2953.08,6.06,9,Yes
RT-0208,2024-10-02,West India,Mumbai Hub,Pune,32-ft Truck,800,360,45.0,329,54,6.09,4,7.45,46.79,4421.65,685.71,1014.27,6121.63,17.0,24,Yes
RT-0209,2024-12-20,Central India,Bhopal Hub,Gwalior,20-ft Truck,500,382,76.4,231,64,3.61,2,4.98,26.76,2528.82,401.43,823.8,3754.05,9.83,26,Yes
RT-0210,2024-12-15,West India,Mumbai Hub,Vadodara,Tata Ace,120,80,66.7,322,43,7.49,7,10.72,60.0,5670.0,691.88,1349.74,7711.62,96.4,3,Yes
RT-0211,2024-10-06,North India,Delhi Hub,Meerut,Tempo,80,45,56.2,321,52,6.17,6,10.52,36.57,3455.87,649.65,1353.3,5458.82,121.31,46,No
RT-0212,2024-11-09,North India,Delhi Hub,Lucknow,Mini Truck (14-ft),250,153,61.2,417,54,7.72,8,12.19,47.92,4528.44,663.25,1996.8,7188.49,46.98,38,No
RT-0213,2024-04-16,North India,Delhi Hub,Lucknow,Mini Truck (14-ft),250,244,97.6,321,61,5.26,9,8.58,52.14,4927.23,556.68,1042.39,6526.3,26.75,0,Yes
RT-0214,2024-12-20,East India,Kolkata Hub,Siliguri,Tempo,80,60,75.0,301,39,7.72,9,12.6,50.51,4773.19,380.91,2185.78,7339.88,122.33,17,Yes
RT-0215,2024-03-03,Central India,Bhopal Hub,Gwalior,20-ft Truck,500,313,62.6,76,38,2.0,3,2.91,8.61,813.64,97.18,440.56,1351.38,4.32,40,No
RT-0216,2024-05-19,North India,Delhi Hub,Amritsar,Mini Truck (14-ft),250,250,100.0,407,46,8.85,7,12.82,73.42,6938.19,488.71,2504.53,9931.43,39.73,52,No
RT-0217,2024-08-27,West India,Mumbai Hub,Mumbai,20-ft Truck,500,354,70.8,19,60,0.32,12,8.3,3.38,319.41,33.82,1540.18,1893.41,5.35,15,Yes
RT-0218,2024-01-20,North India,Delhi Hub,Chandigarh,Mini Truck (14-ft),250,187,74.8,89,56,1.59,7,3.41,10.65,1006.43,119.08,455.68,1581.19,8.46,12,Yes
RT-0219,2024-09-16,Central India,Bhopal Hub,Bhopal,Tempo,80,54,67.5,387,49,7.9,5,9.36,45.78,4326.21,377.12,1222.27,5925.6,109.73,0,Yes
RT-0220,2024-10-27,Central India,Bhopal Hub,Raipur,Tata Ace,120,75,62.5,367,65,5.65,9,9.82,67.67,6394.82,563.34,1645.18,8603.34,114.71,0,Yes
RT-0221,2024-07-06,South India,Bengaluru Hub,Mysuru,Mini Truck (14-ft),250,210,84.0,306,46,6.65,7,9.77,36.82,3479.49,553.57,1780.01,5813.07,27.68,45,No
RT-0222,2024-07-29,East India,Kolkata Hub,Ranchi,32-ft Truck,800,389,48.6,229,60,3.82,4,6.0,36.61,3459.64,192.99,735.14,4387.77,11.28,25,Yes
RT-0223,2024-09-26,Central India,Bhopal Hub,Bilaspur,Tata Ace,120,55,45.8,197,60,3.28,7,6.47,25.7,2428.65,332.73,1243.84,4005.22,72.82,48,No
RT-0224,2024-03-13,East India,Kolkata Hub,Patna,20-ft Truck,500,302,60.4,346,56,6.18,3,7.07,66.5,6284.25,664.31,1096.46,8045.02,26.64,0,Yes
RT-0225,2024-07-05,East India,Kolkata Hub,Siliguri,Mini Truck (14-ft),250,207,82.8,366,31,11.81,3,12.9,61.29,5791.9,308.97,2548.45,8649.32,41.78,28,Yes
RT-0226,2024-09-29,West India,Mumbai Hub,Ahmedabad,20-ft Truck,500,334,66.8,174,64,2.72,8,7.71,27.27,2577.01,342.06,1514.68,4433.75,13.27,0,Yes
RT-0227,2024-12-26,West India,Mumbai Hub,Pune,Mini Truck (14-ft),250,136,54.4,97,57,1.7,8,7.6,18.61,1758.64,196.34,1389.61,3344.59,24.59,3,Yes
RT-0228,2024-12-24,Central India,Bhopal Hub,Jabalpur,Mini Truck (14-ft),250,167,66.8,225,30,7.5,2,8.12,29.83,2818.93,316.31,1311.19,4446.43,26.63,39,No
RT-0229,2024-09-26,West India,Mumbai Hub,Surat,Tata Ace,120,86,71.7,264,29,9.1,8,14.8,31.45,2972.03,376.25,2815.53,6163.81,71.67,0,Yes
RT-0230,2024-10-18,East India,Kolkata Hub,Ranchi,32-ft Truck,800,754,94.2,182,64,2.84,5,4.23,27.8,2627.1,200.25,821.11,3648.46,4.84,15,Yes
RT-0231,2024-08-04,East India,Kolkata Hub,Jamshedpur,32-ft Truck,800,792,99.0,167,43,3.88,3,4.8,24.5,2315.25,303.93,803.62,3422.8,4.32,38,No
RT-0232,2024-06-06,Central India,Bhopal Hub,Ujjain,Tempo,80,43,53.8,47,43,1.09,2,2.26,7.52,710.64,71.08,314.46,1096.18,25.49,37,No
RT-0233,2024-10-14,North India,Delhi Hub,Jaipur,Mini Truck (14-ft),250,131,52.4,70,64,1.09,2,1.87,8.4,793.8,81.64,312.28,1187.72,9.07,0,Yes
RT-0234,2024-05-27,Central India,Bhopal Hub,Bilaspur,Tempo,80,56,70.0,180,54,3.33,2,4.19,21.69,2049.7,262.58,638.66,2950.94,52.7,6,Yes
RT-0235,2024-04-03,Central India,Bhopal Hub,Bilaspur,20-ft Truck,500,304,60.8,334,64,5.22,6,8.32,54.56,5155.92,500.78,1040.13,6696.83,22.03,0,Yes
RT-0236,2024-12-01,South India,Bengaluru Hub,Kochi,Mini Truck (14-ft),250,204,81.6,302,35,8.63,4,10.66,39.32,3715.74,353.09,1886.44,5955.27,29.19,23,Yes
RT-0237,2024-04-12,Central India,Bhopal Hub,Bilaspur,Mini Truck (14-ft),250,206,82.4,333,31,10.74,10,16.79,42.26,3993.57,711.8,3319.15,8024.52,38.95,0,Yes
RT-0238,2024-04-20,Central India,Bhopal Hub,Indore,32-ft Truck,800,388,48.5,320,44,7.27,5,9.76,41.7,3940.65,579.18,1577.29,6097.12,15.71,27,Yes
RT-0239,2024-03-10,West India,Mumbai Hub,Nashik,Tata Ace,120,68,56.7,312,63,4.95,5,7.06,55.85,5277.82,591.77,975.85,6845.44,100.67,51,No
RT-0240,2024-07-23,East India,Kolkata Hub,Siliguri,Tempo,80,54,67.5,105,57,1.84,10,5.71,16.12,1523.34,132.38,957.59,2613.31,48.39,4,Yes
RT-0241,2024-02-24,West India,Mumbai Hub,Ahmedabad,32-ft Truck,800,374,46.8,111,33,3.36,8,5.57,15.44,1459.08,169.32,994.67,2623.07,7.01,26,Yes
RT-0242,2024-06-07,East India,Kolkata Hub,Kolkata,20-ft Truck,500,313,62.6,146,44,3.32,11,9.25,17.05,1611.23,213.16,1679.67,3504.06,11.2,0,Yes
RT-0243,2024-02-12,Central India,Bhopal Hub,Bilaspur,Mini Truck (14-ft),250,192,76.8,191,65,2.94,7,6.4,32.42,3063.69,236.42,984.85,4284.96,22.32,0,Yes
RT-0244,2024-10-23,East India,Kolkata Hub,Guwahati,20-ft Truck,500,242,48.4,258,50,5.16,11,10.35,38.53,3641.09,314.07,1640.26,5595.42,23.12,0,Yes
RT-0245,2024-07-15,South India,Bengaluru Hub,Chennai,Tata Ace,120,55,45.8,278,55,5.05,7,10.16,39.22,3706.29,590.19,1331.51,5627.99,102.33,29,Yes
RT-0246,2024-06-27,South India,Bengaluru Hub,Chennai,Mini Truck (14-ft),250,154,61.6,388,29,13.38,10,20.58,56.06,5297.67,683.74,2654.36,8635.77,56.08,20,Yes
RT-0247,2024-03-01,West India,Mumbai Hub,Nagpur,Mini Truck (14-ft),250,244,97.6,418,56,7.46,8,10.59,48.6,4592.7,896.26,1807.33,7296.29,29.9,42,No
RT-0248,2024-07-13,West India,Mumbai Hub,Nashik,32-ft Truck,800,417,52.1,212,44,4.82,10,10.27,28.36,2680.02,225.12,1243.88,4149.02,9.95,0,Yes
RT-0249,2024-01-02,East India,Kolkata Hub,Kolkata,20-ft Truck,500,354,70.8,201,42,4.79,4,7.27,23.28,2199.96,374.89,1005.12,3579.97,10.11,0,Yes
RT-0250,2024-05-13,West India,Mumbai Hub,Ahmedabad,Tata Ace,120,69,57.5,285,40,7.12,5,10.36,37.7,3562.65,344.57,1790.16,5697.38,82.57,2,Yes
RT-0251,2024-05-16,South India,Bengaluru Hub,Vizag,20-ft Truck,500,400,80.0,91,28,3.25,4,5.47,12.67,1197.32,115.07,1002.47,2314.86,5.79,9,Yes
RT-0252,2024-12-04,North India,Delhi Hub,Amritsar,Tata Ace,120,73,60.8,215,52,4.13,10,11.61,24.35,2301.08,185.24,2073.3,4559.62,62.46,0,Yes
RT-0253,2024-08-03,Central India,Bhopal Hub,Gwalior,Tempo,80,70,87.5,400,37,10.81,5,13.26,46.41,4385.74,320.62,1972.78,6679.14,95.42,5,Yes
RT-0254,2024-09-16,West India,Mumbai Hub,Vadodara,20-ft Truck,500,349,69.8,121,31,3.9,12,8.59,14.69,1388.2,106.94,1690.1,3185.24,9.13,25,Yes
RT-0255,2024-08-24,South India,Bengaluru Hub,Kochi,Mini Truck (14-ft),250,204,81.6,174,46,3.78,5,7.23,26.82,2534.49,356.74,1355.91,4247.14,20.82,40,No
RT-0256,2024-08-02,West India,Mumbai Hub,Surat,Mini Truck (14-ft),250,150,60.0,360,56,6.43,12,13.97,40.6,3836.7,361.87,2040.01,6238.58,41.59,0,Yes
RT-0257,2024-11-26,South India,Bengaluru Hub,Bengaluru,Mini Truck (14-ft),250,168,67.2,315,62,5.08,8,8.14,54.88,5186.16,281.81,1353.3,6821.27,40.6,0,Yes
RT-0258,2024-05-14,South India,Bengaluru Hub,Hyderabad,32-ft Truck,800,634,79.2,220,58,3.79,4,5.07,28.36,2680.02,355.04,743.39,3778.45,5.96,0,Yes
RT-0259,2024-10-10,South India,Bengaluru Hub,Bengaluru,Mini Truck (14-ft),250,150,60.0,336,61,5.51,9,8.91,41.08,3882.06,647.84,1287.92,5817.82,38.79,23,Yes
RT-0260,2024-06-02,West India,Mumbai Hub,Vadodara,Tata Ace,120,57,47.5,63,54,1.17,7,3.01,10.03,947.83,114.27,589.57,1651.67,28.98,5,Yes
RT-0261,2024-08-17,South India,Bengaluru Hub,Chennai,Mini Truck (14-ft),250,233,93.2,101,59,1.71,3,2.89,11.75,1110.38,131.32,462.16,1703.86,7.31,20,Yes
RT-0262,2024-03-02,Central India,Bhopal Hub,Bhopal,32-ft Truck,800,737,92.1,67,47,1.43,8,3.66,11.38,1075.41,58.61,462.83,1596.85,2.17,16,Yes
RT-0263,2024-06-08,North India,Delhi Hub,Delhi,32-ft Truck,800,731,91.4,52,40,1.3,8,6.56,8.05,760.73,90.3,971.65,1822.68,2.49,27,Yes
RT-0264,2024-02-11,Central India,Bhopal Hub,Gwalior,20-ft Truck,500,431,86.2,411,58,7.09,2,7.6,48.69,4601.2,445.03,1025.73,6071.96,14.09,19,Yes
RT-0265,2024-01-21,East India,Kolkata Hub,Ranchi,20-ft Truck,500,430,86.0,291,42,6.93,9,10.44,42.31,3998.3,250.87,1582.07,5831.24,13.56,22,Yes
RT-0266,2024-10-03,East India,Kolkata Hub,Guwahati,Mini Truck (14-ft),250,127,50.8,338,56,6.04,4,7.66,51.17,4835.57,631.14,1269.45,6736.16,53.04,0,Yes
RT-0267,2024-04-18,North India,Delhi Hub,Agra,Mini Truck (14-ft),250,177,70.8,202,59,3.42,2,3.99,27.44,2593.08,399.7,751.65,3744.43,21.15,0,Yes
RT-0268,2024-11-20,West India,Mumbai Hub,Vadodara,Tata Ace,120,64,53.3,98,56,1.75,4,4.09,13.14,1241.73,119.56,530.88,1892.17,29.57,0,Yes
RT-0269,2024-04-30,Central India,Bhopal Hub,Indore,Tempo,80,78,97.5,215,62,3.47,9,9.17,36.06,3407.67,174.24,1294.3,4876.21,62.52,37,No
RT-0270,2024-03-20,South India,Bengaluru Hub,Hyderabad,20-ft Truck,500,398,79.6,203,65,3.12,6,6.0,28.43,2686.63,190.8,849.92,3727.35,9.37,0,Yes
RT-0271,2024-03-05,Central India,Bhopal Hub,Bhopal,Tempo,80,56,70.0,25,53,0.47,10,7.85,2.93,276.88,33.82,1115.04,1425.74,25.46,14,Yes
RT-0272,2024-12-14,South India,Bengaluru Hub,Kochi,Tempo,80,74,92.5,130,52,2.5,3,3.5,15.14,1430.73,105.57,654.89,2191.19,29.61,15,Yes
RT-0273,2024-09-23,East India,Kolkata Hub,Bhubaneswar,20-ft Truck,500,482,96.4,340,57,5.96,4,7.67,47.75,4512.38,384.57,1350.83,6247.78,12.96,38,No
RT-0274,2024-12-06,East India,Kolkata Hub,Siliguri,Tata Ace,120,100,83.3,294,41,7.17,5,9.13,51.54,4870.53,265.21,1277.02,6412.76,64.13,0,Yes
RT-0275,2024-11-12,East India,Kolkata Hub,Patna,Mini Truck (14-ft),250,188,75.2,214,59,3.63,4,5.42,27.62,2610.09,291.61,996.13,3897.83,20.73,0,Yes
RT-0276,2024-02-26,West India,Mumbai Hub,Nashik,Mini Truck (14-ft),250,120,48.0,234,36,6.5,5,8.45,41.5,3921.75,429.44,1454.28,5805.47,48.38,25,Yes
RT-0277,2024-05-31,East India,Kolkata Hub,Jamshedpur,20-ft Truck,500,476,95.2,330,36,9.17,9,14.36,48.76,4607.82,329.38,2860.18,7797.38,16.38,29,Yes
RT-0278,2024-05-08,South India,Bengaluru Hub,Mysuru,20-ft Truck,500,470,94.0,299,59,5.07,10,10.83,34.54,3264.03,502.58,1613.04,5379.65,11.45,0,Yes
RT-0279,2024-01-22,West India,Mumbai Hub,Nagpur,32-ft Truck,800,627,78.4,225,39,5.77,6,8.3,25.86,2443.77,218.88,1190.28,3852.93,6.15,0,Yes
RT-0280,2024-03-21,West India,Mumbai Hub,Pune,32-ft Truck,800,705,88.1,115,28,4.11,9,10.18,12.93,1221.88,244.85,2001.85,3468.58,4.92,26,Yes
RT-0281,2024-06-03,South India,Bengaluru Hub,Coimbatore,Tempo,80,39,48.8,361,50,7.22,2,7.93,57.5,5433.75,323.03,1173.35,6930.13,177.7,24,Yes
RT-0282,2024-12-02,East India,Kolkata Hub,Patna,Tempo,80,59,73.8,297,47,6.32,3,8.41,55.14,5210.73,576.94,1528.07,7315.74,124.0,0,Yes
RT-0283,2024-05-17,East India,Kolkata Hub,Siliguri,Mini Truck (14-ft),250,208,83.2,244,37,6.59,9,9.7,28.21,2665.85,504.05,1561.28,4731.18,22.75,1,Yes
RT-0284,2024-06-06,West India,Mumbai Hub,Ahmedabad,Mini Truck (14-ft),250,193,77.2,351,43,8.16,4,10.84,59.02,5577.39,749.97,1701.86,8029.22,41.6,41,No
RT-0285,2024-08-19,South India,Bengaluru Hub,Chennai,Tata Ace,120,90,75.0,222,45,4.93,4,5.94,34.19,3230.95,208.93,842.64,4282.52,47.58,21,Yes
RT-0286,2024-07-01,North India,Delhi Hub,Amritsar,32-ft Truck,800,360,45.0,399,31,12.87,4,14.33,75.41,7126.24,531.61,2556.98,10214.83,28.37,43,No
RT-0287,2024-10-13,Central India,Bhopal Hub,Jabalpur,Mini Truck (14-ft),250,134,53.6,112,40,2.8,8,8.5,21.93,2072.38,96.92,1149.69,3318.99,24.77,0,Yes
RT-0288,2024-04-21,Central India,Bhopal Hub,Bhopal,Mini Truck (14-ft),250,223,89.2,316,38,8.32,9,13.61,35.71,3374.6,546.65,2111.74,6032.99,27.05,17,Yes
RT-0289,2024-05-18,East India,Kolkata Hub,Bhubaneswar,20-ft Truck,500,380,76.0,144,49,2.94,5,5.48,17.46,1649.97,192.06,1039.97,2882.0,7.58,6,Yes
RT-0290,2024-04-13,Central India,Bhopal Hub,Bhopal,20-ft Truck,500,337,67.4,192,59,3.25,5,6.06,26.97,2548.66,338.87,1196.99,4084.52,12.12,2,Yes
RT-0291,2024-11-09,East India,Kolkata Hub,Bhubaneswar,Mini Truck (14-ft),250,131,52.4,234,50,4.68,10,8.31,46.38,4382.91,252.4,1272.08,5907.39,45.09,29,Yes
RT-0292,2024-12-30,East India,Kolkata Hub,Bhubaneswar,32-ft Truck,800,427,53.4,158,62,2.55,12,8.84,24.46,2311.47,272.22,1727.05,4310.74,10.1,45,No
RT-0293,2024-12-29,South India,Bengaluru Hub,Hyderabad,20-ft Truck,500,435,87.0,294,55,5.35,3,7.2,55.57,5251.36,391.19,1376.72,7019.27,16.14,60,No
RT-0294,2024-05-12,East India,Kolkata Hub,Siliguri,Mini Truck (14-ft),250,139,55.6,208,64,3.25,12,6.88,34.81,3289.55,369.32,1261.45,4920.32,35.4,0,Yes
RT-0295,2024-05-24,South India,Bengaluru Hub,Kochi,Tempo,80,59,73.8,229,60,3.82,11,7.33,26.27,2482.51,229.48,1441.62,4153.61,70.4,20,Yes
RT-0296,2024-08-09,Central India,Bhopal Hub,Ujjain,32-ft Truck,800,673,84.1,16,41,0.39,4,1.87,1.94,183.33,14.39,308.12,505.84,0.75,73,No
RT-0297,2024-04-10,East India,Kolkata Hub,Jamshedpur,Mini Truck (14-ft),250,122,48.8,245,57,4.3,12,10.86,31.05,2934.22,433.05,1929.02,5296.29,43.41,19,Yes
RT-0298,2024-03-21,South India,Bengaluru Hub,Chennai,32-ft Truck,800,782,97.8,310,59,5.25,2,6.12,55.83,5275.93,595.72,991.35,6863.0,8.78,3,Yes
RT-0299,2024-03-31,South India,Bengaluru Hub,Chennai,32-ft Truck,800,457,57.1,418,35,11.94,6,14.39,58.45,5523.53,525.16,2688.93,8737.62,19.12,0,Yes
RT-0300,2024-06-09,North India,Delhi Hub,Delhi,32-ft Truck,800,684,85.5,347,55,6.31,5,8.23,53.71,5075.6,447.62,1029.09,6552.31,9.58,51,No
RT-0301,2024-06-21,East India,Kolkata Hub,Kolkata,32-ft Truck,800,729,91.1,335,53,6.32,6,7.97,57.34,5418.63,328.34,1271.96,7018.93,9.63,17,Yes
RT-0302,2024-11-16,South India,Bengaluru Hub,Mysuru,20-ft Truck,500,324,64.8,282,48,5.88,3,7.6,31.53,2979.59,441.85,1405.17,4826.61,14.9,72,No
RT-0303,2024-10-10,Central India,Bhopal Hub,Gwalior,Mini Truck (14-ft),250,167,66.8,245,38,6.45,7,9.34,39.43,3726.13,307.91,1747.66,5781.7,34.62,26,Yes
RT-0304,2024-03-05,East India,Kolkata Hub,Guwahati,Tata Ace,120,61,50.8,371,28,13.25,6,15.22,53.34,5040.63,671.73,1965.91,7678.27,125.87,0,Yes
RT-0305,2024-11-19,East India,Kolkata Hub,Kolkata,32-ft Truck,800,544,68.0,243,42,5.79,10,9.97,30.96,2925.72,251.16,1270.62,4447.5,8.18,9,Yes
RT-0306,2024-05-20,South India,Bengaluru Hub,Mysuru,Mini Truck (14-ft),250,214,85.6,241,57,4.23,12,8.25,27.08,2559.06,391.31,1078.0,4028.37,18.82,6,Yes
RT-0307,2024-12-05,East India,Kolkata Hub,Jamshedpur,Mini Truck (14-ft),250,125,50.0,119,45,2.64,12,9.0,17.53,1656.59,231.98,1299.07,3187.64,25.5,13,Yes
RT-0308,2024-04-30,East India,Kolkata Hub,Kolkata,20-ft Truck,500,452,90.4,43,65,0.66,11,7.89,5.28,498.96,82.07,1332.54,1913.57,4.23,0,Yes
RT-0309,2024-08-02,North India,Delhi Hub,Agra,Tempo,80,65,81.2,297,41,7.24,5,9.54,34.21,3232.85,371.65,1881.55,5486.05,84.4,0,Yes
RT-0310,2024-03-01,South India,Bengaluru Hub,Chennai,32-ft Truck,800,769,96.1,162,46,3.52,3,4.68,24.36,2302.02,169.39,609.66,3081.07,4.01,3,Yes
RT-0311,2024-08-09,West India,Mumbai Hub,Nagpur,32-ft Truck,800,418,52.2,398,56,7.11,4,8.82,49.17,4646.57,778.09,1572.69,6997.35,16.74,21,Yes
RT-0312,2024-06-28,East India,Kolkata Hub,Ranchi,Tata Ace,120,87,72.5,378,61,6.2,8,12.19,62.76,5930.82,335.58,1744.48,8010.88,92.08,22,Yes
RT-0313,2024-11-26,Central India,Bhopal Hub,Bilaspur,20-ft Truck,500,363,72.6,294,41,7.17,7,10.82,50.88,4808.16,604.62,2025.17,7437.95,20.49,19,Yes
RT-0314,2024-06-09,East India,Kolkata Hub,Kolkata,Tempo,80,56,70.0,203,63,3.22,8,8.98,28.47,2690.41,433.29,1226.47,4350.17,77.68,0,Yes
RT-0315,2024-07-26,Central India,Bhopal Hub,Raipur,Tempo,80,58,72.5,350,40,8.75,2,9.72,51.46,4862.97,747.47,1878.86,7489.3,129.13,0,Yes
RT-0316,2024-05-27,East India,Kolkata Hub,Ranchi,Mini Truck (14-ft),250,177,70.8,23,45,0.51,4,2.31,2.75,259.88,22.89,313.91,596.68,3.37,38,No
RT-0317,2024-09-23,West India,Mumbai Hub,Surat,Tempo,80,49,61.3,405,55,7.36,3,8.78,56.48,5337.36,739.16,1102.15,7178.67,146.5,6,Yes
RT-0318,2024-01-02,Central India,Bhopal Hub,Jabalpur,Mini Truck (14-ft),250,125,50.0,255,38,6.71,7,9.34,34.42,3252.69,283.31,1597.5,5133.5,41.07,31,No
RT-0319,2024-09-07,South India,Bengaluru Hub,Bengaluru,32-ft Truck,800,418,52.2,156,64,2.44,8,8.18,19.05,1800.23,334.05,1115.49,3249.77,7.77,34,No
RT-0320,2024-10-23,South India,Bengaluru Hub,Kochi,32-ft Truck,800,628,78.5,188,38,4.95,3,5.88,31.14,2942.73,242.91,1122.07,4307.71,6.86,0,Yes
RT-0321,2024-10-07,South India,Bengaluru Hub,Chennai,32-ft Truck,800,444,55.5,62,48,1.29,4,3.17,10.14,958.23,77.41,416.66,1452.3,3.27,0,Yes
RT-0322,2024-10-17,South India,Bengaluru Hub,Hyderabad,Tempo,80,64,80.0,385,65,5.92,6,9.64,46.8,4422.6,658.25,1397.57,6478.42,101.23,32,No
RT-0323,2024-12-14,Central India,Bhopal Hub,Bhopal,20-ft Truck,500,436,87.2,237,39,6.08,2,6.69,26.96,2547.72,433.92,883.33,3864.97,8.86,7,Yes
RT-0324,2024-12-30,East India,Kolkata Hub,Jamshedpur,20-ft Truck,500,317,63.4,113,55,2.05,11,6.31,22.08,2086.56,167.09,1261.7,3515.35,11.09,0,Yes
RT-0325,2024-01-12,East India,Kolkata Hub,Bhubaneswar,20-ft Truck,500,491,98.2,73,34,2.15,3,3.41,8.36,790.02,105.77,437.53,1333.32,2.72,0,Yes
RT-0326,2024-07-05,South India,Bengaluru Hub,Hyderabad,32-ft Truck,800,675,84.4,32,49,0.65,7,2.91,5.8,548.1,32.27,369.69,950.06,1.41,22,Yes
RT-0327,2024-11-17,Central India,Bhopal Hub,Bhopal,Mini Truck (14-ft),250,243,97.2,59,51,1.16,5,3.22,9.26,875.07,51.53,576.9,1503.5,6.19,23,Yes
RT-0328,2024-07-19,North India,Delhi Hub,Amritsar,32-ft Truck,800,636,79.5,398,43,9.26,10,13.19,59.87,5657.72,471.97,2470.03,8599.72,13.52,38,No
RT-0329,2024-10-07,South India,Bengaluru Hub,Chennai,32-ft Truck,800,455,56.9,420,28,15.0,12,19.52,57.94,5475.33,915.66,3794.31,10185.3,22.39,0,Yes
RT-0330,2024-03-28,East India,Kolkata Hub,Bhubaneswar,Mini Truck (14-ft),250,244,97.6,370,34,10.88,11,18.78,51.17,4835.57,406.62,2340.03,7582.22,31.07,54,No
RT-0331,2024-07-17,West India,Mumbai Hub,Nashik,Tata Ace,120,57,47.5,283,51,5.55,11,10.94,39.51,3733.69,405.04,2005.94,6144.67,107.8,0,Yes
RT-0332,2024-12-02,East India,Kolkata Hub,Jamshedpur,Mini Truck (14-ft),250,238,95.2,371,44,8.43,7,10.86,42.33,4000.18,406.42,2036.62,6443.22,27.07,0,Yes
RT-0333,2024-08-27,Central India,Bhopal Hub,Bilaspur,20-ft Truck,500,348,69.6,23,45,0.51,7,4.66,4.58,432.81,33.69,758.12,1224.62,3.52,13,Yes
RT-0334,2024-04-01,East India,Kolkata Hub,Bhubaneswar,Tempo,80,72,90.0,292,44,6.64,9,10.74,50.73,4793.98,350.98,1598.31,6743.27,93.66,28,Yes
RT-0335,2024-12-09,South India,Bengaluru Hub,Coimbatore,Mini Truck (14-ft),250,191,76.4,281,39,7.21,4,9.18,35.44,3349.08,292.11,1176.83,4818.02,25.23,0,Yes
RT-0336,2024-04-05,West India,Mumbai Hub,Ahmedabad,20-ft Truck,500,273,54.6,195,34,5.74,2,6.46,32.88,3107.16,180.37,794.11,4081.64,14.95,27,Yes
RT-0337,2024-09-15,East India,Kolkata Hub,Bhubaneswar,20-ft Truck,500,412,82.4,131,35,3.74,11,8.44,24.71,2335.1,225.94,1089.43,3650.47,8.86,33,No
RT-0338,2024-10-25,West India,Mumbai Hub,Pune,20-ft Truck,500,275,55.0,130,50,2.6,11,5.9,16.48,1557.36,284.18,797.95,2639.49,9.6,22,Yes
RT-0339,2024-03-07,West India,Mumbai Hub,Ahmedabad,20-ft Truck,500,460,92.0,196,43,4.56,11,11.22,39.16,3700.62,429.19,1754.94,5884.75,12.79,0,Yes
RT-0340,2024-04-10,East India,Kolkata Hub,Bhubaneswar,Mini Truck (14-ft),250,174,69.6,202,55,3.67,3,4.93,31.99,3023.05,365.56,808.85,4197.46,24.12,0,Yes
RT-0341,2024-03-23,East India,Kolkata Hub,Kolkata,Tata Ace,120,108,90.0,119,54,2.2,7,6.7,17.82,1683.99,148.86,992.46,2825.31,26.16,56,No
RT-0342,2024-05-03,West India,Mumbai Hub,Ahmedabad,Mini Truck (14-ft),250,246,98.4,249,38,6.55,7,8.37,45.66,4314.87,519.93,1511.48,6346.28,25.8,64,No
RT-0343,2024-11-09,East India,Kolkata Hub,Ranchi,Tempo,80,70,87.5,306,64,4.78,5,6.81,43.12,4074.84,647.09,872.43,5594.36,79.92,0,Yes
RT-0344,2024-05-22,West India,Mumbai Hub,Vadodara,32-ft Truck,800,392,49.0,164,51,3.22,8,7.27,24.35,2301.08,355.02,935.32,3591.42,9.16,23,Yes
RT-0345,2024-04-09,South India,Bengaluru Hub,Hyderabad,Mini Truck (14-ft),250,243,97.2,186,43,4.33,11,7.34,25.71,2429.6,317.12,1043.21,3789.93,15.6,24,Yes
RT-0346,2024-05-01,North India,Delhi Hub,Agra,Tata Ace,120,115,95.8,387,59,6.56,4,7.85,44.74,4227.93,413.93,1226.69,5868.55,51.03,0,Yes
RT-0347,2024-11-23,Central India,Bhopal Hub,Bilaspur,Tempo,80,57,71.2,39,37,1.05,7,3.69,4.78,451.71,75.02,548.23,1074.96,18.86,0,Yes
RT-0348,2024-05-27,North India,Delhi Hub,Chandigarh,20-ft Truck,500,301,60.2,189,31,6.1,12,11.04,25.04,2366.28,381.27,1349.23,4096.78,13.61,9,Yes
RT-0349,2024-12-04,North India,Delhi Hub,Meerut,Tata Ace,120,76,63.3,297,51,5.82,9,10.14,47.3,4469.85,344.92,1984.88,6799.65,89.47,0,Yes
RT-0350,2024-01-29,Central India,Bhopal Hub,Jabalpur,Tata Ace,120,64,53.3,208,64,3.25,6,5.87,40.32,3810.24,429.38,982.77,5222.39,81.6,17,Yes
RT-0351,2024-05-22,South India,Bengaluru Hub,Hyderabad,Tempo,80,40,50.0,379,43,8.81,3,10.85,49.21,4650.35,564.51,1601.52,6816.38,170.41,0,Yes
RT-0352,2024-04-29,East India,Kolkata Hub,Guwahati,Tata Ace,120,97,80.8,48,56,0.86,6,4.27,7.38,697.41,73.43,541.03,1311.87,13.52,56,No
RT-0353,2024-05-10,East India,Kolkata Hub,Patna,Mini Truck (14-ft),250,138,55.2,314,32,9.81,6,13.47,61.39,5801.36,327.66,2158.38,8287.4,60.05,0,Yes
RT-0354,2024-07-31,East India,Kolkata Hub,Bhubaneswar,Tata Ace,120,78,65.0,385,60,6.42,2,7.3,55.99,5291.06,835.09,1218.65,7344.8,94.16,13,Yes
RT-0355,2024-12-09,South India,Bengaluru Hub,Chennai,32-ft Truck,800,776,97.0,90,48,1.88,11,5.3,11.11,1049.89,100.6,697.5,1847.99,2.38,32,No
RT-0356,2024-09-28,West India,Mumbai Hub,Ahmedabad,Tempo,80,53,66.2,419,47,8.91,8,11.02,59.99,5669.06,848.84,2041.45,8559.35,161.5,0,Yes
RT-0357,2024-09-24,North India,Delhi Hub,Chandigarh,Tata Ace,120,95,79.2,253,28,9.04,12,15.9,32.9,3109.05,307.7,2476.06,5892.81,62.03,35,No
RT-0358,2024-04-21,Central India,Bhopal Hub,Jabalpur,32-ft Truck,800,799,99.9,338,51,6.63,10,10.26,57.26,5411.07,556.9,1349.08,7317.05,9.16,10,Yes
RT-0359,2024-12-21,South India,Bengaluru Hub,Kochi,Mini Truck (14-ft),250,166,66.4,326,35,9.31,12,17.97,48.08,4543.56,476.3,3436.86,8456.72,50.94,0,Yes
RT-0360,2024-01-19,South India,Bengaluru Hub,Hyderabad,Tata Ace,120,80,66.7,121,49,2.47,7,5.88,18.44,1742.58,230.1,1049.5,3022.18,37.78,23,Yes
RT-0361,2024-03-03,South India,Bengaluru Hub,Mysuru,32-ft Truck,800,723,90.4,222,42,5.29,3,6.53,39.69,3750.7,238.77,1037.09,5026.56,6.95,11,Yes
RT-0362,2024-10-31,Central India,Bhopal Hub,Bilaspur,Tata Ace,120,82,68.3,334,30,11.13,8,14.11,61.85,5844.82,729.86,1756.22,8330.9,101.6,20,Yes
RT-0363,2024-09-24,East India,Kolkata Hub,Ranchi,Mini Truck (14-ft),250,205,82.0,245,65,3.77,6,6.04,27.44,2593.08,356.23,1073.15,4022.46,19.62,16,Yes
RT-0364,2024-06-13,East India,Kolkata Hub,Patna,Mini Truck (14-ft),250,181,72.4,266,34,7.82,7,11.37,42.08,3976.56,452.39,2134.67,6563.62,36.26,82,No
RT-0365,2024-01-13,North India,Delhi Hub,Delhi,32-ft Truck,800,436,54.5,71,45,1.58,10,4.72,11.88,1122.66,104.31,803.94,2030.91,4.66,9,Yes
RT-0366,2024-01-14,West India,Mumbai Hub,Ahmedabad,32-ft Truck,800,673,84.1,209,48,4.35,2,5.2,25.9,2447.55,370.84,661.22,3479.61,5.17,0,Yes
RT-0367,2024-09-20,Central India,Bhopal Hub,Bhopal,Mini Truck (14-ft),250,196,78.4,89,28,3.18,8,6.76,14.39,1359.86,123.68,1043.53,2527.07,12.89,0,Yes
RT-0368,2024-11-12,Central India,Bhopal Hub,Bilaspur,32-ft Truck,800,411,51.4,19,30,0.63,11,3.47,2.67,252.31,24.94,489.56,766.81,1.87,20,Yes
RT-0369,2024-03-22,East India,Kolkata Hub,Siliguri,Tata Ace,120,113,94.2,187,40,4.67,4,7.22,23.16,2188.62,168.12,917.74,3274.48,28.98,0,Yes
RT-0370,2024-04-03,West India,Mumbai Hub,Pune,Mini Truck (14-ft),250,128,51.2,53,51,1.04,7,3.91,7.03,664.34,48.71,669.14,1382.19,10.8,44,No
RT-0371,2024-09-16,East India,Kolkata Hub,Patna,Mini Truck (14-ft),250,237,94.8,314,39,8.05,12,15.79,47.51,4489.69,326.6,3053.56,7869.85,33.21,0,Yes
RT-0372,2024-05-16,Central India,Bhopal Hub,Bilaspur,32-ft Truck,800,747,93.4,290,56,5.18,5,7.48,40.86,3861.27,597.72,920.59,5379.58,7.2,21,Yes
RT-0373,2024-03-13,West India,Mumbai Hub,Pune,32-ft Truck,800,585,73.1,367,43,8.53,11,14.47,60.64,5730.48,598.59,2718.26,9047.33,15.47,0,Yes
RT-0374,2024-05-28,West India,Mumbai Hub,Nashik,Tempo,80,75,93.8,120,54,2.22,6,4.4,19.9,1880.55,217.98,531.72,2630.25,35.07,0,Yes
RT-0375,2024-12-07,North India,Delhi Hub,Delhi,Mini Truck (14-ft),250,245,98.0,392,46,8.52,4,10.41,71.19,6727.45,326.61,1683.36,8737.42,35.66,18,Yes
RT-0376,2024-12-20,West India,Mumbai Hub,Nagpur,Mini Truck (14-ft),250,127,50.8,111,28,3.96,12,10.4,14.82,1400.49,125.67,1871.92,3398.08,26.76,2,Yes
RT-0377,2024-07-05,Central India,Bhopal Hub,Gwalior,20-ft Truck,500,367,73.4,121,36,3.36,12,7.05,14.98,1415.61,100.47,1024.89,2540.97,6.92,0,Yes
RT-0378,2024-12-10,North India,Delhi Hub,Jaipur,20-ft Truck,500,237,47.4,389,35,11.11,11,16.82,51.7,4885.65,798.64,2462.48,8146.77,34.37,4,Yes
RT-0379,2024-05-28,Central India,Bhopal Hub,Ujjain,Mini Truck (14-ft),250,231,92.4,112,58,1.93,2,3.02,22.0,2079.0,99.79,563.63,2742.42,11.87,1,Yes
RT-0380,2024-11-08,Central India,Bhopal Hub,Ujjain,Tempo,80,56,70.0,38,48,0.79,5,2.32,4.72,446.04,62.5,404.5,913.04,16.3,54,No
RT-0381,2024-03-21,Central India,Bhopal Hub,Jabalpur,20-ft Truck,500,345,69.0,204,64,3.19,6,7.14,29.17,2756.57,202.52,1190.64,4149.73,12.03,0,Yes
RT-0382,2024-01-23,Central India,Bhopal Hub,Bilaspur,32-ft Truck,800,795,99.4,40,28,1.43,8,3.8,7.12,672.84,77.13,723.91,1473.88,1.85,24,Yes
RT-0383,2024-04-22,North India,Delhi Hub,Amritsar,20-ft Truck,500,315,63.0,100,36,2.78,3,4.21,12.17,1150.07,135.66,597.81,1883.54,5.98,0,Yes
RT-0384,2024-02-17,South India,Bengaluru Hub,Kochi,Mini Truck (14-ft),250,195,78.0,418,43,9.72,12,17.22,78.56,7423.92,548.9,3320.47,11293.29,57.91,11,Yes
RT-0385,2024-06-05,North India,Delhi Hub,Chandigarh,Tempo,80,38,47.5,420,45,9.33,7,12.62,73.56,6951.42,407.11,2007.37,9365.9,246.47,0,Yes
RT-0386,2024-08-02,East India,Kolkata Hub,Kolkata,Mini Truck (14-ft),250,172,68.8,310,47,6.6,5,8.2,56.12,5303.34,528.17,1047.59,6879.1,39.99,13,Yes
RT-0387,2024-11-02,West India,Mumbai Hub,Vadodara,32-ft Truck,800,442,55.2,205,65,3.15,10,7.2,34.22,3233.79,245.88,1074.34,4554.01,10.3,0,Yes
RT-0388,2024-07-22,North India,Delhi Hub,Agra,32-ft Truck,800,494,61.8,376,63,5.97,12,11.08,44.42,4197.69,383.02,1800.65,6381.36,12.92,26,Yes
RT-0389,2024-12-20,South India,Bengaluru Hub,Mysuru,Mini Truck (14-ft),250,239,95.6,224,50,4.48,7,8.46,33.64,3178.98,283.36,1262.05,4724.39,19.77,0,Yes
RT-0390,2024-09-27,South India,Bengaluru Hub,Coimbatore,Mini Truck (14-ft),250,213,85.2,394,40,9.85,5,11.72,49.0,4630.5,329.82,1665.42,6625.74,31.11,43,No
RT-0391,2024-08-24,Central India,Bhopal Hub,Gwalior,Tata Ace,120,88,73.3,177,43,4.12,7,8.12,34.98,3305.61,201.5,1160.24,4667.35,53.04,0,Yes
RT-0392,2024-08-23,South India,Bengaluru Hub,Chennai,Tata Ace,120,107,89.2,416,29,14.34,11,22.51,69.02,6522.39,411.83,3394.91,10329.13,96.53,20,Yes
RT-0393,2024-01-06,North India,Delhi Hub,Amritsar,32-ft Truck,800,366,45.8,296,53,5.58,11,8.84,33.15,3132.67,332.88,1242.66,4708.21,12.86,5,Yes
RT-0394,2024-09-26,East India,Kolkata Hub,Kolkata,32-ft Truck,800,771,96.4,248,49,5.06,8,10.06,30.96,2925.72,371.33,1675.92,4972.97,6.45,12,Yes
RT-0395,2024-09-29,North India,Delhi Hub,Meerut,Tata Ace,120,113,94.2,128,56,2.29,4,3.87,22.98,2171.61,171.72,732.32,3075.65,27.22,3,Yes
RT-0396,2024-04-07,West India,Mumbai Hub,Ahmedabad,32-ft Truck,800,667,83.4,35,50,0.7,12,4.62,6.89,651.11,35.62,858.57,1545.3,2.32,0,Yes
RT-0397,2024-04-10,Central India,Bhopal Hub,Jabalpur,20-ft Truck,500,407,81.4,155,34,4.56,9,10.15,17.29,1633.9,339.0,1968.33,3941.23,9.68,0,Yes
RT-0398,2024-02-24,North India,Delhi Hub,Jaipur,Mini Truck (14-ft),250,137,54.8,176,41,4.29,12,10.27,22.76,2150.82,162.0,1695.96,4008.78,29.26,10,Yes
RT-0399,2024-05-23,South India,Bengaluru Hub,Kochi,32-ft Truck,800,388,48.5,155,34,4.56,10,11.81,19.71,1862.6,254.21,1699.33,3816.14,9.84,20,Yes
RT-0400,2024-10-09,East India,Kolkata Hub,Ranchi,Tata Ace,120,102,85.0,263,51,5.16,12,12.56,34.07,3219.62,500.59,1805.94,5526.15,54.18,23,Yes
RT-0401,2024-11-11,West India,Mumbai Hub,Nashik,Mini Truck (14-ft),250,233,93.2,154,29,5.31,3,6.44,22.53,2129.09,177.21,1005.03,3311.33,14.21,0,Yes
RT-0402,2024-12-10,North India,Delhi Hub,Jaipur,Tempo,80,58,72.5,50,29,1.72,6,6.01,5.86,553.77,49.3,1198.03,1801.1,31.05,29,Yes
RT-0403,2024-04-08,North India,Delhi Hub,Lucknow,Mini Truck (14-ft),250,244,97.6,114,54,2.11,9,7.06,17.68,1670.76,234.08,982.16,2887.0,11.83,12,Yes
RT-0404,2024-08-11,East India,Kolkata Hub,Jamshedpur,Mini Truck (14-ft),250,181,72.4,39,61,0.64,11,4.92,7.42,701.19,43.71,965.72,1710.62,9.45,0,Yes
RT-0405,2024-08-14,North India,Delhi Hub,Meerut,Tempo,80,68,85.0,219,36,6.08,5,8.7,28.5,2693.25,388.69,1149.88,4231.82,62.23,2,Yes
RT-0406,2024-05-23,Central India,Bhopal Hub,Ujjain,20-ft Truck,500,270,54.0,203,36,5.64,3,7.32,30.96,2925.72,262.16,1028.86,4216.74,15.62,13,Yes
RT-0407,2024-01-05,Central India,Bhopal Hub,Bhopal,20-ft Truck,500,470,94.0,143,44,3.25,11,8.74,20.31,1919.29,264.48,1634.85,3818.62,8.12,0,Yes
RT-0408,2024-11-24,Central India,Bhopal Hub,Jabalpur,20-ft Truck,500,490,98.0,258,41,6.29,9,8.98,44.7,4224.15,550.78,1238.33,6013.26,12.27,38,No
RT-0409,2024-11-11,South India,Bengaluru Hub,Chennai,Mini Truck (14-ft),250,158,63.2,365,62,5.89,5,9.5,61.15,5778.68,533.29,1751.68,8063.65,51.04,11,Yes
RT-0410,2024-12-04,West India,Mumbai Hub,Mumbai,Mini Truck (14-ft),250,140,56.0,278,56,4.96,5,8.0,51.02,4821.39,333.07,1084.35,6238.81,44.56,0,Yes
RT-0411,2024-09-24,North India,Delhi Hub,Agra,20-ft Truck,500,494,98.8,142,53,2.68,6,6.88,25.36,2396.52,291.83,1357.21,4045.56,8.19,18,Yes
RT-0412,2024-06-10,Central India,Bhopal Hub,Raipur,Mini Truck (14-ft),250,187,74.8,277,65,4.26,5,5.7,50.26,4749.57,416.08,837.41,6003.06,32.1,0,Yes
RT-0413,2024-06-10,North India,Delhi Hub,Lucknow,Tempo,80,77,96.2,301,34,8.85,2,9.98,44.28,4184.46,608.21,1714.13,6506.8,84.5,42,No
RT-0414,2024-12-05,West India,Mumbai Hub,Vadodara,Mini Truck (14-ft),250,159,63.6,176,31,5.68,7,8.3,22.89,2163.11,370.11,1585.56,4118.78,25.9,27,Yes
RT-0415,2024-10-23,West India,Mumbai Hub,Pune,32-ft Truck,800,468,58.5,55,37,1.49,7,6.11,8.03,758.83,61.53,897.71,1718.07,3.67,0,Yes
RT-0416,2024-08-13,North India,Delhi Hub,Amritsar,32-ft Truck,800,586,73.2,131,62,2.11,8,6.53,14.6,1379.7,232.84,967.12,2579.66,4.4,9,Yes
RT-0417,2024-06-04,West India,Mumbai Hub,Surat,20-ft Truck,500,429,85.8,310,62,5.0,10,8.37,34.82,3290.49,390.35,1343.57,5024.41,11.71,0,Yes
RT-0418,2024-03-12,South India,Bengaluru Hub,Coimbatore,Mini Truck (14-ft),250,135,54.0,376,28,13.43,11,18.55,49.36,4664.52,601.97,2237.15,7503.64,55.58,22,Yes
RT-0419,2024-07-02,North India,Delhi Hub,Amritsar,32-ft Truck,800,601,75.1,268,46,5.83,12,12.57,42.62,4027.59,321.96,1941.82,6291.37,10.47,69,No
RT-0420,2024-12-16,South India,Bengaluru Hub,Vizag,32-ft Truck,800,431,53.9,39,56,0.7,7,5.75,5.44,514.08,49.19,802.14,1365.41,3.17,11,Yes
RT-0421,2024-10-16,West India,Mumbai Hub,Mumbai,20-ft Truck,500,445,89.0,259,52,4.98,8,8.44,37.35,3529.58,471.56,1017.42,5018.56,11.28,19,Yes
RT-0422,2024-07-11,North India,Delhi Hub,Jaipur,Tata Ace,120,89,74.2,353,60,5.88,11,9.03,62.2,5877.9,488.48,1095.46,7461.84,83.84,0,Yes
RT-0423,2024-09-28,North India,Delhi Hub,Delhi,Tata Ace,120,91,75.8,387,36,10.75,11,13.53,55.75,5268.38,806.48,2527.04,8601.9,94.53,36,No
RT-0424,2024-09-03,East India,Kolkata Hub,Patna,20-ft Truck,500,498,99.6,306,53,5.77,10,10.18,46.08,4354.56,519.85,2000.12,6874.53,13.8,0,Yes
RT-0425,2024-02-17,West India,Mumbai Hub,Vadodara,32-ft Truck,800,411,51.4,98,38,2.58,11,6.58,14.39,1359.86,112.77,897.33,2369.96,5.77,37,No
RT-0426,2024-07-08,East India,Kolkata Hub,Kolkata,Mini Truck (14-ft),250,184,73.6,223,51,4.37,5,5.98,28.89,2730.11,396.95,1124.62,4251.68,23.11,13,Yes
RT-0427,2024-03-22,South India,Bengaluru Hub,Hyderabad,32-ft Truck,800,724,90.5,166,31,5.35,7,8.06,26.57,2510.87,343.65,1589.32,4443.84,6.14,12,Yes
RT-0428,2024-01-10,Central India,Bhopal Hub,Jabalpur,Tata Ace,120,113,94.2,181,33,5.48,12,12.53,35.78,3381.21,186.29,1749.4,5316.9,47.05,0,Yes
RT-0429,2024-09-20,North India,Delhi Hub,Amritsar,Tempo,80,79,98.8,146,48,3.04,8,7.51,24.22,2288.79,208.35,998.79,3495.93,44.25,12,Yes
RT-0430,2024-10-19,East India,Kolkata Hub,Guwahati,20-ft Truck,500,406,81.2,100,37,2.7,12,10.9,18.36,1735.02,109.06,1871.34,3715.42,9.15,0,Yes
RT-0431,2024-12-20,South India,Bengaluru Hub,Hyderabad,Tata Ace,120,67,55.8,418,62,6.74,3,8.06,75.78,7161.21,781.53,1510.63,9453.37,141.1,0,Yes
RT-0432,2024-11-24,East India,Kolkata Hub,Ranchi,20-ft Truck,500,352,70.4,247,44,5.61,4,6.8,29.14,2753.73,461.68,1153.62,4369.03,12.41,15,Yes
RT-0433,2024-09-21,East India,Kolkata Hub,Ranchi,20-ft Truck,500,416,83.2,290,45,6.44,6,9.49,46.03,4349.84,571.23,1666.57,6587.64,15.84,5,Yes
RT-0434,2024-09-09,North India,Delhi Hub,Amritsar,Mini Truck (14-ft),250,178,71.2,50,51,0.98,7,5.47,7.22,682.29,63.61,739.22,1485.12,8.34,0,Yes
RT-0435,2024-09-29,Central India,Bhopal Hub,Bhopal,Mini Truck (14-ft),250,116,46.4,174,61,2.85,6,4.57,20.57,1943.87,155.75,660.98,2760.6,23.8,24,Yes
RT-0436,2024-09-28,South India,Bengaluru Hub,Coimbatore,20-ft Truck,500,466,93.2,119,65,1.83,10,5.97,14.49,1369.31,217.31,805.85,2392.47,5.13,29,Yes
RT-0437,2024-12-22,East India,Kolkata Hub,Kolkata,Tata Ace,120,118,98.3,52,34,1.53,9,5.8,8.72,824.04,91.4,1058.95,1974.39,16.73,3,Yes
RT-0438,2024-01-10,North India,Delhi Hub,Jaipur,32-ft Truck,800,566,70.8,371,45,8.24,11,14.02,42.28,3995.46,568.3,2778.59,7342.35,12.97,0,Yes
RT-0439,2024-09-19,East India,Kolkata Hub,Jamshedpur,Tempo,80,70,87.5,231,40,5.78,10,9.13,44.13,4170.28,396.32,1529.34,6095.94,87.08,15,Yes
RT-0440,2024-08-05,North India,Delhi Hub,Lucknow,Tata Ace,120,64,53.3,320,51,6.27,12,13.52,37.79,3571.15,686.04,2491.77,6748.96,105.45,14,Yes
RT-0441,2024-08-30,North India,Delhi Hub,Amritsar,Mini Truck (14-ft),250,236,94.4,123,45,2.73,8,5.29,18.26,1725.57,242.29,715.54,2683.4,11.37,0,Yes
RT-0442,2024-05-31,West India,Mumbai Hub,Nagpur,Tempo,80,68,85.0,63,51,1.24,3,2.08,9.29,877.9,112.41,345.55,1335.86,19.64,18,Yes
RT-0443,2024-09-05,East India,Kolkata Hub,Guwahati,20-ft Truck,500,481,96.2,367,42,8.74,3,10.41,41.37,3909.46,654.66,1442.84,6006.96,12.49,6,Yes
RT-0444,2024-11-07,Central India,Bhopal Hub,Jabalpur,Mini Truck (14-ft),250,188,75.2,366,59,6.2,10,12.29,61.35,5797.57,785.82,1840.89,8424.28,44.81,0,Yes
RT-0445,2024-01-19,North India,Delhi Hub,Jaipur,32-ft Truck,800,603,75.4,52,54,0.96,3,2.85,8.57,809.87,80.67,473.8,1364.34,2.26,9,Yes
RT-0446,2024-08-16,West India,Mumbai Hub,Mumbai,Mini Truck (14-ft),250,230,92.0,152,32,4.75,12,11.8,22.94,2167.83,315.15,1788.73,4271.71,18.57,5,Yes
RT-0447,2024-08-22,North India,Delhi Hub,Amritsar,20-ft Truck,500,225,45.0,41,62,0.66,9,3.14,7.03,664.34,37.2,570.82,1272.36,5.65,0,Yes
RT-0448,2024-06-15,Central India,Bhopal Hub,Gwalior,32-ft Truck,800,597,74.6,278,62,4.48,6,8.04,32.03,3026.84,320.41,1010.46,4357.71,7.3,0,Yes
RT-0449,2024-01-26,East India,Kolkata Hub,Bhubaneswar,Tata Ace,120,102,85.0,283,59,4.8,4,7.51,39.67,3748.82,394.81,1100.52,5244.15,51.41,9,Yes
RT-0450,2024-05-31,East India,Kolkata Hub,Guwahati,20-ft Truck,500,279,55.8,406,59,6.88,8,9.83,56.78,5365.71,647.94,1222.03,7235.68,25.93,58,No
RT-0451,2024-06-26,South India,Bengaluru Hub,Mysuru,20-ft Truck,500,226,45.2,160,39,4.1,9,7.73,18.68,1765.26,296.41,1340.98,3402.65,15.06,36,No
RT-0452,2024-01-19,North India,Delhi Hub,Chandigarh,Tata Ace,120,67,55.8,418,50,8.36,9,12.56,50.93,4812.89,657.4,2251.54,7721.83,115.25,0,Yes
RT-0453,2024-10-10,North India,Delhi Hub,Lucknow,32-ft Truck,800,522,65.2,74,38,1.95,11,7.67,9.29,877.9,80.58,1105.18,2063.66,3.95,4,Yes
RT-0454,2024-07-30,South India,Bengaluru Hub,Chennai,20-ft Truck,500,429,85.8,220,41,5.37,7,8.34,31.67,2992.82,222.14,1245.24,4460.2,10.4,0,Yes
RT-0455,2024-10-20,Central India,Bhopal Hub,Jabalpur,Mini Truck (14-ft),250,218,87.2,238,50,4.76,9,9.65,47.14,4454.73,332.42,1604.85,6392.0,29.32,0,Yes
RT-0456,2024-10-31,West India,Mumbai Hub,Nagpur,20-ft Truck,500,403,80.6,40,34,1.18,8,6.14,4.83,456.44,75.35,872.54,1404.33,3.48,6,Yes
RT-0457,2024-02-24,South India,Bengaluru Hub,Kochi,Tata Ace,120,77,64.2,51,51,1.0,9,4.89,8.11,766.39,55.05,850.62,1672.06,21.72,0,Yes
RT-0458,2024-03-07,North India,Delhi Hub,Delhi,Mini Truck (14-ft),250,178,71.2,156,60,2.6,2,3.22,30.42,2874.69,139.39,541.28,3555.36,19.97,0,Yes
RT-0459,2024-03-02,East India,Kolkata Hub,Ranchi,Mini Truck (14-ft),250,206,82.4,347,56,6.2,7,9.15,47.41,4480.24,613.0,1591.99,6685.23,32.45,0,Yes
RT-0460,2024-07-26,West India,Mumbai Hub,Mumbai,Tata Ace,120,97,80.8,124,61,2.03,5,5.38,19.02,1797.39,170.84,933.63,2901.86,29.92,15,Yes
RT-0461,2024-11-26,Central India,Bhopal Hub,Gwalior,Tempo,80,73,91.2,78,41,1.9,4,4.38,10.71,1012.1,70.95,541.13,1624.18,22.25,60,No
RT-0462,2024-02-07,East India,Kolkata Hub,Siliguri,20-ft Truck,500,422,84.4,389,49,7.94,4,9.7,52.3,4942.35,568.49,1518.62,7029.46,16.66,0,Yes
RT-0463,2024-07-04,South India,Bengaluru Hub,Vizag,Mini Truck (14-ft),250,226,90.4,275,45,6.11,4,7.29,39.28,3711.96,588.89,1188.91,5489.76,24.29,0,Yes
RT-0464,2024-09-26,West India,Mumbai Hub,Ahmedabad,Tempo,80,51,63.7,364,58,6.28,3,7.56,59.29,5602.9,678.58,915.31,7196.79,141.11,0,Yes
RT-0465,2024-08-07,North India,Delhi Hub,Jaipur,32-ft Truck,800,743,92.9,189,32,5.91,5,7.92,33.27,3144.02,199.45,1514.63,4858.1,6.54,45,No
RT-0466,2024-01-25,South India,Bengaluru Hub,Chennai,32-ft Truck,800,418,52.2,348,32,10.88,9,14.67,42.75,4039.88,422.83,2918.46,7381.17,17.66,0,Yes
RT-0467,2024-12-04,North India,Delhi Hub,Chandigarh,Mini Truck (14-ft),250,167,66.8,50,42,1.19,4,2.19,6.96,657.72,49.87,272.39,979.98,5.87,9,Yes
RT-0468,2024-11-15,Central India,Bhopal Hub,Indore,Mini Truck (14-ft),250,152,60.8,123,45,2.73,5,5.26,20.88,1973.16,147.58,880.01,3000.75,19.74,0,Yes
RT-0469,2024-12-12,Central India,Bhopal Hub,Bhopal,32-ft Truck,800,360,45.0,75,64,1.17,10,4.91,11.3,1067.85,61.51,811.11,1940.47,5.39,29,Yes
RT-0470,2024-01-01,Central India,Bhopal Hub,Raipur,20-ft Truck,500,302,60.4,87,39,2.23,7,5.37,11.62,1098.09,155.63,717.14,1970.86,6.53,7,Yes
RT-0471,2024-07-01,Central India,Bhopal Hub,Indore,Mini Truck (14-ft),250,178,71.2,71,65,1.09,8,6.95,8.43,796.63,61.29,1345.74,2203.66,12.38,4,Yes
RT-0472,2024-02-19,West India,Mumbai Hub,Mumbai,20-ft Truck,500,478,95.6,149,58,2.57,5,5.07,20.77,1962.76,199.6,1009.93,3172.29,6.64,49,No
RT-0473,2024-11-29,Central India,Bhopal Hub,Bilaspur,Mini Truck (14-ft),250,135,54.0,315,36,8.75,11,16.07,58.07,5487.61,502.23,2081.98,8071.82,59.79,0,Yes
RT-0474,2024-05-22,Central India,Bhopal Hub,Gwalior,Mini Truck (14-ft),250,244,97.6,267,32,8.34,2,9.14,45.75,4323.38,459.71,1436.23,6219.32,25.49,0,Yes
RT-0475,2024-07-09,South India,Bengaluru Hub,Hyderabad,32-ft Truck,800,497,62.1,26,29,0.9,3,2.49,3.67,346.81,31.45,487.25,865.51,1.74,45,No
RT-0476,2024-01-20,West India,Mumbai Hub,Pune,20-ft Truck,500,409,81.8,161,28,5.75,7,10.21,21.99,2078.05,273.49,1980.27,4331.81,10.59,25,Yes
RT-0477,2024-10-30,North India,Delhi Hub,Jaipur,Mini Truck (14-ft),250,157,62.8,301,57,5.28,6,9.31,34.63,3272.54,373.22,1289.28,4935.04,31.43,67,No
RT-0478,2024-09-06,North India,Delhi Hub,Delhi,20-ft Truck,500,352,70.4,363,64,5.67,5,7.96,63.08,5961.06,520.3,1032.44,7513.8,21.35,26,Yes
RT-0479,2024-10-19,East India,Kolkata Hub,Jamshedpur,20-ft Truck,500,439,87.8,240,39,6.15,7,10.59,38.28,3617.46,296.58,2021.63,5935.67,13.52,10,Yes
RT-0480,2024-01-27,East India,Kolkata Hub,Guwahati,32-ft Truck,800,795,99.4,309,61,5.07,9,7.8,37.68,3560.76,634.13,1369.44,5564.33,7.0,0,Yes
RT-0481,2024-06-03,East India,Kolkata Hub,Ranchi,Mini Truck (14-ft),250,165,66.0,350,45,7.78,12,12.84,62.27,5884.52,639.93,1587.56,8112.01,49.16,0,Yes
RT-0482,2024-04-30,North India,Delhi Hub,Agra,32-ft Truck,800,581,72.6,203,39,5.21,2,6.21,26.25,2480.62,182.84,976.87,3640.33,6.27,26,Yes
RT-0483,2024-01-06,Central India,Bhopal Hub,Gwalior,20-ft Truck,500,240,48.0,226,50,4.52,3,5.61,32.35,3057.08,358.23,995.84,4411.15,18.38,20,Yes
RT-0484,2024-05-22,West India,Mumbai Hub,Nagpur,Mini Truck (14-ft),250,141,56.4,203,54,3.76,3,4.8,30.16,2850.12,294.6,880.01,4024.73,28.54,21,Yes
RT-0485,2024-06-25,East India,Kolkata Hub,Ranchi,Tata Ace,120,68,56.7,17,29,0.59,11,4.03,3.25,307.12,15.02,517.92,840.06,12.35,31,No
RT-0486,2024-03-28,South India,Bengaluru Hub,Kochi,32-ft Truck,800,530,66.2,174,34,5.12,6,8.66,22.95,2168.78,218.62,1134.28,3521.68,6.64,29,Yes
RT-0487,2024-01-11,Central India,Bhopal Hub,Ujjain,32-ft Truck,800,717,89.6,247,53,4.66,4,7.34,28.19,2663.95,218.29,923.72,3805.96,5.31,16,Yes
RT-0488,2024-07-24,West India,Mumbai Hub,Nagpur,32-ft Truck,800,396,49.5,63,62,1.02,3,1.89,11.08,1047.06,130.93,281.41,1459.4,3.69,9,Yes
RT-0489,2024-05-07,South India,Bengaluru Hub,Chennai,Tempo,80,42,52.5,175,28,6.25,11,10.99,24.23,2289.74,198.78,1797.33,4285.85,102.04,0,Yes
RT-0490,2024-02-03,South India,Bengaluru Hub,Vizag,Mini Truck (14-ft),250,145,58.0,38,57,0.67,9,5.6,4.5,425.25,79.36,876.65,1381.26,9.53,0,Yes
RT-0491,2024-12-06,South India,Bengaluru Hub,Bengaluru,32-ft Truck,800,419,52.4,319,51,6.25,11,14.45,36.85,3482.33,630.09,2863.35,6975.77,16.65,9,Yes
RT-0492,2024-12-22,North India,Delhi Hub,Delhi,Mini Truck (14-ft),250,126,50.4,63,46,1.37,10,3.88,11.42,1079.19,70.67,762.68,1912.54,15.18,4,Yes
RT-0493,2024-08-20,North India,Delhi Hub,Lucknow,Mini Truck (14-ft),250,245,98.0,235,55,4.27,9,10.6,26.9,2542.05,468.42,1488.91,4499.38,18.36,0,Yes
RT-0494,2024-06-30,South India,Bengaluru Hub,Vizag,Mini Truck (14-ft),250,190,76.0,172,33,5.21,11,10.81,25.69,2427.7,277.58,1598.94,4304.22,22.65,0,Yes
RT-0495,2024-01-03,South India,Bengaluru Hub,Coimbatore,32-ft Truck,800,637,79.6,81,61,1.33,6,5.19,9.49,896.81,74.76,1003.72,1975.29,3.1,28,Yes
RT-0496,2024-07-23,West India,Mumbai Hub,Nagpur,32-ft Truck,800,719,89.9,234,31,7.55,4,8.7,26.94,2545.83,279.55,1704.15,4529.53,6.3,10,Yes
RT-0497,2024-03-27,West India,Mumbai Hub,Nagpur,Tata Ace,120,72,60.0,274,54,5.07,7,9.28,53.05,5013.22,441.45,1301.55,6756.22,93.84,50,No
RT-0498,2024-02-21,South India,Bengaluru Hub,Chennai,Tempo,80,36,45.0,138,51,2.71,11,9.18,18.96,1791.72,254.92,1649.42,3696.06,102.67,3,Yes
RT-0499,2024-05-13,South India,Bengaluru Hub,Chennai,Mini Truck (14-ft),250,224,89.6,140,36,3.89,2,4.95,19.42,1835.19,273.65,938.45,3047.29,13.6,9,Yes
RT-0500,2024-03-02,Central India,Bhopal Hub,Indore,Mini Truck (14-ft),250,184,73.6,131,44,2.98,5,5.88,18.49,1747.3,123.47,736.74,2607.51,14.17,0,Yes
RT-0501,2024-06-05,East India,Kolkata Hub,Patna,Mini Truck (14-ft),250,193,77.2,140,32,4.38,3,5.45,16.05,1516.73,234.09,1075.38,2826.2,14.64,15,Yes
RT-0502,2024-03-21,Central India,Bhopal Hub,Bilaspur,32-ft Truck,800,399,49.9,374,29,12.9,5,15.12,55.33,5228.68,493.95,2269.27,7991.9,20.03,11,Yes
RT-0503,2024-08-12,Central India,Bhopal Hub,Gwalior,Mini Truck (14-ft),250,149,59.6,220,63,3.49,7,6.22,26.68,2521.26,439.12,921.08,3881.46,26.05,57,No
RT-0504,2024-09-20,West India,Mumbai Hub,Mumbai,20-ft Truck,500,261,52.2,81,50,1.62,3,2.46,11.53,1089.59,120.4,303.41,1513.4,5.8,4,Yes
RT-0505,2024-01-17,West India,Mumbai Hub,Nagpur,Mini Truck (14-ft),250,145,58.0,85,37,2.3,10,6.43,12.67,1197.32,83.57,1121.52,2402.41,16.57,26,Yes
RT-0506,2024-05-12,North India,Delhi Hub,Amritsar,Mini Truck (14-ft),250,151,60.4,134,56,2.39,8,4.4,18.69,1766.21,223.01,743.8,2733.02,18.1,37,No
RT-0507,2024-10-13,North India,Delhi Hub,Amritsar,32-ft Truck,800,624,78.0,413,50,8.26,11,12.86,50.86,4806.27,736.62,1596.64,7139.53,11.44,0,Yes
RT-0508,2024-03-08,South India,Bengaluru Hub,Hyderabad,32-ft Truck,800,785,98.1,100,62,1.61,8,3.83,17.25,1630.12,143.69,478.27,2252.08,2.87,0,Yes
RT-0509,2024-10-09,North India,Delhi Hub,Amritsar,Tata Ace,120,101,84.2,195,54,3.61,12,7.15,29.64,2800.98,179.54,1048.11,4028.63,39.89,0,Yes
RT-0510,2024-05-29,South India,Bengaluru Hub,Bengaluru,Tata Ace,120,113,94.2,301,38,7.92,3,8.91,38.72,3659.04,347.3,1624.64,5630.98,49.83,0,Yes
RT-0511,2024-04-22,South India,Bengaluru Hub,Mysuru,Mini Truck (14-ft),250,222,88.8,125,38,3.29,12,8.17,15.71,1484.6,214.63,1343.59,3042.82,13.71,0,Yes
RT-0512,2024-09-07,West India,Mumbai Hub,Pune,20-ft Truck,500,343,68.6,212,38,5.58,7,10.66,31.66,2991.87,399.83,1398.96,4790.66,13.97,1,Yes
RT-0513,2024-03-08,North India,Delhi Hub,Jaipur,Mini Truck (14-ft),250,188,75.2,403,61,6.61,5,8.8,73.0,6898.5,509.0,1641.74,9049.24,48.13,12,Yes
RT-0514,2024-07-01,Central India,Bhopal Hub,Raipur,Tata Ace,120,102,85.0,136,58,2.34,2,2.88,19.04,1799.28,244.83,373.27,2417.38,23.7,29,Yes
RT-0515,2024-02-02,East India,Kolkata Hub,Patna,Mini Truck (14-ft),250,181,72.4,94,64,1.47,7,3.61,16.72,1580.04,127.3,517.65,2224.99,12.29,42,No
RT-0516,2024-01-24,West India,Mumbai Hub,Nagpur,20-ft Truck,500,388,77.6,239,32,7.47,11,12.27,33.97,3210.16,419.12,2413.83,6043.11,15.58,29,Yes
RT-0517,2024-01-06,Central India,Bhopal Hub,Indore,Tata Ace,120,67,55.8,374,63,5.94,10,11.43,57.62,5445.09,430.26,2135.08,8010.43,119.56,0,Yes
RT-0518,2024-07-19,East India,Kolkata Hub,Jamshedpur,Mini Truck (14-ft),250,212,84.8,379,57,6.65,4,8.9,51.99,4913.06,464.03,1118.4,6495.49,30.64,14,Yes
RT-0519,2024-06-27,South India,Bengaluru Hub,Hyderabad,20-ft Truck,500,486,97.2,392,30,13.07,7,15.74,44.54,4209.03,762.67,2440.98,7412.68,15.25,21,Yes
RT-0520,2024-01-19,South India,Bengaluru Hub,Hyderabad,Mini Truck (14-ft),250,157,62.8,400,34,11.76,2,12.65,63.48,5998.86,695.04,1743.07,8436.97,53.74,0,Yes
RT-0521,2024-11-14,South India,Bengaluru Hub,Coimbatore,32-ft Truck,800,515,64.4,404,64,6.31,10,13.81,56.29,5319.4,649.17,1924.24,7892.81,15.33,24,Yes
RT-0522,2024-04-25,South India,Bengaluru Hub,Chennai,32-ft Truck,800,468,58.5,117,60,1.95,5,3.38,16.28,1538.46,223.59,529.31,2291.36,4.9,35,No
RT-0523,2024-03-20,West India,Mumbai Hub,Pune,Tata Ace,120,92,76.7,383,46,8.33,9,12.22,45.23,4274.23,627.44,1622.84,6524.51,70.92,0,Yes
RT-0524,2024-09-02,Central India,Bhopal Hub,Indore,20-ft Truck,500,424,84.8,154,48,3.21,9,8.98,19.34,1827.63,297.06,1391.66,3516.35,8.29,0,Yes
RT-0525,2024-12-29,West India,Mumbai Hub,Mumbai,20-ft Truck,500,402,80.4,225,53,4.25,6,6.07,30.75,2905.88,309.64,1136.68,4352.2,10.83,7,Yes
RT-0526,2024-06-13,North India,Delhi Hub,Meerut,Tempo,80,66,82.5,354,41,8.63,11,14.39,46.53,4397.09,673.2,1943.63,7013.92,106.27,0,Yes
RT-0527,2024-01-17,Central India,Bhopal Hub,Ujjain,32-ft Truck,800,680,85.0,381,36,10.58,10,17.31,56.04,5295.78,369.7,2631.62,8297.1,12.2,9,Yes
RT-0528,2024-10-15,East India,Kolkata Hub,Jamshedpur,Tata Ace,120,57,47.5,331,49,6.76,11,12.13,56.19,5309.95,310.49,2126.58,7747.02,135.91,8,Yes
RT-0529,2024-06-14,West India,Mumbai Hub,Vadodara,Mini Truck (14-ft),250,160,64.0,259,43,6.02,11,9.34,37.11,3506.89,465.91,1539.09,5511.89,34.45,0,Yes
RT-0530,2024-10-23,Central India,Bhopal Hub,Ujjain,Mini Truck (14-ft),250,175,70.0,66,41,1.61,11,6.68,11.54,1090.53,71.96,1324.87,2487.36,14.21,41,No
RT-0531,2024-06-26,North India,Delhi Hub,Jaipur,Mini Truck (14-ft),250,246,98.4,325,51,6.37,2,7.32,43.5,4110.75,344.29,979.75,5434.79,22.09,10,Yes
RT-0532,2024-11-09,East India,Kolkata Hub,Ranchi,Mini Truck (14-ft),250,161,64.4,302,45,6.71,7,10.8,52.96,5004.72,657.68,1937.68,7600.08,47.21,0,Yes
RT-0533,2024-04-15,North India,Delhi Hub,Lucknow,32-ft Truck,800,624,78.0,171,64,2.67,11,10.42,25.5,2409.75,339.23,1451.54,4200.52,6.73,21,Yes
RT-0534,2024-12-25,West India,Mumbai Hub,Ahmedabad,Mini Truck (14-ft),250,246,98.4,88,37,2.38,11,7.87,14.52,1372.14,165.77,1095.29,2633.2,10.7,0,Yes
RT-0535,2024-01-20,West India,Mumbai Hub,Nagpur,20-ft Truck,500,350,70.0,114,40,2.85,2,4.14,13.69,1293.7,118.95,666.96,2079.61,5.94,0,Yes
RT-0536,2024-09-10,Central India,Bhopal Hub,Jabalpur,Mini Truck (14-ft),250,187,74.8,376,47,8.0,4,10.05,62.73,5927.98,574.29,1738.09,8240.36,44.07,24,Yes
RT-0537,2024-10-07,West India,Mumbai Hub,Nagpur,20-ft Truck,500,308,61.6,56,40,1.4,4,3.63,6.51,615.19,77.21,445.44,1137.84,3.69,43,No
RT-0538,2024-02-01,North India,Delhi Hub,Lucknow,32-ft Truck,800,582,72.8,217,58,3.74,3,4.52,36.01,3402.94,450.16,857.3,4710.4,8.09,24,Yes
RT-0539,2024-03-02,South India,Bengaluru Hub,Chennai,Tempo,80,54,67.5,239,40,5.97,11,12.0,47.65,4502.93,286.99,1462.75,6252.67,115.79,6,Yes
RT-0540,2024-11-15,East India,Kolkata Hub,Kolkata,Tata Ace,120,79,65.8,111,63,1.76,4,4.31,12.65,1195.42,207.59,556.84,1959.85,24.81,39,No
RT-0541,2024-05-14,South India,Bengaluru Hub,Mysuru,Tata Ace,120,61,50.8,174,42,4.14,2,5.25,19.9,1880.55,367.52,1045.94,3294.01,54.0,13,Yes
RT-0542,2024-05-17,West India,Mumbai Hub,Ahmedabad,20-ft Truck,500,390,78.0,324,57,5.68,7,9.08,40.7,3846.15,557.87,1395.91,5799.93,14.87,54,No
RT-0543,2024-09-15,Central India,Bhopal Hub,Raipur,Mini Truck (14-ft),250,238,95.2,116,65,1.78,5,3.58,13.57,1282.37,111.6,496.05,1890.02,7.94,2,Yes
RT-0544,2024-01-10,North India,Delhi Hub,Meerut,Tata Ace,120,94,78.3,22,64,0.34,6,3.87,3.43,324.13,30.28,652.92,1007.33,10.72,4,Yes
RT-0545,2024-10-14,South India,Bengaluru Hub,Mysuru,20-ft Truck,500,300,60.0,216,33,6.55,4,8.14,30.44,2876.58,395.54,1242.68,4514.8,15.05,12,Yes
RT-0546,2024-04-30,West India,Mumbai Hub,Nashik,32-ft Truck,800,754,94.2,250,29,8.62,10,16.08,45.22,4273.29,433.8,2477.79,7184.88,9.53,37,No
RT-0547,2024-01-15,West India,Mumbai Hub,Mumbai,20-ft Truck,500,387,77.4,170,38,4.47,9,8.54,27.47,2595.91,227.46,1533.07,4356.44,11.26,0,Yes
RT-0548,2024-07-05,North India,Delhi Hub,Lucknow,20-ft Truck,500,281,56.2,167,37,4.51,12,13.2,21.62,2043.09,271.57,2546.22,4860.88,17.3,0,Yes
RT-0549,2024-06-27,North India,Delhi Hub,Agra,20-ft Truck,500,323,64.6,179,36,4.97,10,8.05,33.99,3212.06,252.43,1598.72,5063.21,15.68,17,Yes
RT-0550,2024-05-06,West India,Mumbai Hub,Nashik,Mini Truck (14-ft),250,167,66.8,70,29,2.41,9,7.17,8.77,828.76,66.48,1194.08,2089.32,12.51,21,Yes
RT-0551,2024-05-18,West India,Mumbai Hub,Nagpur,Tata Ace,120,103,85.8,281,32,8.78,3,10.7,36.38,3437.91,597.44,2033.26,6068.61,58.92,2,Yes
RT-0552,2024-10-17,Central India,Bhopal Hub,Bhopal,32-ft Truck,800,406,50.7,136,55,2.47,7,7.53,18.26,1725.57,225.54,1479.39,3430.5,8.45,48,No
RT-0553,2024-06-10,North India,Delhi Hub,Jaipur,Tata Ace,120,90,75.0,122,53,2.3,3,4.19,18.87,1783.22,143.27,533.3,2459.79,27.33,24,Yes
RT-0554,2024-03-06,East India,Kolkata Hub,Patna,Mini Truck (14-ft),250,165,66.0,272,65,4.18,12,12.91,35.38,3343.41,426.55,1877.3,5647.26,34.23,53,No
RT-0555,2024-02-25,Central India,Bhopal Hub,Jabalpur,Tata Ace,120,57,47.5,50,34,1.47,6,5.79,9.97,942.17,47.81,1055.73,2045.71,35.89,0,Yes
RT-0556,2024-01-16,South India,Bengaluru Hub,Chennai,20-ft Truck,500,238,47.6,52,48,1.08,6,2.98,8.75,826.88,86.88,566.35,1480.11,6.22,20,Yes
RT-0557,2024-09-08,South India,Bengaluru Hub,Coimbatore,Tata Ace,120,69,57.5,367,41,8.95,8,14.06,48.74,4605.93,450.85,1952.99,7009.77,101.59,30,No
RT-0558,2024-01-15,Central India,Bhopal Hub,Bilaspur,Tata Ace,120,99,82.5,38,44,0.86,3,3.05,4.78,451.71,81.86,550.85,1084.42,10.95,15,Yes
RT-0559,2024-09-20,Central India,Bhopal Hub,Gwalior,Mini Truck (14-ft),250,220,88.0,214,41,5.22,3,6.33,40.61,3837.64,380.51,836.81,5054.96,22.98,6,Yes
RT-0560,2024-10-14,North India,Delhi Hub,Jaipur,Tata Ace,120,58,48.3,420,31,13.55,12,17.89,49.0,4630.5,806.95,3188.9,8626.35,148.73,18,Yes
RT-0561,2024-08-08,East India,Kolkata Hub,Ranchi,Tempo,80,71,88.8,295,48,6.15,2,7.18,33.99,3212.06,604.93,950.12,4767.11,67.14,17,Yes
RT-0562,2024-10-16,South India,Bengaluru Hub,Bengaluru,Tata Ace,120,95,79.2,167,50,3.34,5,5.98,25.71,2429.6,298.66,1144.95,3873.21,40.77,52,No
RT-0563,2024-08-18,East India,Kolkata Hub,Patna,Tempo,80,74,92.5,133,42,3.17,10,6.31,17.29,1633.9,254.23,1038.58,2926.71,39.55,0,Yes
RT-0564,2024-02-15,East India,Kolkata Hub,Jamshedpur,Tata Ace,120,72,60.0,98,43,2.28,7,7.48,19.22,1816.29,137.17,959.95,2913.41,40.46,0,Yes
RT-0565,2024-07-17,North India,Delhi Hub,Lucknow,32-ft Truck,800,789,98.6,21,51,0.41,6,3.62,2.74,258.93,24.59,438.67,722.19,0.92,7,Yes
RT-0566,2024-05-01,South India,Bengaluru Hub,Bengaluru,Tata Ace,120,94,78.3,286,48,5.96,7,8.98,32.26,3048.57,522.64,1200.74,4771.95,50.77,5,Yes
RT-0567,2024-09-15,Central India,Bhopal Hub,Raipur,Tata Ace,120,118,98.3,259,54,4.8,11,10.47,41.6,3931.2,378.51,1841.23,6150.94,52.13,5,Yes
RT-0568,2024-08-27,East India,Kolkata Hub,Patna,Tempo,80,62,77.5,263,40,6.58,3,8.36,34.62,3271.59,372.02,1653.71,5297.32,85.44,8,Yes
RT-0569,2024-02-03,Central India,Bhopal Hub,Jabalpur,Tata Ace,120,70,58.3,277,52,5.33,3,6.77,48.36,4570.02,398.81,1170.23,6139.06,87.7,16,Yes
RT-0570,2024-03-22,South India,Bengaluru Hub,Vizag,Tata Ace,120,71,59.2,80,41,1.95,9,7.57,10.67,1008.31,133.28,1218.13,2359.72,33.24,9,Yes
RT-0571,2024-01-22,North India,Delhi Hub,Jaipur,Tempo,80,49,61.3,317,62,5.11,4,7.99,41.31,3903.8,385.39,1224.42,5513.61,112.52,15,Yes
RT-0572,2024-12-15,East India,Kolkata Hub,Patna,Mini Truck (14-ft),250,191,76.4,35,65,0.54,12,7.22,6.63,626.53,70.31,1086.98,1783.82,9.34,14,Yes
RT-0573,2024-03-13,South India,Bengaluru Hub,Mysuru,Mini Truck (14-ft),250,146,58.4,395,48,8.23,5,11.82,52.84,4993.38,388.72,2272.77,7654.87,52.43,28,Yes
RT-0574,2024-01-20,South India,Bengaluru Hub,Kochi,Tata Ace,120,65,54.2,336,62,5.42,4,7.24,49.67,4693.82,583.22,1343.84,6620.88,101.86,17,Yes
RT-0575,2024-07-07,East India,Kolkata Hub,Ranchi,Mini Truck (14-ft),250,237,94.8,263,65,4.05,3,6.09,29.23,2762.24,572.67,1057.76,4392.67,18.53,45,No
RT-0576,2024-12-30,North India,Delhi Hub,Agra,Mini Truck (14-ft),250,158,63.2,184,44,4.18,3,6.28,21.15,1998.67,295.81,952.61,3247.09,20.55,0,Yes
RT-0577,2024-01-14,Central India,Bhopal Hub,Bilaspur,20-ft Truck,500,326,65.2,68,64,1.06,11,5.6,7.68,725.76,90.29,680.1,1496.15,4.59,55,No
RT-0578,2024-10-03,West India,Mumbai Hub,Nashik,20-ft Truck,500,440,88.0,273,45,6.07,4,7.17,31.59,2985.26,346.68,1197.59,4529.53,10.29,10,Yes
RT-0579,2024-04-28,East India,Kolkata Hub,Patna,Mini Truck (14-ft),250,122,48.8,378,51,7.41,9,12.56,73.88,6981.66,306.31,1984.54,9272.51,76.0,20,Yes
RT-0580,2024-02-22,West India,Mumbai Hub,Nashik,Mini Truck (14-ft),250,180,72.0,73,36,2.03,7,7.26,12.12,1145.34,61.44,1371.76,2578.54,14.33,30,No
RT-0581,2024-07-20,Central India,Bhopal Hub,Jabalpur,32-ft Truck,800,755,94.4,276,49,5.63,5,8.96,34.57,3266.87,271.9,1076.7,4615.47,6.11,25,Yes
RT-0582,2024-07-27,Central India,Bhopal Hub,Raipur,32-ft Truck,800,396,49.5,254,63,4.03,3,5.84,32.51,3072.19,535.2,923.73,4531.12,11.44,0,Yes
RT-0583,2024-03-12,North India,Delhi Hub,Agra,32-ft Truck,800,760,95.0,296,31,9.55,12,16.9,49.04,4634.28,405.38,2914.35,7954.01,10.47,0,Yes
RT-0584,2024-11-20,West India,Mumbai Hub,Surat,Mini Truck (14-ft),250,122,48.8,152,34,4.47,12,11.49,17.75,1677.38,241.08,2072.83,3991.29,32.72,0,Yes
RT-0585,2024-01-23,Central India,Bhopal Hub,Jabalpur,32-ft Truck,800,777,97.1,121,54,2.24,9,6.58,15.62,1476.09,256.85,1030.78,2763.72,3.56,0,Yes
RT-0586,2024-08-31,Central India,Bhopal Hub,Indore,Mini Truck (14-ft),250,235,94.0,361,35,10.31,8,13.6,46.17,4363.07,456.2,1735.04,6554.31,27.89,0,Yes
RT-0587,2024-03-24,North India,Delhi Hub,Delhi,Mini Truck (14-ft),250,240,96.0,265,34,7.79,5,10.41,38.01,3591.94,452.68,1686.22,5730.84,23.88,11,Yes
RT-0588,2024-10-09,Central India,Bhopal Hub,Ujjain,Tata Ace,120,67,55.8,310,36,8.61,6,11.18,35.43,3348.13,673.02,1895.87,5917.02,88.31,26,Yes
RT-0589,2024-10-23,East India,Kolkata Hub,Jamshedpur,Mini Truck (14-ft),250,124,49.6,294,42,7.0,11,10.03,50.15,4739.18,301.15,1855.23,6895.56,55.61,3,Yes
RT-0590,2024-11-14,South India,Bengaluru Hub,Mysuru,Mini Truck (14-ft),250,174,69.6,56,45,1.24,5,4.26,8.2,774.9,52.22,513.0,1340.12,7.7,0,Yes
RT-0591,2024-07-14,North India,Delhi Hub,Amritsar,20-ft Truck,500,428,85.6,27,31,0.87,5,3.94,5.23,494.24,48.11,475.09,1017.44,2.38,32,No
RT-0592,2024-02-09,Central India,Bhopal Hub,Bhopal,20-ft Truck,500,380,76.0,340,46,7.39,10,10.32,52.71,4981.1,341.49,1476.88,6799.47,17.89,46,No
RT-0593,2024-06-30,South India,Bengaluru Hub,Vizag,Mini Truck (14-ft),250,150,60.0,402,52,7.73,11,11.02,54.89,5187.11,478.31,2005.42,7670.84,51.14,5,Yes
RT-0594,2024-10-03,South India,Bengaluru Hub,Bengaluru,20-ft Truck,500,399,79.8,169,35,4.83,4,5.99,26.21,2476.85,306.01,913.94,3696.8,9.27,0,Yes
RT-0595,2024-04-14,West India,Mumbai Hub,Vadodara,20-ft Truck,500,327,65.4,329,41,8.02,6,12.12,49.41,4669.24,690.26,1537.23,6896.73,21.09,8,Yes
RT-0596,2024-04-10,Central India,Bhopal Hub,Raipur,32-ft Truck,800,506,63.2,326,41,7.95,6,11.52,53.39,5045.36,638.14,2139.7,7823.2,15.46,34,No
RT-0597,2024-07-21,East India,Kolkata Hub,Siliguri,Mini Truck (14-ft),250,163,65.2,355,44,8.07,3,9.94,61.37,5799.47,520.8,1638.2,7958.47,48.82,9,Yes
RT-0598,2024-08-13,North India,Delhi Hub,Jaipur,Tata Ace,120,55,45.8,99,62,1.6,12,8.21,14.78,1396.71,134.75,1271.62,2803.08,50.97,2,Yes
RT-0599,2024-08-09,Central India,Bhopal Hub,Raipur,Mini Truck (14-ft),250,125,50.0,358,32,11.19,4,12.64,51.79,4894.15,388.55,2238.2,7520.9,60.17,12,Yes
RT-0600,2024-07-12,South India,Bengaluru Hub,Coimbatore,Mini Truck (14-ft),250,249,99.6,327,46,7.11,3,8.39,36.42,3441.69,524.97,1161.47,5128.13,20.59,57,No
RT-0601,2024-11-18,East India,Kolkata Hub,Ranchi,20-ft Truck,500,278,55.6,113,29,3.9,7,6.91,14.59,1378.75,163.69,1250.48,2792.92,10.05,0,Yes
RT-0602,2024-10-04,West India,Mumbai Hub,Pune,Tata Ace,120,70,58.3,213,64,3.33,8,5.94,31.82,3006.99,398.42,804.35,4209.76,60.14,0,Yes
RT-0603,2024-11-29,West India,Mumbai Hub,Mumbai,20-ft Truck,500,323,64.6,97,43,2.26,2,3.04,10.92,1031.94,177.41,601.66,1811.01,5.61,24,Yes
RT-0604,2024-11-17,East India,Kolkata Hub,Siliguri,Tempo,80,43,53.8,389,63,6.17,7,9.81,64.02,6049.89,822.16,1454.19,8326.24,193.63,0,Yes
RT-0605,2024-09-21,North India,Delhi Hub,Delhi,Tempo,80,67,83.8,386,50,7.72,2,9.18,68.4,6463.8,825.93,1378.01,8667.74,129.37,0,Yes
RT-0606,2024-07-05,Central India,Bhopal Hub,Indore,Tempo,80,42,52.5,153,35,4.37,9,9.75,17.2,1625.4,185.73,1252.85,3063.98,72.95,0,Yes
RT-0607,2024-09-23,North India,Delhi Hub,Agra,Mini Truck (14-ft),250,246,98.4,134,56,2.39,2,3.78,17.77,1679.26,204.87,662.17,2546.3,10.35,8,Yes
RT-0608,2024-10-06,North India,Delhi Hub,Amritsar,Mini Truck (14-ft),250,203,81.2,36,54,0.67,11,3.49,5.54,523.53,66.21,548.47,1138.21,5.61,0,Yes
RT-0609,2024-05-01,East India,Kolkata Hub,Jamshedpur,Tempo,80,66,82.5,380,33,11.52,8,16.35,51.06,4825.17,630.04,3180.19,8635.4,130.84,0,Yes
RT-0610,2024-03-16,Central India,Bhopal Hub,Raipur,32-ft Truck,800,799,99.9,28,39,0.72,9,5.8,3.74,353.43,33.94,1068.18,1455.55,1.82,29,Yes
RT-0611,2024-11-22,West India,Mumbai Hub,Vadodara,32-ft Truck,800,522,65.2,351,52,6.75,3,8.46,54.49,5149.31,456.28,1192.89,6798.48,13.02,30,No
RT-0612,2024-04-23,South India,Bengaluru Hub,Chennai,20-ft Truck,500,301,60.2,99,63,1.57,10,8.66,12.8,1209.6,139.55,1299.84,2648.99,8.8,63,No
RT-0613,2024-08-21,West India,Mumbai Hub,Vadodara,Tata Ace,120,112,93.3,161,49,3.29,9,8.61,29.25,2764.12,313.72,1330.22,4408.06,39.36,21,Yes
RT-0614,2024-10-27,East India,Kolkata Hub,Siliguri,32-ft Truck,800,648,81.0,126,64,1.97,4,4.08,16.79,1586.65,129.18,758.77,2474.6,3.82,52,No
RT-0615,2024-03-25,South India,Bengaluru Hub,Hyderabad,Tata Ace,120,84,70.0,35,32,1.09,3,2.96,5.56,525.42,43.75,474.6,1043.77,12.43,0,Yes
RT-0616,2024-08-26,North India,Delhi Hub,Lucknow,Mini Truck (14-ft),250,208,83.2,359,28,12.82,4,15.43,62.74,5928.93,419.04,2888.39,9236.36,44.41,29,Yes
RT-0617,2024-10-01,East India,Kolkata Hub,Siliguri,Mini Truck (14-ft),250,157,62.8,81,48,1.69,3,3.68,13.59,1284.25,102.13,563.52,1949.9,12.42,91,No
RT-0618,2024-04-20,North India,Delhi Hub,Delhi,20-ft Truck,500,298,59.6,128,64,2.0,5,3.72,14.96,1413.72,226.91,642.31,2282.94,7.66,0,Yes
RT-0619,2024-12-15,West India,Mumbai Hub,Nagpur,Tata Ace,120,83,69.2,273,32,8.53,2,9.79,35.86,3388.77,446.75,1561.39,5396.91,65.02,10,Yes
RT-0620,2024-05-23,South India,Bengaluru Hub,Kochi,20-ft Truck,500,338,67.6,17,41,0.41,11,4.16,2.25,212.62,18.59,630.42,861.63,2.55,21,Yes
RT-0621,2024-12-07,East India,Kolkata Hub,Guwahati,32-ft Truck,800,461,57.6,93,39,2.38,3,3.23,15.64,1477.98,107.18,631.98,2217.14,4.81,10,Yes
RT-0622,2024-07-20,South India,Bengaluru Hub,Chennai,20-ft Truck,500,355,71.0,360,48,7.5,6,10.32,43.11,4073.89,529.89,1429.08,6032.86,16.99,10,Yes
RT-0623,2024-07-09,East India,Kolkata Hub,Guwahati,32-ft Truck,800,488,61.0,337,53,6.36,11,9.78,41.78,3948.21,444.27,1536.53,5929.01,12.15,0,Yes
RT-0624,2024-05-05,Central India,Bhopal Hub,Bilaspur,20-ft Truck,500,452,90.4,183,51,3.59,8,8.12,35.67,3370.82,360.65,1227.29,4958.76,10.97,0,Yes
RT-0625,2024-03-08,Central India,Bhopal Hub,Raipur,20-ft Truck,500,271,54.2,78,55,1.42,11,7.01,14.02,1324.89,83.56,1373.73,2782.18,10.27,0,Yes
RT-0626,2024-03-17,South India,Bengaluru Hub,Mysuru,Mini Truck (14-ft),250,199,79.6,32,52,0.62,7,2.77,3.73,352.49,61.54,348.73,762.76,3.83,19,Yes
RT-0627,2024-11-02,North India,Delhi Hub,Agra,Mini Truck (14-ft),250,245,98.0,198,59,3.36,11,9.43,25.76,2434.32,225.43,1869.78,4529.53,18.49,21,Yes
RT-0628,2024-03-15,Central India,Bhopal Hub,Jabalpur,Mini Truck (14-ft),250,211,84.4,38,38,1.0,12,7.03,6.09,575.5,57.19,1263.94,1896.63,8.99,45,No
RT-0629,2024-05-12,Central India,Bhopal Hub,Ujjain,Tata Ace,120,72,60.0,174,35,4.97,9,10.8,26.63,2516.53,221.01,1370.36,4107.9,57.05,0,Yes
RT-0630,2024-01-09,East India,Kolkata Hub,Ranchi,Tata Ace,120,116,96.7,158,45,3.51,7,6.09,22.04,2082.78,147.57,1039.41,3269.76,28.19,17,Yes
RT-0631,2024-10-14,North India,Delhi Hub,Amritsar,Mini Truck (14-ft),250,167,66.8,386,34,11.35,6,13.96,60.23,5691.73,677.97,1705.29,8074.99,48.35,0,Yes
RT-0632,2024-10-03,West India,Mumbai Hub,Nashik,20-ft Truck,500,440,88.0,165,40,4.12,5,7.79,25.42,2402.19,336.45,1028.78,3767.42,8.56,0,Yes
RT-0633,2024-11-20,Central India,Bhopal Hub,Bilaspur,Tata Ace,120,115,95.8,275,36,7.64,8,10.83,37.61,3554.14,271.38,1785.09,5610.61,48.79,0,Yes
RT-0634,2024-08-13,Central India,Bhopal Hub,Raipur,Tata Ace,120,62,51.7,313,32,9.78,11,13.13,61.03,5767.34,335.4,2547.5,8650.24,139.52,52,No
RT-0635,2024-09-25,East India,Kolkata Hub,Bhubaneswar,Mini Truck (14-ft),250,180,72.0,109,65,1.68,9,7.6,14.8,1398.6,185.61,1149.79,2734.0,15.19,64,No
RT-0636,2024-02-09,North India,Delhi Hub,Agra,Mini Truck (14-ft),250,224,89.6,105,46,2.28,6,4.23,18.04,1704.78,227.08,774.48,2706.34,12.08,32,No
RT-0637,2024-10-07,South India,Bengaluru Hub,Vizag,20-ft Truck,500,440,88.0,318,63,5.05,11,13.04,38.05,3595.72,414.2,1593.29,5603.21,12.73,22,Yes
RT-0638,2024-09-14,West India,Mumbai Hub,Mumbai,Mini Truck (14-ft),250,168,67.2,270,52,5.19,3,7.02,43.41,4102.24,413.8,1272.93,5788.97,34.46,5,Yes
RT-0639,2024-10-06,South India,Bengaluru Hub,Vizag,20-ft Truck,500,429,85.8,95,61,1.56,6,4.44,17.29,1633.9,180.72,656.45,2471.07,5.76,3,Yes
RT-0640,2024-11-09,West India,Mumbai Hub,Vadodara,Mini Truck (14-ft),250,157,62.8,385,47,8.19,10,11.33,63.39,5990.36,546.47,1933.96,8470.79,53.95,0,Yes
RT-0641,2024-02-24,North India,Delhi Hub,Meerut,Tata Ace,120,79,65.8,394,41,9.61,2,10.25,75.15,7101.68,858.61,1451.5,9411.79,119.14,0,Yes
RT-0642,2024-12-18,South India,Bengaluru Hub,Chennai,Mini Truck (14-ft),250,218,87.2,15,60,0.25,12,5.39,2.98,281.61,15.16,1047.19,1343.96,6.16,18,Yes
RT-0643,2024-04-18,Central India,Bhopal Hub,Bhopal,Tata Ace,120,59,49.2,76,38,2.0,3,2.81,9.74,920.43,106.09,395.47,1421.99,24.1,0,Yes
RT-0644,2024-01-22,East India,Kolkata Hub,Bhubaneswar,20-ft Truck,500,309,61.8,145,43,3.37,12,8.99,19.0,1795.5,256.24,1364.29,3416.03,11.06,0,Yes
RT-0645,2024-05-03,North India,Delhi Hub,Meerut,32-ft Truck,800,445,55.6,328,46,7.13,2,8.58,43.1,4072.95,269.07,1674.28,6016.3,13.52,0,Yes
RT-0646,2024-03-18,West India,Mumbai Hub,Pune,Tempo,80,65,81.2,298,34,8.76,7,12.65,53.28,5034.96,349.97,2247.64,7632.57,117.42,0,Yes
RT-0647,2024-05-24,East India,Kolkata Hub,Guwahati,Mini Truck (14-ft),250,248,99.2,170,30,5.67,10,13.06,22.8,2154.6,346.72,2085.44,4586.76,18.5,16,Yes
RT-0648,2024-10-31,East India,Kolkata Hub,Guwahati,20-ft Truck,500,379,75.8,82,65,1.26,10,8.19,12.81,1210.55,151.99,1180.98,2543.52,6.71,0,Yes
RT-0649,2024-04-25,West India,Mumbai Hub,Nashik,20-ft Truck,500,318,63.6,126,62,2.03,11,7.51,14.85,1403.33,128.29,924.33,2455.95,7.72,40,No
RT-0650,2024-11-22,West India,Mumbai Hub,Nashik,20-ft Truck,500,391,78.2,406,35,11.6,9,14.56,51.72,4887.54,341.11,2164.3,7392.95,18.91,25,Yes
RT-0651,2024-07-24,South India,Bengaluru Hub,Mysuru,Mini Truck (14-ft),250,155,62.0,260,57,4.56,3,5.37,40.17,3796.07,540.94,1009.93,5346.94,34.5,0,Yes
RT-0652,2024-02-03,East India,Kolkata Hub,Guwahati,32-ft Truck,800,585,73.1,417,56,7.45,6,9.25,55.05,5202.22,678.58,1566.79,7447.59,12.73,0,Yes
RT-0653,2024-10-15,Central India,Bhopal Hub,Ujjain,20-ft Truck,500,367,73.4,174,36,4.83,3,6.07,22.99,2172.55,252.64,728.78,3153.97,8.59,0,Yes
RT-0654,2024-08-20,South India,Bengaluru Hub,Bengaluru,Tata Ace,120,65,54.2,202,49,4.12,3,5.4,23.22,2194.29,305.77,767.47,3267.53,50.27,0,Yes
RT-0655,2024-02-09,West India,Mumbai Hub,Pune,Mini Truck (14-ft),250,249,99.6,245,34,7.21,8,12.99,37.46,3539.97,509.97,1842.11,5892.05,23.66,0,Yes
RT-0656,2024-12-16,North India,Delhi Hub,Agra,Mini Truck (14-ft),250,200,80.0,177,60,2.95,9,9.54,24.24,2290.68,241.82,1491.13,4023.63,20.12,0,Yes
RT-0657,2024-09-28,South India,Bengaluru Hub,Bengaluru,Tata Ace,120,88,73.3,89,33,2.7,11,6.75,14.12,1334.34,149.36,1167.2,2650.9,30.12,42,No
RT-0658,2024-02-24,East India,Kolkata Hub,Siliguri,Tempo,80,36,45.0,96,60,1.6,4,3.39,12.76,1205.82,123.67,537.37,1866.86,51.86,30,No
RT-0659,2024-06-22,East India,Kolkata Hub,Jamshedpur,Tempo,80,61,76.2,212,43,4.93,5,7.27,27.14,2564.73,294.28,1018.29,3877.3,63.56,0,Yes
RT-0660,2024-09-12,North India,Delhi Hub,Jaipur,20-ft Truck,500,320,64.0,161,38,4.24,10,8.37,25.03,2365.34,291.07,1119.99,3776.4,11.8,22,Yes
RT-0661,2024-01-17,West India,Mumbai Hub,Nagpur,Tata Ace,120,63,52.5,81,48,1.69,9,6.9,15.18,1434.51,85.6,922.34,2442.45,38.77,0,Yes
RT-0662,2024-01-06,South India,Bengaluru Hub,Bengaluru,Mini Truck (14-ft),250,214,85.6,328,38,8.63,2,9.81,39.51,3733.69,570.46,1519.7,5823.85,27.21,0,Yes
RT-0663,2024-01-16,North India,Delhi Hub,Chandigarh,32-ft Truck,800,475,59.4,204,56,3.64,2,4.45,30.43,2875.63,256.77,761.8,3894.2,8.2,0,Yes
RT-0664,2024-03-09,Central India,Bhopal Hub,Raipur,32-ft Truck,800,608,76.0,178,37,4.81,5,6.85,27.52,2600.64,213.06,1298.94,4112.64,6.76,41,No
RT-0665,2024-05-11,South India,Bengaluru Hub,Kochi,Tempo,80,53,66.2,52,55,0.95,5,4.11,7.46,704.97,81.1,810.87,1596.94,30.13,1,Yes
RT-0666,2024-04-17,South India,Bengaluru Hub,Hyderabad,20-ft Truck,500,437,87.4,420,32,13.12,7,18.35,73.81,6975.05,887.77,2484.51,10347.33,23.68,0,Yes
RT-0667,2024-07-31,Central India,Bhopal Hub,Bilaspur,32-ft Truck,800,515,64.4,378,37,10.22,3,11.37,61.33,5795.68,704.73,2198.8,8699.21,16.89,0,Yes
RT-0668,2024-04-23,Central India,Bhopal Hub,Bilaspur,Tata Ace,120,116,96.7,337,63,5.35,9,10.83,65.09,6151.01,359.89,1310.95,7821.85,67.43,0,Yes
RT-0669,2024-06-02,West India,Mumbai Hub,Surat,Mini Truck (14-ft),250,200,80.0,65,31,2.1,3,4.02,11.22,1060.29,91.45,548.47,1700.21,8.5,45,No
RT-0670,2024-12-17,West India,Mumbai Hub,Vadodara,20-ft Truck,500,273,54.6,81,38,2.13,12,10.54,14.04,1326.78,125.36,1678.55,3130.69,11.47,23,Yes
RT-0671,2024-05-03,East India,Kolkata Hub,Patna,32-ft Truck,800,431,53.9,332,64,5.19,5,7.72,41.51,3922.69,717.25,1167.98,5807.92,13.48,4,Yes
RT-0672,2024-06-25,West India,Mumbai Hub,Nashik,32-ft Truck,800,741,92.6,65,59,1.1,4,3.54,12.85,1214.33,140.15,570.54,1925.02,2.6,0,Yes
RT-0673,2024-07-08,East India,Kolkata Hub,Jamshedpur,32-ft Truck,800,656,82.0,200,49,4.08,11,10.94,24.19,2285.95,317.57,1410.09,4013.61,6.12,25,Yes
RT-0674,2024-09-16,South India,Bengaluru Hub,Coimbatore,20-ft Truck,500,411,82.2,160,51,3.14,6,7.4,23.64,2233.98,162.58,916.75,3313.31,8.06,0,Yes
RT-0675,2024-07-25,West India,Mumbai Hub,Surat,Tata Ace,120,90,75.0,82,35,2.34,6,5.01,11.67,1102.82,108.0,812.44,2023.26,22.48,0,Yes
RT-0676,2024-09-01,Central India,Bhopal Hub,Ujjain,20-ft Truck,500,345,69.0,272,30,9.07,4,11.77,30.7,2901.15,321.17,1895.33,5117.65,14.83,36,No
RT-0677,2024-03-24,North India,Delhi Hub,Meerut,Mini Truck (14-ft),250,221,88.4,152,50,3.04,3,4.3,26.19,2474.95,244.78,624.57,3344.3,15.13,33,No
RT-0678,2024-05-03,East India,Kolkata Hub,Jamshedpur,20-ft Truck,500,379,75.8,72,58,1.24,12,6.64,12.39,1170.86,57.89,933.9,2162.65,5.71,17,Yes
RT-0679,2024-01-13,North India,Delhi Hub,Agra,Mini Truck (14-ft),250,133,53.2,86,55,1.56,11,6.94,10.36,979.02,105.02,1366.98,2451.02,18.43,0,Yes
RT-0680,2024-04-12,East India,Kolkata Hub,Kolkata,Tempo,80,54,67.5,379,45,8.42,8,12.52,48.56,4588.92,529.4,1568.11,6686.43,123.82,46,No
RT-0681,2024-05-25,Central India,Bhopal Hub,Bilaspur,Mini Truck (14-ft),250,114,45.6,144,65,2.22,8,7.51,26.1,2466.45,282.94,915.75,3665.14,32.15,43,No
RT-0682,2024-04-27,South India,Bengaluru Hub,Vizag,32-ft Truck,800,751,93.9,130,30,4.33,7,7.8,22.36,2113.02,147.67,1145.66,3406.35,4.54,29,Yes
RT-0683,2024-05-17,Central India,Bhopal Hub,Gwalior,Mini Truck (14-ft),250,147,58.8,105,62,1.69,2,2.23,14.55,1374.98,112.57,427.3,1914.85,13.03,10,Yes
RT-0684,2024-03-06,West India,Mumbai Hub,Vadodara,32-ft Truck,800,392,49.0,179,53,3.38,2,4.79,31.62,2988.09,145.58,846.64,3980.31,10.15,16,Yes
RT-0685,2024-12-20,West India,Mumbai Hub,Nashik,32-ft Truck,800,759,94.9,365,31,11.77,11,16.81,70.37,6649.97,562.27,2278.16,9490.4,12.5,21,Yes
RT-0686,2024-07-18,Central India,Bhopal Hub,Gwalior,Mini Truck (14-ft),250,196,78.4,157,62,2.53,12,6.75,24.02,2269.89,174.67,966.44,3411.0,17.4,0,Yes
RT-0687,2024-06-05,Central India,Bhopal Hub,Gwalior,Mini Truck (14-ft),250,124,49.6,126,45,2.8,10,8.12,22.25,2102.62,240.78,1004.81,3348.21,27.0,0,Yes
RT-0688,2024-07-16,North India,Delhi Hub,Lucknow,Tata Ace,120,83,69.2,297,62,4.79,12,12.91,39.06,3691.17,496.55,2332.04,6519.76,78.55,17,Yes
RT-0689,2024-08-10,South India,Bengaluru Hub,Mysuru,32-ft Truck,800,369,46.1,368,40,9.2,11,14.63,56.16,5307.12,730.6,2610.49,8648.21,23.44,13,Yes
RT-0690,2024-12-04,North India,Delhi Hub,Meerut,32-ft Truck,800,487,60.9,149,54,2.76,3,3.78,29.57,2794.37,230.23,515.74,3540.34,7.27,28,Yes
RT-0691,2024-12-21,Central India,Bhopal Hub,Gwalior,20-ft Truck,500,390,78.0,272,52,5.23,10,12.42,36.52,3451.14,263.38,2475.69,6190.21,15.87,31,No
RT-0692,2024-11-08,North India,Delhi Hub,Amritsar,20-ft Truck,500,342,68.4,301,60,5.02,7,6.85,59.39,5612.36,595.17,1280.7,7488.23,21.9,9,Yes
RT-0693,2024-04-12,East India,Kolkata Hub,Jamshedpur,Tempo,80,64,80.0,117,29,4.03,7,7.1,13.66,1290.87,189.93,1070.21,2551.01,39.86,8,Yes
RT-0694,2024-08-23,East India,Kolkata Hub,Bhubaneswar,32-ft Truck,800,700,87.5,234,39,6.0,7,9.23,29.32,2770.74,396.76,1740.74,4908.24,7.01,1,Yes
RT-0695,2024-10-02,West India,Mumbai Hub,Surat,32-ft Truck,800,442,55.2,385,43,8.95,9,13.56,48.56,4588.92,421.38,1925.21,6935.51,15.69,0,Yes
RT-0696,2024-01-05,North India,Delhi Hub,Chandigarh,32-ft Truck,800,726,90.8,83,41,2.02,5,4.51,10.94,1033.83,155.43,761.53,1950.79,2.69,51,No
RT-0697,2024-10-26,North India,Delhi Hub,Jaipur,Tata Ace,120,116,96.7,132,30,4.4,10,10.74,21.05,1989.23,278.5,1760.38,4028.11,34.73,27,Yes
RT-0698,2024-06-12,West India,Mumbai Hub,Surat,Mini Truck (14-ft),250,226,90.4,20,63,0.32,5,1.6,3.23,305.24,39.22,220.48,564.94,2.5,0,Yes
RT-0699,2024-05-27,West India,Mumbai Hub,Pune,Mini Truck (14-ft),250,228,91.2,200,30,6.67,11,9.54,22.64,2139.48,308.12,1612.15,4059.75,17.81,39,No
RT-0700,2024-07-20,Central India,Bhopal Hub,Bilaspur,Tata Ace,120,61,50.8,325,42,7.74,2,8.52,49.94,4719.33,287.5,1425.65,6432.48,105.45,0,Yes
RT-0701,2024-10-16,North India,Delhi Hub,Amritsar,Mini Truck (14-ft),250,248,99.2,175,64,2.73,4,4.68,21.76,2056.32,384.67,906.08,3347.07,13.5,10,Yes
RT-0702,2024-01-07,East India,Kolkata Hub,Ranchi,Tata Ace,120,96,80.0,204,36,5.67,8,11.25,26.16,2472.12,262.43,1505.58,4240.13,44.17,12,Yes
RT-0703,2024-07-29,South India,Bengaluru Hub,Vizag,Tata Ace,120,56,46.7,141,62,2.27,3,4.17,15.78,1491.21,165.37,595.3,2251.88,40.21,11,Yes
RT-0704,2024-06-13,Central India,Bhopal Hub,Gwalior,32-ft Truck,800,778,97.2,280,54,5.19,12,8.3,37.61,3554.14,514.95,1341.63,5410.72,6.95,9,Yes
RT-0705,2024-11-06,South India,Bengaluru Hub,Chennai,Mini Truck (14-ft),250,246,98.4,143,46,3.11,11,10.12,16.21,1531.85,148.5,1935.34,3615.69,14.7,0,Yes
RT-0706,2024-12-23,Central India,Bhopal Hub,Raipur,Mini Truck (14-ft),250,142,56.8,44,44,1.0,7,6.06,7.27,687.01,93.45,1099.64,1880.1,13.24,23,Yes
RT-0707,2024-12-11,South India,Bengaluru Hub,Chennai,Mini Truck (14-ft),250,174,69.6,156,41,3.8,11,10.37,21.93,2072.38,147.8,1959.78,4179.96,24.02,8,Yes
RT-0708,2024-05-31,South India,Bengaluru Hub,Mysuru,Mini Truck (14-ft),250,154,61.6,369,54,6.83,11,11.63,60.93,5757.89,437.58,2213.15,8408.62,54.6,60,No
RT-0709,2024-04-01,Central India,Bhopal Hub,Bhopal,Mini Truck (14-ft),250,183,73.2,181,60,3.02,2,4.24,26.13,2469.28,198.54,798.54,3466.36,18.94,29,Yes
RT-0710,2024-12-09,East India,Kolkata Hub,Siliguri,32-ft Truck,800,376,47.0,108,43,2.51,9,7.13,15.95,1507.27,151.18,1227.02,2885.47,7.67,23,Yes
RT-0711,2024-08-10,South India,Bengaluru Hub,Mysuru,32-ft Truck,800,611,76.4,162,36,4.5,10,11.11,18.44,1742.58,279.38,1573.56,3595.52,5.88,14,Yes
RT-0712,2024-08-27,Central India,Bhopal Hub,Gwalior,Mini Truck (14-ft),250,187,74.8,257,42,6.12,8,8.17,42.2,3987.9,225.54,1591.72,5805.16,31.04,0,Yes
RT-0713,2024-07-03,West India,Mumbai Hub,Mumbai,Mini Truck (14-ft),250,145,58.0,89,62,1.44,8,3.61,13.66,1290.87,138.57,492.82,1922.26,13.26,6,Yes
RT-0714,2024-03-24,East India,Kolkata Hub,Ranchi,Mini Truck (14-ft),250,227,90.8,133,53,2.51,7,7.7,22.94,2167.83,221.61,925.1,3314.54,14.6,6,Yes
RT-0715,2024-10-08,West India,Mumbai Hub,Nagpur,20-ft Truck,500,483,96.6,320,58,5.52,8,11.09,46.91,4432.99,512.48,1504.04,6449.51,13.35,9,Yes
RT-0716,2024-04-10,East India,Kolkata Hub,Guwahati,Tempo,80,39,48.8,67,65,1.03,12,9.73,12.33,1165.18,72.27,1188.26,2425.71,62.2,0,Yes
RT-0717,2024-07-07,South India,Bengaluru Hub,Coimbatore,Tempo,80,54,67.5,314,41,7.66,11,11.64,40.66,3842.37,659.27,1640.43,6142.07,113.74,0,Yes
RT-0718,2024-08-24,Central India,Bhopal Hub,Jabalpur,Mini Truck (14-ft),250,231,92.4,174,65,2.68,9,6.28,20.63,1949.53,298.73,1097.0,3345.26,14.48,0,Yes
RT-0719,2024-04-12,North India,Delhi Hub,Meerut,20-ft Truck,500,383,76.6,193,40,4.83,5,8.45,31.93,3017.38,208.82,1334.47,4560.67,11.91,0,Yes
RT-0720,2024-11-29,West India,Mumbai Hub,Pune,Tata Ace,120,91,75.8,298,51,5.84,9,8.69,48.73,4604.98,559.28,1691.24,6855.5,75.34,27,Yes
RT-0721,2024-07-01,Central India,Bhopal Hub,Ujjain,Tempo,80,50,62.5,97,52,1.87,4,4.14,13.91,1314.5,109.19,517.19,1940.88,38.82,43,No
RT-0722,2024-07-13,North India,Delhi Hub,Chandigarh,Mini Truck (14-ft),250,185,74.0,257,44,5.84,11,11.95,50.07,4731.61,547.4,1883.99,7163.0,38.72,42,No
RT-0723,2024-06-08,West India,Mumbai Hub,Mumbai,20-ft Truck,500,248,49.6,410,52,7.88,5,9.77,50.38,4760.91,591.04,1294.41,6646.36,26.8,32,No
RT-0724,2024-04-07,South India,Bengaluru Hub,Vizag,20-ft Truck,500,394,78.8,360,62,5.81,4,7.58,56.05,5296.72,628.57,1079.28,7004.57,17.78,6,Yes
RT-0725,2024-09-11,South India,Bengaluru Hub,Coimbatore,32-ft Truck,800,612,76.5,95,36,2.64,10,6.84,11.1,1048.95,91.54,1184.99,2325.48,3.8,38,No
RT-0726,2024-08-18,Central India,Bhopal Hub,Jabalpur,Mini Truck (14-ft),250,221,88.4,79,38,2.08,9,6.65,10.23,966.74,87.93,1090.41,2145.08,9.71,33,No
RT-0727,2024-04-02,East India,Kolkata Hub,Patna,Mini Truck (14-ft),250,236,94.4,258,56,4.61,5,8.23,50.63,4784.53,449.13,1329.72,6563.38,27.81,0,Yes
RT-0728,2024-01-19,West India,Mumbai Hub,Pune,20-ft Truck,500,390,78.0,417,40,10.43,6,13.49,76.29,7209.41,813.26,1752.14,9774.81,25.06,35,No
RT-0729,2024-09-09,West India,Mumbai Hub,Mumbai,Mini Truck (14-ft),250,127,50.8,292,41,7.12,4,9.07,48.62,4594.59,621.14,1638.24,6853.97,53.97,39,No
RT-0730,2024-02-20,Central India,Bhopal Hub,Bhopal,Mini Truck (14-ft),250,229,91.6,63,62,1.02,7,4.02,9.21,870.35,105.74,716.75,1692.84,7.39,37,No
RT-0731,2024-08-14,East India,Kolkata Hub,Kolkata,20-ft Truck,500,419,83.8,380,45,8.44,7,12.59,58.96,5571.72,637.25,2034.7,8243.67,19.67,0,Yes
RT-0732,2024-08-14,North India,Delhi Hub,Meerut,Mini Truck (14-ft),250,218,87.2,222,28,7.93,11,15.74,30.71,2902.1,317.69,2981.62,6201.41,28.45,0,Yes
RT-0733,2024-10-17,West India,Mumbai Hub,Mumbai,Mini Truck (14-ft),250,161,64.4,169,60,2.82,7,7.37,32.73,3092.98,274.45,1269.71,4637.14,28.8,21,Yes
RT-0734,2024-07-27,West India,Mumbai Hub,Vadodara,32-ft Truck,800,474,59.2,181,49,3.69,6,7.34,26.46,2500.47,327.52,942.5,3770.49,7.95,26,Yes
RT-0735,2024-04-25,West India,Mumbai Hub,Nagpur,Tempo,80,37,46.2,236,52,4.54,8,9.01,36.74,3471.93,345.73,1547.42,5365.08,145.0,30,No
RT-0736,2024-05-11,East India,Kolkata Hub,Kolkata,Mini Truck (14-ft),250,194,77.6,35,39,0.9,11,6.5,6.55,618.98,49.59,1227.3,1895.87,9.77,39,No
RT-0737,2024-03-19,South India,Bengaluru Hub,Hyderabad,32-ft Truck,800,681,85.1,132,65,2.03,6,5.54,21.26,2009.07,288.67,1080.98,3378.72,4.96,54,No
RT-0738,2024-02-09,North India,Delhi Hub,Chandigarh,Tempo,80,76,95.0,192,58,3.31,12,6.84,24.79,2342.65,341.57,1077.67,3761.89,49.5,0,Yes
RT-0739,2024-09-24,East India,Kolkata Hub,Kolkata,Mini Truck (14-ft),250,154,61.6,202,39,5.18,4,7.13,33.6,3175.2,290.97,1344.51,4810.68,31.24,0,Yes
RT-0740,2024-06-24,South India,Bengaluru Hub,Bengaluru,20-ft Truck,500,453,90.6,74,37,2.0,12,10.6,8.6,812.7,135.73,1304.87,2253.3,4.97,40,No
RT-0741,2024-01-01,East India,Kolkata Hub,Siliguri,32-ft Truck,800,517,64.6,258,32,8.06,7,11.73,31.57,2983.37,252.63,2284.95,5520.95,10.68,12,Yes
RT-0742,2024-10-20,East India,Kolkata Hub,Siliguri,Tata Ace,120,63,52.5,255,44,5.8,9,8.48,36.61,3459.64,216.95,1440.59,5117.18,81.23,1,Yes
RT-0743,2024-10-15,West India,Mumbai Hub,Vadodara,32-ft Truck,800,659,82.4,317,56,5.66,10,10.7,50.68,4789.26,661.71,1473.37,6924.34,10.51,0,Yes
RT-0744,2024-08-02,West India,Mumbai Hub,Ahmedabad,Tempo,80,47,58.8,74,64,1.16,2,2.31,9.34,882.63,157.49,302.6,1342.72,28.57,64,No
RT-0745,2024-05-16,East India,Kolkata Hub,Guwahati,32-ft Truck,800,466,58.2,375,33,11.36,2,12.21,41.78,3948.21,731.15,2127.73,6807.09,14.61,0,Yes
RT-0746,2024-04-06,East India,Kolkata Hub,Jamshedpur,Mini Truck (14-ft),250,157,62.8,277,41,6.76,10,13.37,45.46,4295.97,427.75,2576.27,7299.99,46.5,21,Yes
RT-0747,2024-08-22,West India,Mumbai Hub,Pune,32-ft Truck,800,611,76.4,149,62,2.4,3,4.1,22.62,2137.59,259.86,651.43,3048.88,4.99,0,Yes
RT-0748,2024-01-15,Central India,Bhopal Hub,Bilaspur,Tata Ace,120,61,50.8,57,58,0.98,7,5.88,10.99,1038.56,102.17,915.44,2056.17,33.71,0,Yes
RT-0749,2024-02-03,Central India,Bhopal Hub,Bhopal,Tempo,80,76,95.0,277,30,9.23,8,14.78,36.59,3457.76,234.33,2335.07,6027.16,79.3,6,Yes
RT-0750,2024-04-02,North India,Delhi Hub,Meerut,20-ft Truck,500,247,49.4,305,41,7.44,6,11.31,43.13,4075.79,419.67,2190.13,6685.59,27.07,0,Yes
RT-0751,2024-05-26,West India,Mumbai Hub,Vadodara,32-ft Truck,800,490,61.3,109,41,2.66,9,9.24,17.82,1683.99,191.03,1487.13,3362.15,6.86,49,No
RT-0752,2024-07-20,South India,Bengaluru Hub,Chennai,Tempo,80,48,60.0,131,30,4.37,12,8.51,22.35,2112.08,221.99,1469.83,3803.9,79.25,10,Yes
RT-0753,2024-09-07,South India,Bengaluru Hub,Mysuru,20-ft Truck,500,448,89.6,219,30,7.3,10,13.05,26.03,2459.84,221.6,1947.78,4629.22,10.33,22,Yes
RT-0754,2024-07-07,East India,Kolkata Hub,Ranchi,20-ft Truck,500,292,58.4,79,50,1.58,2,2.2,9.1,859.95,91.41,391.96,1343.32,4.6,18,Yes
RT-0755,2024-02-07,West India,Mumbai Hub,Nashik,20-ft Truck,500,259,51.8,273,37,7.38,6,11.05,35.71,3374.6,239.65,1869.68,5483.93,21.17,9,Yes
RT-0756,2024-05-19,North India,Delhi Hub,Chandigarh,Mini Truck (14-ft),250,209,83.6,158,45,3.51,7,6.68,19.39,1832.36,292.5,943.12,3067.98,14.68,24,Yes
RT-0757,2024-12-30,East India,Kolkata Hub,Ranchi,32-ft Truck,800,713,89.1,266,64,4.16,2,5.13,40.6,3836.7,222.5,671.87,4731.07,6.64,0,Yes
RT-0758,2024-07-25,East India,Kolkata Hub,Jamshedpur,32-ft Truck,800,739,92.4,260,53,4.91,12,12.83,32.88,3107.16,481.39,2381.9,5970.45,8.08,0,Yes
RT-0759,2024-06-15,Central India,Bhopal Hub,Gwalior,Tata Ace,120,94,78.3,58,37,1.57,10,4.54,7.17,677.56,111.06,902.04,1690.66,17.99,0,Yes
RT-0760,2024-01-24,Central India,Bhopal Hub,Indore,Mini Truck (14-ft),250,245,98.0,265,48,5.52,4,7.9,35.19,3325.45,419.26,1234.38,4979.09,20.32,0,Yes
RT-0761,2024-01-07,West India,Mumbai Hub,Ahmedabad,20-ft Truck,500,297,59.4,114,31,3.68,10,7.96,18.18,1718.01,141.0,1343.44,3202.45,10.78,8,Yes
RT-0762,2024-11-30,Central India,Bhopal Hub,Raipur,Tempo,80,52,65.0,36,37,0.97,11,8.15,5.46,515.97,46.79,1314.18,1876.94,36.09,44,No
RT-0763,2024-08-21,West India,Mumbai Hub,Mumbai,Mini Truck (14-ft),250,143,57.2,273,59,4.63,8,6.87,41.7,3940.65,491.89,981.93,5414.47,37.86,104,No
RT-0764,2024-10-19,Central India,Bhopal Hub,Bilaspur,Tata Ace,120,98,81.7,269,56,4.8,10,7.72,50.11,4735.39,433.61,1113.49,6282.49,64.11,0,Yes
RT-0765,2024-04-22,West India,Mumbai Hub,Pune,32-ft Truck,800,579,72.4,157,49,3.2,2,4.01,19.11,1805.89,253.38,722.6,2781.87,4.8,16,Yes
RT-0766,2024-03-04,East India,Kolkata Hub,Siliguri,20-ft Truck,500,302,60.4,147,48,3.06,10,7.43,28.77,2718.76,222.65,1272.35,4213.76,13.95,30,No
RT-0767,2024-01-04,Central India,Bhopal Hub,Gwalior,Mini Truck (14-ft),250,159,63.6,61,59,1.03,6,4.79,11.76,1111.32,121.42,681.05,1913.79,12.04,14,Yes
RT-0768,2024-03-22,West India,Mumbai Hub,Vadodara,20-ft Truck,500,262,52.4,101,61,1.66,4,4.21,12.74,1203.93,130.07,840.02,2174.02,8.3,0,Yes
RT-0769,2024-01-02,Central India,Bhopal Hub,Bilaspur,20-ft Truck,500,440,88.0,184,46,4.0,3,5.16,33.66,3180.87,348.6,661.7,4191.17,9.53,0,Yes
RT-0770,2024-02-01,West India,Mumbai Hub,Mumbai,20-ft Truck,500,401,80.2,106,64,1.66,7,6.03,13.74,1298.43,119.65,1048.26,2466.34,6.15,26,Yes
RT-0771,2024-10-05,West India,Mumbai Hub,Ahmedabad,Tempo,80,73,91.2,377,45,8.38,7,11.12,57.27,5412.02,799.8,1830.74,8042.56,110.17,0,Yes
RT-0772,2024-04-25,Central India,Bhopal Hub,Jabalpur,32-ft Truck,800,699,87.4,179,34,5.26,12,13.71,25.24,2385.18,209.9,1884.57,4479.65,6.41,0,Yes
RT-0773,2024-02-02,South India,Bengaluru Hub,Coimbatore,Mini Truck (14-ft),250,175,70.0,116,53,2.19,8,6.33,19.81,1872.04,237.9,1210.28,3320.22,18.97,56,No
RT-0774,2024-06-09,North India,Delhi Hub,Jaipur,Tata Ace,120,56,46.7,17,47,0.36,9,3.76,2.75,259.88,19.97,613.45,893.3,15.95,29,Yes
RT-0775,2024-10-29,Central India,Bhopal Hub,Ujjain,32-ft Truck,800,425,53.1,341,52,6.56,4,8.77,45.06,4258.17,358.68,1122.52,5739.37,13.5,2,Yes
RT-0776,2024-07-24,South India,Bengaluru Hub,Hyderabad,Mini Truck (14-ft),250,218,87.2,230,35,6.57,9,9.87,27.29,2578.9,293.98,1256.09,4128.97,18.94,0,Yes
RT-0777,2024-08-27,East India,Kolkata Hub,Kolkata,Tata Ace,120,101,84.2,209,38,5.5,2,6.48,30.13,2847.28,406.05,1202.16,4455.49,44.11,0,Yes
RT-0778,2024-05-27,South India,Bengaluru Hub,Kochi,20-ft Truck,500,496,99.2,216,41,5.27,8,10.47,29.01,2741.45,246.65,1787.51,4775.61,9.63,50,No
RT-0779,2024-05-06,East India,Kolkata Hub,Guwahati,Mini Truck (14-ft),250,243,97.2,101,38,2.66,3,3.46,16.26,1536.57,199.51,626.23,2362.31,9.72,6,Yes
RT-0780,2024-12-01,North India,Delhi Hub,Lucknow,Tempo,80,69,86.2,239,31,7.71,11,15.04,32.95,3113.78,509.39,2792.18,6415.35,92.98,44,No
RT-0781,2024-12-30,West India,Mumbai Hub,Ahmedabad,Mini Truck (14-ft),250,205,82.0,358,29,12.34,9,18.5,47.17,4457.57,344.01,2915.49,7717.07,37.64,12,Yes
RT-0782,2024-10-24,North India,Delhi Hub,Meerut,20-ft Truck,500,492,98.4,221,58,3.81,8,6.38,32.34,3056.13,396.2,1028.43,4480.76,9.11,19,Yes
RT-0783,2024-02-13,West India,Mumbai Hub,Mumbai,Mini Truck (14-ft),250,156,62.4,71,37,1.92,4,4.07,11.46,1082.97,83.52,713.28,1879.77,12.05,6,Yes
RT-0784,2024-04-24,West India,Mumbai Hub,Mumbai,Mini Truck (14-ft),250,140,56.0,261,48,5.44,8,11.13,31.2,2948.4,309.75,2029.48,5287.63,37.77,0,Yes
RT-0785,2024-12-23,South India,Bengaluru Hub,Coimbatore,Mini Truck (14-ft),250,165,66.0,419,56,7.48,12,13.22,71.37,6744.47,727.21,1902.87,9374.55,56.82,0,Yes
RT-0786,2024-12-25,Central India,Bhopal Hub,Ujjain,Mini Truck (14-ft),250,126,50.4,222,61,3.64,11,7.79,30.93,2922.88,341.69,1047.59,4312.16,34.22,17,Yes
RT-0787,2024-10-05,West India,Mumbai Hub,Mumbai,32-ft Truck,800,381,47.6,343,46,7.46,12,15.62,39.71,3752.6,736.57,2057.45,6546.62,17.18,4,Yes
RT-0788,2024-04-08,Central India,Bhopal Hub,Indore,Mini Truck (14-ft),250,141,56.4,42,60,0.7,9,6.38,4.74,447.93,46.98,1223.9,1718.81,12.19,42,No
RT-0789,2024-08-31,Central India,Bhopal Hub,Raipur,32-ft Truck,800,732,91.5,299,46,6.5,5,8.8,56.53,5342.09,640.76,1283.47,7266.32,9.93,13,Yes
RT-0790,2024-09-20,North India,Delhi Hub,Jaipur,20-ft Truck,500,458,91.6,296,60,4.93,3,5.75,39.28,3711.96,596.49,996.23,5304.68,11.58,0,Yes
RT-0791,2024-04-25,North India,Delhi Hub,Delhi,32-ft Truck,800,788,98.5,113,65,1.74,7,6.5,19.31,1824.79,228.86,1290.02,3343.67,4.24,5,Yes
RT-0792,2024-05-14,Central India,Bhopal Hub,Gwalior,Mini Truck (14-ft),250,196,78.4,135,34,3.97,11,9.11,23.92,2260.44,219.02,1132.81,3612.27,18.43,0,Yes
RT-0793,2024-12-12,West India,Mumbai Hub,Surat,20-ft Truck,500,288,57.6,293,60,4.88,5,7.06,45.54,4303.53,413.66,1033.62,5750.81,19.97,28,Yes
RT-0794,2024-04-30,North India,Delhi Hub,Chandigarh,32-ft Truck,800,678,84.8,149,39,3.82,11,9.87,27.29,2578.9,220.82,1573.11,4372.83,6.45,0,Yes
RT-0795,2024-01-15,South India,Bengaluru Hub,Bengaluru,Tempo,80,67,83.8,313,37,8.46,9,12.04,43.95,4153.28,450.69,1737.72,6341.69,94.65,0,Yes
RT-0796,2024-09-08,North India,Delhi Hub,Chandigarh,Tata Ace,120,76,63.3,325,31,10.48,6,14.49,57.87,5468.72,609.19,1887.64,7965.55,104.81,14,Yes
RT-0797,2024-10-18,South India,Bengaluru Hub,Mysuru,32-ft Truck,800,470,58.8,134,53,2.53,8,5.16,16.75,1582.88,253.91,849.01,2685.8,5.71,23,Yes
RT-0798,2024-10-21,East India,Kolkata Hub,Patna,32-ft Truck,800,605,75.6,278,61,4.56,12,13.42,34.71,3280.1,501.18,2237.96,6019.24,9.95,0,Yes
RT-0799,2024-03-24,East India,Kolkata Hub,Jamshedpur,Mini Truck (14-ft),250,203,81.2,155,53,2.92,5,4.96,18.12,1712.34,299.02,775.91,2787.27,13.73,34,No
RT-0800,2024-11-28,South India,Bengaluru Hub,Bengaluru,20-ft Truck,500,249,49.8,334,60,5.57,4,7.04,63.46,5996.97,728.65,1355.46,8081.08,32.45,11,Yes
RT-0801,2024-09-04,West India,Mumbai Hub,Nashik,32-ft Truck,800,458,57.2,373,62,6.02,11,13.24,62.3,5887.35,553.47,1638.85,8079.67,17.64,0,Yes
RT-0802,2024-09-04,East India,Kolkata Hub,Jamshedpur,Tata Ace,120,72,60.0,388,54,7.19,4,8.67,45.42,4292.19,476.85,1099.9,5868.94,81.51,0,Yes
RT-0803,2024-04-24,East India,Kolkata Hub,Patna,Tempo,80,44,55.0,108,61,1.77,3,3.44,14.6,1379.7,167.32,628.32,2175.34,49.44,22,Yes
RT-0804,2024-09-27,North India,Delhi Hub,Lucknow,32-ft Truck,800,491,61.4,208,34,6.12,3,8.25,25.95,2452.28,362.15,1237.04,4051.47,8.25,17,Yes
RT-0805,2024-09-15,South India,Bengaluru Hub,Vizag,Mini Truck (14-ft),250,158,63.2,76,62,1.23,8,5.67,8.55,807.98,166.59,902.84,1877.41,11.88,0,Yes
RT-0806,2024-09-15,North India,Delhi Hub,Amritsar,32-ft Truck,800,392,49.0,372,45,8.27,3,9.77,70.72,6683.04,682.5,1348.88,8714.42,22.23,9,Yes
RT-0807,2024-10-28,South India,Bengaluru Hub,Chennai,20-ft Truck,500,226,45.2,281,52,5.4,4,7.39,41.91,3960.49,485.12,1269.51,5715.12,25.29,0,Yes
RT-0808,2024-03-04,South India,Bengaluru Hub,Vizag,20-ft Truck,500,295,59.0,341,52,6.56,3,7.32,54.19,5120.95,383.21,1121.65,6625.81,22.46,24,Yes
RT-0809,2024-02-18,South India,Bengaluru Hub,Bengaluru,32-ft Truck,800,377,47.1,215,53,4.06,11,9.56,33.68,3182.76,369.19,1389.54,4941.49,13.11,52,No
RT-0810,2024-10-14,West India,Mumbai Hub,Mumbai,20-ft Truck,500,384,76.8,264,37,7.14,6,11.61,34.51,3261.19,322.77,2169.79,5753.75,14.98,0,Yes
RT-0811,2024-03-04,Central India,Bhopal Hub,Jabalpur,Tata Ace,120,69,57.5,119,56,2.12,4,4.88,15.76,1489.32,171.91,797.09,2458.32,35.63,0,Yes
RT-0812,2024-06-09,Central India,Bhopal Hub,Raipur,32-ft Truck,800,569,71.1,396,35,11.31,9,16.59,66.04,6240.78,516.04,3124.43,9881.25,17.37,0,Yes
RT-0813,2024-05-15,East India,Kolkata Hub,Patna,32-ft Truck,800,569,71.1,111,45,2.47,12,6.08,12.42,1173.69,202.71,1204.13,2580.53,4.54,46,No
RT-0814,2024-04-15,Central India,Bhopal Hub,Ujjain,Mini Truck (14-ft),250,119,47.6,347,45,7.71,11,12.14,46.34,4379.13,415.57,1989.13,6783.83,57.01,27,Yes
RT-0815,2024-08-23,North India,Delhi Hub,Amritsar,Tata Ace,120,86,71.7,288,33,8.73,7,11.28,56.35,5325.07,462.61,2073.58,7861.26,91.41,0,Yes
RT-0816,2024-04-24,East India,Kolkata Hub,Guwahati,Tempo,80,55,68.8,364,41,8.88,8,12.28,49.57,4684.36,356.46,2086.03,7126.85,129.58,26,Yes
RT-0817,2024-09-21,Central India,Bhopal Hub,Indore,32-ft Truck,800,712,89.0,333,64,5.2,8,7.45,44.89,4242.11,600.11,1066.14,5908.36,8.3,8,Yes
RT-0818,2024-06-06,South India,Bengaluru Hub,Hyderabad,Mini Truck (14-ft),250,130,52.0,129,50,2.58,4,3.63,18.64,1761.48,169.11,634.04,2564.63,19.73,30,No
RT-0819,2024-08-10,South India,Bengaluru Hub,Kochi,32-ft Truck,800,737,92.1,185,30,6.17,9,9.93,34.32,3243.24,400.29,1224.03,4867.56,6.6,0,Yes
RT-0820,2024-03-17,East India,Kolkata Hub,Guwahati,Tata Ace,120,102,85.0,385,36,10.69,4,11.82,46.86,4428.27,514.32,2341.85,7284.44,71.42,40,No
RT-0821,2024-11-24,South India,Bengaluru Hub,Mysuru,32-ft Truck,800,700,87.5,401,45,8.91,5,10.79,51.9,4904.55,716.18,1669.55,7290.28,10.41,2,Yes
RT-0822,2024-11-10,North India,Delhi Hub,Agra,20-ft Truck,500,291,58.2,291,36,8.08,3,9.74,54.2,5121.9,249.79,1407.8,6779.49,23.3,0,Yes
RT-0823,2024-05-23,East India,Kolkata Hub,Guwahati,20-ft Truck,500,438,87.6,275,56,4.91,4,6.89,33.38,3154.41,455.1,867.46,4476.97,10.22,48,No
RT-0824,2024-07-15,East India,Kolkata Hub,Ranchi,Mini Truck (14-ft),250,244,97.6,419,64,6.55,2,7.99,80.82,7637.49,770.58,1340.2,9748.27,39.95,0,Yes
RT-0825,2024-06-03,Central India,Bhopal Hub,Bhopal,Mini Truck (14-ft),250,123,49.2,107,65,1.65,9,5.23,13.95,1318.27,107.66,930.5,2356.43,19.16,0,Yes
RT-0826,2024-05-18,West India,Mumbai Hub,Mumbai,Mini Truck (14-ft),250,123,49.2,76,64,1.19,10,5.77,10.3,973.35,145.38,718.3,1837.03,14.94,29,Yes
RT-0827,2024-12-07,East India,Kolkata Hub,Jamshedpur,Tempo,80,48,60.0,323,55,5.87,11,9.84,39.78,3759.21,329.54,1294.99,5383.74,112.16,43,No
RT-0828,2024-07-25,North India,Delhi Hub,Amritsar,32-ft Truck,800,466,58.2,91,61,1.49,8,5.99,11.9,1124.55,147.58,882.68,2154.81,4.62,44,No
RT-0829,2024-03-23,North India,Delhi Hub,Delhi,Tata Ace,120,67,55.8,162,34,4.76,9,8.86,18.48,1746.36,342.22,1457.48,3546.06,52.93,0,Yes
RT-0830,2024-10-22,East India,Kolkata Hub,Siliguri,Mini Truck (14-ft),250,201,80.4,294,64,4.59,11,9.5,38.75,3661.88,440.82,1717.63,5820.33,28.96,8,Yes
RT-0831,2024-08-12,Central India,Bhopal Hub,Raipur,Tempo,80,49,61.3,284,60,4.73,8,10.09,38.56,3643.92,279.1,1361.54,5284.56,107.85,0,Yes
RT-0832,2024-09-25,South India,Bengaluru Hub,Coimbatore,Mini Truck (14-ft),250,185,74.0,330,43,7.67,7,12.14,36.84,3481.38,321.04,1641.3,5443.72,29.43,15,Yes
RT-0833,2024-04-10,North India,Delhi Hub,Chandigarh,Mini Truck (14-ft),250,202,80.8,166,64,2.59,5,4.82,26.34,2489.13,214.88,784.76,3488.77,17.27,79,No
RT-0834,2024-05-18,East India,Kolkata Hub,Siliguri,Tempo,80,56,70.0,288,32,9.0,11,14.79,32.61,3081.64,514.66,2130.12,5726.42,102.26,15,Yes
RT-0835,2024-03-22,South India,Bengaluru Hub,Vizag,Tata Ace,120,95,79.2,126,46,2.74,10,9.08,19.63,1855.03,277.08,1441.7,3573.81,37.62,51,No
RT-0836,2024-06-15,Central India,Bhopal Hub,Gwalior,20-ft Truck,500,368,73.6,51,63,0.81,6,3.56,5.83,550.94,88.9,530.7,1170.54,3.18,17,Yes
RT-0837,2024-10-19,West India,Mumbai Hub,Mumbai,Tata Ace,120,79,65.8,70,49,1.43,8,7.41,9.95,940.27,67.32,1107.08,2114.67,26.77,20,Yes
RT-0838,2024-03-29,South India,Bengaluru Hub,Vizag,Tata Ace,120,83,69.2,94,38,2.47,4,4.33,15.76,1489.32,172.67,618.4,2280.39,27.47,9,Yes
RT-0839,2024-08-04,North India,Delhi Hub,Amritsar,32-ft Truck,800,620,77.5,147,62,2.37,5,5.82,18.93,1788.88,188.48,1111.37,3088.73,4.98,0,Yes
RT-0840,2024-08-13,East India,Kolkata Hub,Siliguri,Mini Truck (14-ft),250,220,88.0,353,45,7.84,7,12.81,58.21,5500.85,339.76,2427.35,8267.96,37.58,56,No
RT-0841,2024-04-03,East India,Kolkata Hub,Bhubaneswar,Mini Truck (14-ft),250,158,63.2,26,28,0.93,3,2.02,4.86,459.27,27.12,292.45,778.84,4.93,14,Yes
RT-0842,2024-03-08,South India,Bengaluru Hub,Hyderabad,32-ft Truck,800,631,78.9,122,62,1.97,11,6.59,16.04,1515.78,258.2,918.81,2692.79,4.27,45,No
RT-0843,2024-12-03,East India,Kolkata Hub,Patna,Mini Truck (14-ft),250,223,89.2,134,30,4.47,8,9.78,22.4,2116.8,115.62,1529.16,3761.58,16.87,5,Yes
RT-0844,2024-09-21,Central India,Bhopal Hub,Raipur,20-ft Truck,500,305,61.0,345,35,9.86,10,13.74,44.05,4162.72,527.33,1750.02,6440.07,21.11,49,No
RT-0845,2024-10-09,South India,Bengaluru Hub,Bengaluru,32-ft Truck,800,676,84.5,307,57,5.39,8,11.38,37.02,3498.39,411.48,1492.2,5402.07,7.99,6,Yes
RT-0846,2024-08-11,North India,Delhi Hub,Jaipur,Mini Truck (14-ft),250,206,82.4,112,60,1.87,6,5.81,17.51,1654.7,116.82,837.31,2608.83,12.66,6,Yes
RT-0847,2024-01-03,West India,Mumbai Hub,Nagpur,Mini Truck (14-ft),250,249,99.6,187,41,4.56,7,6.51,34.08,3220.56,296.53,1272.78,4789.87,19.24,17,Yes
RT-0848,2024-09-22,Central India,Bhopal Hub,Raipur,32-ft Truck,800,458,57.2,143,45,3.18,9,8.1,17.43,1647.13,144.43,1273.8,3065.36,6.69,14,Yes
RT-0849,2024-07-14,West India,Mumbai Hub,Surat,Tata Ace,120,63,52.5,96,36,2.67,4,5.38,12.09,1142.5,185.37,655.19,1983.06,31.48,0,Yes
RT-0850,2024-02-21,West India,Mumbai Hub,Mumbai,Mini Truck (14-ft),250,157,62.8,89,59,1.51,12,6.44,10.06,950.67,135.67,864.81,1951.15,12.43,0,Yes
RT-0851,2024-01-21,West India,Mumbai Hub,Vadodara,Tata Ace,120,102,85.0,64,55,1.16,12,9.18,7.78,735.21,85.15,1742.29,2562.65,25.12,27,Yes
RT-0852,2024-02-26,South India,Bengaluru Hub,Mysuru,32-ft Truck,800,375,46.9,314,48,6.54,11,12.77,55.43,5238.14,685.72,1940.58,7864.44,20.97,9,Yes
RT-0853,2024-10-05,North India,Delhi Hub,Meerut,20-ft Truck,500,402,80.4,398,43,9.26,10,15.62,62.08,5866.56,780.35,2577.8,9224.71,22.95,50,No
RT-0854,2024-10-04,South India,Bengaluru Hub,Kochi,Mini Truck (14-ft),250,118,47.2,120,35,3.43,12,11.76,21.68,2048.76,263.14,2316.12,4628.02,39.22,0,Yes
RT-0855,2024-01-09,South India,Bengaluru Hub,Chennai,Mini Truck (14-ft),250,168,67.2,277,48,5.77,4,8.63,36.72,3470.04,387.35,1205.34,5062.73,30.14,19,Yes
RT-0856,2024-10-06,North India,Delhi Hub,Amritsar,32-ft Truck,800,424,53.0,347,28,12.39,11,17.87,52.7,4980.15,583.16,2286.75,7850.06,18.51,54,No
RT-0857,2024-02-14,North India,Delhi Hub,Chandigarh,Mini Truck (14-ft),250,141,56.4,294,47,6.26,10,10.04,53.56,5061.42,442.93,1237.66,6742.01,47.82,0,Yes
RT-0858,2024-12-06,South India,Bengaluru Hub,Hyderabad,Mini Truck (14-ft),250,201,80.4,288,32,9.0,2,10.35,54.81,5179.55,545.12,1724.23,7448.9,37.06,0,Yes
RT-0859,2024-08-30,West India,Mumbai Hub,Ahmedabad,Mini Truck (14-ft),250,131,52.4,35,51,0.69,6,4.38,6.43,607.63,63.07,766.57,1437.27,10.97,0,Yes
RT-0860,2024-01-05,North India,Delhi Hub,Agra,20-ft Truck,500,251,50.2,17,39,0.44,8,3.77,2.63,248.53,16.7,550.59,815.82,3.25,0,Yes
RT-0861,2024-08-22,South India,Bengaluru Hub,Coimbatore,Tata Ace,120,89,74.2,214,44,4.86,5,8.17,24.19,2285.95,341.89,1578.05,4205.89,47.26,0,Yes
RT-0862,2024-01-20,North India,Delhi Hub,Meerut,20-ft Truck,500,396,79.2,106,35,3.03,8,5.56,16.02,1513.89,223.23,993.37,2730.49,6.9,24,Yes
RT-0863,2024-01-21,West India,Mumbai Hub,Surat,32-ft Truck,800,572,71.5,299,30,9.97,4,11.62,46.28,4373.46,655.4,2249.97,7278.83,12.73,0,Yes
RT-0864,2024-07-29,Central India,Bhopal Hub,Indore,Tata Ace,120,59,49.2,166,54,3.07,3,4.33,24.97,2359.66,232.32,682.08,3274.06,55.49,10,Yes
RT-0865,2024-11-04,Central India,Bhopal Hub,Bhopal,32-ft Truck,800,554,69.2,268,33,8.12,12,11.82,35.2,3326.4,471.45,2230.31,6028.16,10.88,65,No
RT-0866,2024-05-26,West India,Mumbai Hub,Mumbai,Mini Truck (14-ft),250,161,64.4,64,37,1.73,3,3.33,9.33,881.69,76.95,480.78,1439.42,8.94,0,Yes
RT-0867,2024-06-26,North India,Delhi Hub,Amritsar,Tata Ace,120,77,64.2,318,32,9.94,4,12.02,61.5,5811.75,366.02,1943.74,8121.51,105.47,47,No
RT-0868,2024-03-07,Central India,Bhopal Hub,Jabalpur,Mini Truck (14-ft),250,145,58.0,44,50,0.88,5,4.11,5.12,483.84,72.6,770.2,1326.64,9.15,0,Yes
RT-0869,2024-02-25,North India,Delhi Hub,Amritsar,20-ft Truck,500,370,74.0,368,57,6.46,12,14.95,53.79,5083.15,417.06,2910.29,8410.5,22.73,10,Yes
RT-0870,2024-10-20,East India,Kolkata Hub,Ranchi,20-ft Truck,500,395,79.0,138,37,3.73,7,7.07,21.61,2042.14,164.94,1076.69,3283.77,8.31,30,No
RT-0871,2024-05-11,Central India,Bhopal Hub,Jabalpur,Tata Ace,120,67,55.8,209,37,5.65,8,10.8,23.9,2258.55,290.88,2144.29,4693.72,70.06,0,Yes
RT-0872,2024-09-17,Central India,Bhopal Hub,Bilaspur,Mini Truck (14-ft),250,191,76.4,250,38,6.58,10,13.13,40.72,3848.04,513.2,2310.61,6671.85,34.93,20,Yes
RT-0873,2024-07-02,East India,Kolkata Hub,Guwahati,32-ft Truck,800,516,64.5,31,28,1.11,3,2.42,3.54,334.53,47.55,416.08,798.16,1.55,9,Yes
RT-0874,2024-03-14,West India,Mumbai Hub,Pune,32-ft Truck,800,781,97.6,129,30,4.3,12,12.62,20.06,1895.67,247.65,2133.36,4276.68,5.48,15,Yes
RT-0875,2024-04-01,South India,Bengaluru Hub,Hyderabad,20-ft Truck,500,226,45.2,379,59,6.42,5,10.02,50.45,4767.53,709.17,1864.43,7341.13,32.48,0,Yes
RT-0876,2024-10-15,Central India,Bhopal Hub,Bilaspur,Mini Truck (14-ft),250,222,88.8,343,36,9.53,2,10.04,66.0,6237.0,407.07,1420.61,8064.68,36.33,22,Yes
RT-0877,2024-09-04,North India,Delhi Hub,Agra,32-ft Truck,800,511,63.9,47,60,0.78,3,2.95,5.85,552.82,88.82,361.32,1002.96,1.96,12,Yes
RT-0878,2024-12-19,West India,Mumbai Hub,Nagpur,Tata Ace,120,87,72.5,184,34,5.41,3,6.36,24.57,2321.87,238.55,1160.52,3720.94,42.77,23,Yes
RT-0879,2024-02-15,West India,Mumbai Hub,Nashik,Tempo,80,36,45.0,88,33,2.67,10,9.54,16.08,1519.56,176.85,1334.47,3030.88,84.19,0,Yes
RT-0880,2024-09-18,East India,Kolkata Hub,Patna,20-ft Truck,500,348,69.6,125,47,2.66,8,6.68,14.38,1358.91,262.92,1272.78,2894.61,8.32,33,No
RT-0881,2024-09-04,East India,Kolkata Hub,Jamshedpur,20-ft Truck,500,292,58.4,232,51,4.55,7,8.63,28.33,2677.18,190.81,1352.87,4220.86,14.45,48,No
RT-0882,2024-04-23,South India,Bengaluru Hub,Kochi,Mini Truck (14-ft),250,122,48.8,373,62,6.02,5,8.88,49.63,4690.03,308.18,1650.36,6648.57,54.5,9,Yes
RT-0883,2024-11-27,South India,Bengaluru Hub,Mysuru,Mini Truck (14-ft),250,243,97.2,349,54,6.46,9,9.97,44.54,4209.03,365.98,1301.81,5876.82,24.18,0,Yes
RT-0884,2024-05-07,North India,Delhi Hub,Jaipur,20-ft Truck,500,402,80.4,37,49,0.76,11,6.52,4.65,439.43,44.23,1187.03,1670.69,4.16,11,Yes
RT-0885,2024-07-14,West India,Mumbai Hub,Vadodara,32-ft Truck,800,434,54.2,168,54,3.11,8,7.65,22.1,2088.45,175.34,1118.57,3382.36,7.79,17,Yes
RT-0886,2024-01-19,West India,Mumbai Hub,Nagpur,Tata Ace,120,81,67.5,120,48,2.5,4,4.19,23.34,2205.63,111.48,749.86,3066.97,37.86,9,Yes
RT-0887,2024-07-24,East India,Kolkata Hub,Jamshedpur,32-ft Truck,800,663,82.9,241,40,6.03,8,11.06,29.01,2741.45,361.49,2195.65,5298.59,7.99,2,Yes
RT-0888,2024-01-20,South India,Bengaluru Hub,Bengaluru,Mini Truck (14-ft),250,236,94.4,366,61,6.0,12,11.66,50.3,4753.35,504.06,2107.18,7364.59,31.21,25,Yes
RT-0889,2024-08-23,South India,Bengaluru Hub,Vizag,20-ft Truck,500,307,61.4,270,38,7.11,5,9.5,37.12,3507.84,589.8,1701.07,5798.71,18.89,0,Yes
RT-0890,2024-03-23,Central India,Bhopal Hub,Ujjain,32-ft Truck,800,631,78.9,247,55,4.49,7,8.27,33.24,3141.18,308.56,1187.45,4637.19,7.35,35,No
RT-0891,2024-08-27,South India,Bengaluru Hub,Chennai,32-ft Truck,800,395,49.4,52,62,0.84,7,3.32,7.8,737.1,96.48,628.06,1461.64,3.7,0,Yes
RT-0892,2024-03-10,West India,Mumbai Hub,Nashik,Mini Truck (14-ft),250,137,54.8,201,54,3.72,9,6.12,26.05,2461.72,316.33,1173.75,3951.8,28.85,0,Yes
RT-0893,2024-08-13,East India,Kolkata Hub,Jamshedpur,20-ft Truck,500,242,48.4,351,49,7.16,2,8.65,58.24,5503.68,480.46,1676.39,7660.53,31.66,35,No
RT-0894,2024-02-23,South India,Bengaluru Hub,Chennai,Mini Truck (14-ft),250,119,47.6,393,58,6.78,10,12.67,46.94,4435.83,448.82,1969.96,6854.61,57.6,0,Yes
RT-0895,2024-02-10,East India,Kolkata Hub,Bhubaneswar,Mini Truck (14-ft),250,240,96.0,150,33,4.55,5,6.9,17.92,1693.44,200.65,1323.43,3217.52,13.41,44,No
RT-0896,2024-06-29,Central India,Bhopal Hub,Ujjain,Tempo,80,43,53.8,159,58,2.74,8,8.0,18.0,1701.0,325.88,1486.49,3513.37,81.71,14,Yes
RT-0897,2024-12-09,West India,Mumbai Hub,Surat,20-ft Truck,500,225,45.0,312,46,6.78,10,12.05,51.29,4846.9,508.46,1890.6,7245.96,32.2,7,Yes
RT-0898,2024-12-11,Central India,Bhopal Hub,Raipur,Tata Ace,120,78,65.0,395,46,8.59,11,12.68,70.5,6662.25,845.74,2512.13,10020.12,128.46,56,No
RT-0899,2024-07-28,East India,Kolkata Hub,Bhubaneswar,32-ft Truck,800,498,62.3,374,32,11.69,11,14.45,44.11,4168.39,443.3,1876.82,6488.51,13.03,3,Yes
RT-0900,2024-02-13,West India,Mumbai Hub,Mumbai,Tata Ace,120,102,85.0,386,45,8.58,10,14.4,47.81,4518.05,776.3,2384.33,7678.68,75.28,35,No
RT-0901,2024-06-20,East India,Kolkata Hub,Kolkata,Tempo,80,66,82.5,404,54,7.48,5,11.21,51.5,4866.75,621.76,1728.6,7217.11,109.35,17,Yes
RT-0902,2024-11-18,North India,Delhi Hub,Amritsar,32-ft Truck,800,599,74.9,81,34,2.38,12,5.63,11.06,1045.17,109.19,1116.61,2270.97,3.79,33,No
RT-0903,2024-11-09,East India,Kolkata Hub,Guwahati,20-ft Truck,500,283,56.6,327,39,8.38,11,14.61,42.28,3995.46,359.04,1890.43,6244.93,22.07,52,No
RT-0904,2024-04-06,South India,Bengaluru Hub,Mysuru,Mini Truck (14-ft),250,247,98.8,74,59,1.25,4,3.81,11.27,1065.01,121.87,745.8,1932.68,7.82,22,Yes
RT-0905,2024-06-10,West India,Mumbai Hub,Vadodara,Mini Truck (14-ft),250,189,75.6,133,63,2.11,8,6.23,21.18,2001.51,201.36,882.74,3085.61,16.33,16,Yes
RT-0906,2024-11-04,East India,Kolkata Hub,Patna,20-ft Truck,500,342,68.4,307,30,10.23,12,15.33,46.28,4373.46,648.78,2645.43,7667.67,22.42,0,Yes
RT-0907,2024-03-17,East India,Kolkata Hub,Ranchi,32-ft Truck,800,706,88.2,70,47,1.49,3,2.62,12.15,1148.17,97.24,479.26,1724.67,2.44,41,No
RT-0908,2024-11-22,South India,Bengaluru Hub,Kochi,Mini Truck (14-ft),250,165,66.0,54,54,1.0,8,5.98,7.51,709.69,54.26,941.11,1705.06,10.33,14,Yes
RT-0909,2024-12-04,North India,Delhi Hub,Jaipur,20-ft Truck,500,326,65.2,33,63,0.52,9,6.44,6.24,589.68,29.56,1246.4,1865.64,5.72,0,Yes
RT-0910,2024-06-01,South India,Bengaluru Hub,Mysuru,32-ft Truck,800,506,63.2,355,43,8.26,12,11.4,70.49,6661.3,667.78,2224.55,9553.63,18.88,0,Yes
RT-0911,2024-11-08,West India,Mumbai Hub,Nashik,Mini Truck (14-ft),250,233,93.2,293,55,5.33,8,8.91,50.56,4777.92,364.08,1084.91,6226.91,26.72,0,Yes
RT-0912,2024-12-19,North India,Delhi Hub,Agra,20-ft Truck,500,465,93.0,334,55,6.07,6,7.97,63.47,5997.91,405.95,1541.96,7945.82,17.09,26,Yes
RT-0913,2024-01-05,Central India,Bhopal Hub,Raipur,32-ft Truck,800,521,65.1,378,33,11.45,4,13.13,46.14,4360.23,615.87,2171.77,7147.87,13.72,0,Yes
RT-0914,2024-02-28,South India,Bengaluru Hub,Bengaluru,Mini Truck (14-ft),250,211,84.4,351,29,12.1,3,14.13,41.16,3889.62,760.61,1854.23,6504.46,30.83,14,Yes
RT-0915,2024-11-21,West India,Mumbai Hub,Mumbai,32-ft Truck,800,366,45.8,302,46,6.57,12,13.9,45.37,4287.47,584.16,2430.44,7302.07,19.95,0,Yes
RT-0916,2024-01-07,West India,Mumbai Hub,Surat,Mini Truck (14-ft),250,137,54.8,278,61,4.56,5,7.87,35.74,3377.43,393.77,983.41,4754.61,34.71,9,Yes
RT-0917,2024-04-28,Central India,Bhopal Hub,Raipur,Mini Truck (14-ft),250,123,49.2,361,30,12.03,3,13.93,47.14,4454.73,485.23,2710.24,7650.2,62.2,24,Yes
RT-0918,2024-09-16,Central India,Bhopal Hub,Raipur,Tata Ace,120,119,99.2,177,54,3.28,2,4.09,23.56,2226.42,256.62,635.4,3118.44,26.21,3,Yes
RT-0919,2024-10-15,East India,Kolkata Hub,Jamshedpur,20-ft Truck,500,332,66.4,140,58,2.41,11,8.19,16.0,1512.0,213.98,1580.24,3306.22,9.96,0,Yes
RT-0920,2024-11-28,Central India,Bhopal Hub,Bilaspur,32-ft Truck,800,617,77.1,94,62,1.52,2,2.06,12.14,1147.23,102.73,368.25,1618.21,2.62,0,Yes
RT-0921,2024-09-03,North India,Delhi Hub,Meerut,20-ft Truck,500,417,83.4,175,32,5.47,4,7.1,23.83,2251.93,365.49,1290.34,3907.76,9.37,26,Yes
RT-0922,2024-08-20,West India,Mumbai Hub,Pune,Mini Truck (14-ft),250,183,73.2,358,51,7.02,10,13.5,42.69,4034.2,291.06,1730.75,6056.01,33.09,25,Yes
RT-0923,2024-10-19,Central India,Bhopal Hub,Bhopal,20-ft Truck,500,420,84.0,403,43,9.37,3,10.12,64.91,6133.99,428.75,1589.9,8152.64,19.41,0,Yes
RT-0924,2024-12-10,South India,Bengaluru Hub,Vizag,Mini Truck (14-ft),250,212,84.8,43,41,1.05,5,4.38,5.79,547.15,63.47,584.76,1195.38,5.64,32,No
RT-0925,2024-07-12,North India,Delhi Hub,Jaipur,Mini Truck (14-ft),250,240,96.0,21,54,0.39,9,5.72,3.12,294.84,31.81,797.87,1124.52,4.69,9,Yes
RT-0926,2024-11-23,West India,Mumbai Hub,Ahmedabad,Mini Truck (14-ft),250,187,74.8,189,42,4.5,8,7.44,36.32,3432.24,255.08,1273.31,4960.63,26.53,0,Yes
RT-0927,2024-12-22,East India,Kolkata Hub,Ranchi,Tata Ace,120,100,83.3,190,46,4.13,2,4.93,26.22,2477.79,342.36,881.27,3701.42,37.01,0,Yes
RT-0928,2024-04-13,West India,Mumbai Hub,Nagpur,Mini Truck (14-ft),250,170,68.0,411,55,7.47,5,10.81,52.62,4972.59,392.94,1833.11,7198.64,42.34,7,Yes
RT-0929,2024-02-16,East India,Kolkata Hub,Bhubaneswar,Mini Truck (14-ft),250,250,100.0,361,35,10.31,9,13.86,44.89,4242.11,623.59,2000.59,6866.29,27.47,0,Yes
RT-0930,2024-03-20,West India,Mumbai Hub,Mumbai,20-ft Truck,500,464,92.8,42,35,1.2,9,7.77,7.56,714.42,70.65,1383.08,2168.15,4.67,3,Yes
RT-0931,2024-08-18,East India,Kolkata Hub,Guwahati,Mini Truck (14-ft),250,152,60.8,286,33,8.67,11,14.11,37.1,3505.95,560.51,2451.25,6517.71,42.88,0,Yes
RT-0932,2024-07-31,North India,Delhi Hub,Meerut,20-ft Truck,500,326,65.2,15,60,0.25,12,6.47,1.7,160.65,20.68,909.45,1090.78,3.35,0,Yes
RT-0933,2024-06-19,North India,Delhi Hub,Amritsar,Tempo,80,72,90.0,391,64,6.11,10,9.23,77.15,7290.68,413.85,1391.65,9096.18,126.34,18,Yes
RT-0934,2024-10-10,West India,Mumbai Hub,Vadodara,32-ft Truck,800,738,92.2,334,42,7.95,11,12.92,41.49,3920.81,378.29,1728.79,6027.89,8.17,0,Yes
RT-0935,2024-06-09,East India,Kolkata Hub,Bhubaneswar,20-ft Truck,500,374,74.8,407,58,7.02,10,12.03,53.98,5101.11,595.71,2306.85,8003.67,21.4,0,Yes
RT-0936,2024-02-16,North India,Delhi Hub,Chandigarh,Mini Truck (14-ft),250,205,82.0,355,65,5.46,7,9.04,52.56,4966.92,344.62,1385.76,6697.3,32.67,0,Yes
RT-0937,2024-01-12,West India,Mumbai Hub,Nagpur,20-ft Truck,500,467,93.4,293,32,9.16,11,16.38,47.71,4508.6,539.72,2217.83,7266.15,15.56,9,Yes
RT-0938,2024-01-16,South India,Bengaluru Hub,Kochi,Mini Truck (14-ft),250,233,93.2,355,49,7.24,7,12.1,47.14,4454.73,657.61,1642.11,6754.45,28.99,14,Yes
RT-0939,2024-03-07,East India,Kolkata Hub,Kolkata,Tempo,80,75,93.8,250,47,5.32,9,10.82,27.86,2632.77,425.86,1447.83,4506.46,60.09,0,Yes
RT-0940,2024-05-08,East India,Kolkata Hub,Patna,Mini Truck (14-ft),250,181,72.4,257,30,8.57,7,12.02,33.19,3136.45,425.52,1947.4,5509.37,30.44,3,Yes
RT-0941,2024-05-10,South India,Bengaluru Hub,Coimbatore,Tata Ace,120,96,80.0,44,32,1.38,11,6.88,8.72,824.04,56.13,871.13,1751.3,18.24,27,Yes
RT-0942,2024-06-10,North India,Delhi Hub,Lucknow,Mini Truck (14-ft),250,141,56.4,359,44,8.16,2,8.75,62.32,5889.24,605.37,1733.24,8227.85,58.35,0,Yes
RT-0943,2024-07-21,South India,Bengaluru Hub,Coimbatore,Tata Ace,120,95,79.2,34,30,1.13,6,4.51,4.15,392.18,37.98,819.57,1249.73,13.16,24,Yes
RT-0944,2024-01-11,Central India,Bhopal Hub,Raipur,Tata Ace,120,71,59.2,387,37,10.46,10,14.26,48.22,4556.79,652.52,2624.49,7833.8,110.34,53,No
RT-0945,2024-10-07,Central India,Bhopal Hub,Gwalior,Mini Truck (14-ft),250,153,61.2,419,44,9.52,11,12.61,63.54,6004.53,801.21,1998.94,8804.68,57.55,0,Yes
RT-0946,2024-11-18,West India,Mumbai Hub,Vadodara,Mini Truck (14-ft),250,151,60.4,28,37,0.76,9,6.41,3.3,311.85,56.29,1062.53,1430.67,9.47,18,Yes
RT-0947,2024-12-11,East India,Kolkata Hub,Jamshedpur,20-ft Truck,500,479,95.8,114,42,2.71,5,4.42,16.02,1513.89,245.2,732.56,2491.65,5.2,0,Yes
RT-0948,2024-08-15,North India,Delhi Hub,Jaipur,Tata Ace,120,116,96.7,157,43,3.65,3,5.67,19.99,1889.05,208.37,1057.78,3155.2,27.2,0,Yes
RT-0949,2024-05-31,West India,Mumbai Hub,Nashik,20-ft Truck,500,424,84.8,218,36,6.06,3,7.55,26.59,2512.76,421.83,1243.14,4177.73,9.85,13,Yes
RT-0950,2024-03-10,South India,Bengaluru Hub,Chennai,Tata Ace,120,110,91.7,306,31,9.87,9,12.21,50.48,4770.36,580.33,1603.87,6954.56,63.22,7,Yes
RT-0951,2024-06-11,South India,Bengaluru Hub,Chennai,Tata Ace,120,117,97.5,353,63,5.6,7,8.53,45.89,4336.61,574.64,1404.9,6316.15,53.98,25,Yes
RT-0952,2024-09-11,Central India,Bhopal Hub,Bhopal,Tempo,80,74,92.5,409,55,7.44,11,10.81,48.8,4611.6,534.78,1674.0,6820.38,92.17,0,Yes
RT-0953,2024-07-28,Central India,Bhopal Hub,Indore,Mini Truck (14-ft),250,231,92.4,350,55,6.36,8,9.09,49.07,4637.11,384.93,1171.39,6193.43,26.81,0,Yes
RT-0954,2024-02-20,South India,Bengaluru Hub,Mysuru,Tempo,80,49,61.3,396,59,6.71,4,8.4,74.67,7056.32,838.72,1555.09,9450.13,192.86,42,No
RT-0955,2024-11-15,South India,Bengaluru Hub,Coimbatore,Mini Truck (14-ft),250,219,87.6,65,40,1.62,8,6.91,12.3,1162.35,55.53,1139.75,2357.63,10.77,21,Yes
RT-0956,2024-10-29,West India,Mumbai Hub,Surat,Mini Truck (14-ft),250,170,68.0,55,56,0.98,2,2.47,6.44,608.58,50.81,484.45,1143.84,6.73,13,Yes
RT-0957,2024-10-24,North India,Delhi Hub,Jaipur,Tata Ace,120,79,65.8,411,49,8.39,10,12.68,52.12,4925.34,400.53,1766.25,7092.12,89.77,0,Yes
RT-0958,2024-06-09,South India,Bengaluru Hub,Bengaluru,Mini Truck (14-ft),250,184,73.6,76,59,1.29,4,2.47,10.47,989.42,130.25,320.38,1440.05,7.83,0,Yes
RT-0959,2024-12-19,North India,Delhi Hub,Jaipur,20-ft Truck,500,259,51.8,250,52,4.81,6,7.38,35.22,3328.29,441.53,1383.92,5153.74,19.9,33,No
RT-0960,2024-11-05,West India,Mumbai Hub,Nashik,Tempo,80,48,60.0,321,41,7.83,2,8.82,37.66,3558.87,504.15,1137.7,5200.72,108.35,19,Yes
RT-0961,2024-07-11,West India,Mumbai Hub,Nagpur,Tempo,80,42,52.5,239,64,3.73,10,8.2,46.6,4403.7,213.96,1400.53,6018.19,143.29,18,Yes
RT-0962,2024-12-15,South India,Bengaluru Hub,Coimbatore,20-ft Truck,500,499,99.8,64,45,1.42,8,6.73,12.14,1147.23,77.26,1136.82,2361.31,4.73,40,No
RT-0963,2024-04-26,North India,Delhi Hub,Amritsar,Mini Truck (14-ft),250,227,90.8,296,61,4.85,3,6.53,54.63,5162.53,494.63,1292.26,6949.42,30.61,0,Yes
RT-0964,2024-02-24,North India,Delhi Hub,Delhi,Mini Truck (14-ft),250,169,67.6,51,63,0.81,11,3.61,8.7,822.15,108.51,516.74,1447.4,8.56,0,Yes
RT-0965,2024-12-22,South India,Bengaluru Hub,Hyderabad,32-ft Truck,800,447,55.9,146,48,3.04,6,4.78,26.14,2470.23,211.32,727.04,3408.59,7.63,56,No
RT-0966,2024-02-21,East India,Kolkata Hub,Patna,Mini Truck (14-ft),250,239,95.6,374,47,7.96,8,11.02,56.66,5354.37,480.25,1446.94,7281.56,30.47,0,Yes
RT-0967,2024-03-02,East India,Kolkata Hub,Siliguri,Tata Ace,120,76,63.3,413,42,9.83,5,11.85,77.64,7336.98,393.4,1626.31,9356.69,123.11,0,Yes
RT-0968,2024-04-16,East India,Kolkata Hub,Patna,32-ft Truck,800,764,95.5,97,36,2.69,2,3.8,12.47,1178.41,208.13,717.55,2104.09,2.75,62,No
RT-0969,2024-01-30,East India,Kolkata Hub,Ranchi,Mini Truck (14-ft),250,183,73.2,392,64,6.12,4,8.89,50.05,4729.72,370.03,1607.3,6707.05,36.65,12,Yes
RT-0970,2024-11-29,South India,Bengaluru Hub,Hyderabad,Mini Truck (14-ft),250,228,91.2,166,60,2.77,7,5.75,26.39,2493.86,226.67,1131.42,3851.95,16.89,36,No
RT-0971,2024-03-18,East India,Kolkata Hub,Jamshedpur,20-ft Truck,500,283,56.6,180,59,3.05,11,8.11,33.95,3208.28,148.27,1072.6,4429.15,15.65,8,Yes
RT-0972,2024-08-25,West India,Mumbai Hub,Pune,Tata Ace,120,95,79.2,134,36,3.72,10,7.62,18.67,1764.32,260.74,916.23,2941.29,30.96,33,No
RT-0973,2024-12-21,West India,Mumbai Hub,Nagpur,20-ft Truck,500,425,85.0,333,45,7.4,4,9.78,61.6,5821.2,387.7,1831.71,8040.61,18.92,1,Yes
RT-0974,2024-10-19,Central India,Bhopal Hub,Raipur,20-ft Truck,500,450,90.0,346,44,7.86,5,9.18,61.89,5848.61,645.46,1746.71,8240.78,18.31,26,Yes
RT-0975,2024-12-21,East India,Kolkata Hub,Jamshedpur,20-ft Truck,500,236,47.2,140,57,2.46,11,7.96,16.86,1593.27,169.56,1426.77,3189.6,13.52,0,Yes
RT-0976,2024-11-18,South India,Bengaluru Hub,Kochi,20-ft Truck,500,380,76.0,108,42,2.57,5,4.79,15.73,1486.49,236.45,894.88,2617.82,6.89,1,Yes
RT-0977,2024-12-26,Central India,Bhopal Hub,Jabalpur,20-ft Truck,500,360,72.0,251,44,5.7,9,8.39,29.1,2749.95,337.81,1608.03,4695.79,13.04,0,Yes
RT-0978,2024-08-01,West India,Mumbai Hub,Vadodara,32-ft Truck,800,795,99.4,76,46,1.65,8,6.35,9.87,932.71,157.24,1081.79,2171.74,2.73,3,Yes
RT-0979,2024-05-29,South India,Bengaluru Hub,Hyderabad,32-ft Truck,800,582,72.8,368,45,8.18,3,10.36,51.63,4879.03,525.71,1776.77,7181.51,12.34,0,Yes
RT-0980,2024-07-08,East India,Kolkata Hub,Kolkata,32-ft Truck,800,402,50.2,378,63,6.0,11,13.45,43.59,4119.26,727.53,2354.92,7201.71,17.91,0,Yes
RT-0981,2024-04-20,West India,Mumbai Hub,Surat,32-ft Truck,800,425,53.1,234,55,4.25,4,6.19,28.6,2702.7,270.59,841.16,3814.45,8.98,25,Yes
RT-0982,2024-04-11,North India,Delhi Hub,Amritsar,20-ft Truck,500,462,92.4,154,52,2.96,2,4.02,20.67,1953.32,300.86,507.43,2761.61,5.98,0,Yes
RT-0983,2024-08-20,West India,Mumbai Hub,Nagpur,Mini Truck (14-ft),250,192,76.8,303,62,4.89,6,8.99,38.14,3604.23,562.97,1703.66,5870.86,30.58,1,Yes
RT-0984,2024-08-10,Central India,Bhopal Hub,Bilaspur,Mini Truck (14-ft),250,239,95.6,259,62,4.18,4,6.18,45.9,4337.55,345.17,940.61,5623.33,23.53,0,Yes
RT-0985,2024-07-25,East India,Kolkata Hub,Siliguri,Tempo,80,68,85.0,26,58,0.45,9,6.96,4.4,415.8,47.38,1204.35,1667.53,24.52,0,Yes
RT-0986,2024-06-05,North India,Delhi Hub,Chandigarh,32-ft Truck,800,666,83.2,380,53,7.17,3,9.08,47.73,4510.48,348.85,1554.42,6413.75,9.63,2,Yes
RT-0987,2024-12-25,West India,Mumbai Hub,Surat,Mini Truck (14-ft),250,159,63.6,43,46,0.93,9,5.13,7.8,737.1,89.15,937.53,1763.78,11.09,3,Yes
RT-0988,2024-01-23,South India,Bengaluru Hub,Vizag,Mini Truck (14-ft),250,128,51.2,191,51,3.75,6,7.41,38.08,3598.56,293.61,1393.85,5286.02,41.3,46,No
RT-0989,2024-11-04,North India,Delhi Hub,Lucknow,Tata Ace,120,83,69.2,214,44,4.86,5,7.13,31.14,2942.73,436.17,1274.27,4653.17,56.06,49,No
RT-0990,2024-05-25,South India,Bengaluru Hub,Bengaluru,Tata Ace,120,107,89.2,370,52,7.12,8,9.46,44.12,4169.34,737.82,1297.27,6204.43,57.99,6,Yes
RT-0991,2024-10-19,East India,Kolkata Hub,Jamshedpur,Tata Ace,120,104,86.7,376,58,6.48,7,8.84,56.24,5314.68,667.98,1203.06,7185.72,69.09,0,Yes
RT-0992,2024-08-27,North India,Delhi Hub,Delhi,32-ft Truck,800,488,61.0,150,41,3.66,7,7.46,18.25,1724.62,140.45,1189.55,3054.62,6.26,42,No
RT-0993,2024-03-28,South India,Bengaluru Hub,Mysuru,Tata Ace,120,85,70.8,128,30,4.27,4,5.84,16.67,1575.32,275.76,722.97,2574.05,30.28,0,Yes
RT-0994,2024-05-14,Central India,Bhopal Hub,Raipur,20-ft Truck,500,293,58.6,90,53,1.7,7,3.83,16.41,1550.75,93.22,732.65,2376.62,8.11,7,Yes
RT-0995,2024-06-21,West India,Mumbai Hub,Surat,32-ft Truck,800,598,74.8,213,37,5.76,7,8.69,26.67,2520.32,449.46,1083.78,4053.56,6.78,0,Yes
RT-0996,2024-05-11,North India,Delhi Hub,Agra,20-ft Truck,500,336,67.2,217,54,4.02,7,6.22,32.62,3082.59,431.58,1195.52,4709.69,14.02,42,No
RT-0997,2024-04-26,South India,Bengaluru Hub,Vizag,Mini Truck (14-ft),250,112,44.8,383,37,10.35,5,11.63,57.9,5471.55,457.96,2132.35,8061.86,71.98,0,Yes
RT-0998,2024-01-16,West India,Mumbai Hub,Mumbai,20-ft Truck,500,454,90.8,44,36,1.22,2,2.15,5.16,487.62,86.34,352.51,926.47,2.04,7,Yes
RT-0999,2024-03-27,West India,Mumbai Hub,Pune,Mini Truck (14-ft),250,115,46.0,361,57,6.33,8,8.61,52.95,5003.78,776.75,1193.37,6973.9,60.64,4,Yes
RT-1000,2024-11-09,Central India,Bhopal Hub,Ujjain,Tempo,80,60,75.0,349,30,11.63,11,19.56,39.85,3765.83,533.93,3756.13,8055.89,134.26,16,Yes
